#,Thermostat,identifier,411952601665
#,Thermostat,name,Main Floor
#,Start,date,2025-06-27
#,End,date,2025-07-28

Date,Time,System Setting,System Mode,Calendar Event,Program Mode,Cool Set Temp (F),Heat Set Temp (F),Current Temp (F),Current Humidity (%RH),Outdoor Temp (F),Wind Speed (km/h),Cool Stage 1 (sec),Heat Stage 1 (sec),Aux Heat 1 (sec),Fan (sec),DM Offset,Thermostat Temperature (F),Thermostat Humidity (%RH),Family Room (F),Family Room2
2025-06-27,01:00:00,cool,compressorCoolOff,,Sleep,78,62,76.5,56,72.9,0,0,0,0,0,,76.6,56,76.4,0,
2025-06-27,01:05:00,cool,compressorCoolOff,,Sleep,78,62,76.5,56,72.9,0,0,0,0,0,,76.6,56,76.4,0,
2025-06-27,01:10:00,cool,compressorCoolOff,,Sleep,78,62,76.5,56,72.9,0,0,0,0,0,,76.6,56,76.4,0,
2025-06-27,01:15:00,cool,compressorCoolOff,,Sleep,78,62,76.5,56,72.9,0,0,0,0,0,,76.7,56,76.4,0,
2025-06-27,01:20:00,cool,compressorCoolOff,,Sleep,78,62,76.5,56,72.9,0,0,0,0,0,,76.7,56,76.4,0,
2025-06-27,01:25:00,cool,compressorCoolOff,,Sleep,78,62,76.6,56,72.9,0,0,0,0,0,,76.8,56,76.4,0,
2025-06-27,01:30:00,cool,compressorCoolOff,,Sleep,78,62,76.6,56,72.9,0,0,0,0,0,,76.8,56,76.4,0,
2025-06-27,01:35:00,cool,compressorCoolOff,,Sleep,78,62,76.5,56,72.9,0,0,0,0,0,,76.7,56,76.4,0,
2025-06-27,01:40:00,cool,compressorCoolOff,,Sleep,78,62,76.6,56,72.9,0,0,0,0,0,,76.8,56,76.4,0,
2025-06-27,01:45:00,cool,compressorCoolOff,,Sleep,78,62,76.6,56,72.9,0,0,0,0,0,,76.8,56,76.4,0,
2025-06-27,01:50:00,cool,compressorCoolOff,,Sleep,78,62,76.6,56,72.9,0,0,0,0,0,,76.8,56,76.4,0,
2025-06-27,01:55:00,cool,compressorCoolOff,,Sleep,78,62,76.6,57,72.9,0,0,0,0,0,,76.8,57,76.4,0,
2025-06-27,02:00:00,cool,compressorCoolOff,,Sleep,78,62,76.6,57,71.8,0,0,0,0,0,,76.8,57,76.4,0,
2025-06-27,02:05:00,cool,compressorCoolOff,,Sleep,78,62,76.6,57,71.8,0,0,0,0,0,,76.8,57,76.4,0,
2025-06-27,02:10:00,cool,compressorCoolOff,,Sleep,78,62,76.6,57,71.8,0,0,0,0,0,,76.8,57,76.4,0,
2025-06-27,02:15:00,cool,compressorCoolOff,,Sleep,78,62,76.6,57,71.8,0,0,0,0,0,,76.8,57,76.4,0,
2025-06-27,02:20:00,cool,compressorCoolOff,,Sleep,78,62,76.6,57,71.8,0,0,0,0,0,,76.9,57,76.4,0,
2025-06-27,02:25:00,cool,compressorCoolOff,,Sleep,78,62,76.6,57,71.8,0,0,0,0,0,,76.9,57,76.4,0,
2025-06-27,02:30:00,cool,compressorCoolOff,,Sleep,78,62,76.6,57,71.8,0,0,0,0,0,,76.9,57,76.4,0,
2025-06-27,02:35:00,cool,compressorCoolOff,,Sleep,78,62,76.6,57,71.8,0,0,0,0,0,,76.9,57,76.4,0,
2025-06-27,02:40:00,cool,compressorCoolOff,,Sleep,78,62,76.6,57,71.8,0,0,0,0,0,,76.9,57,76.4,0,
2025-06-27,02:45:00,cool,compressorCoolOff,,Sleep,78,62,76.6,57,71.8,0,0,0,0,0,,76.9,57,76.4,0,
2025-06-27,02:50:00,cool,compressorCoolOff,,Sleep,78,62,76.6,57,71.8,0,0,0,0,0,,76.9,57,76.4,0,
2025-06-27,02:55:00,cool,compressorCoolOff,,Sleep,78,62,76.6,57,71.8,0,0,0,0,0,,76.9,57,76.4,0,
2025-06-27,03:00:00,cool,compressorCoolOff,,Sleep,78,62,76.6,57,71.6,0,0,0,0,0,,76.9,57,76.4,0,
2025-06-27,03:05:00,cool,compressorCoolOff,,Sleep,78,62,76.6,57,71.6,0,0,0,0,0,,76.9,57,76.4,0,
2025-06-27,03:10:00,cool,compressorCoolOff,,Sleep,78,62,76.6,57,71.6,0,0,0,0,0,,76.9,57,76.4,0,
2025-06-27,03:15:00,cool,compressorCoolOff,,Sleep,78,62,76.6,57,71.6,0,0,0,0,0,,76.9,57,76.4,0,
2025-06-27,03:20:00,cool,compressorCoolOff,,Sleep,78,62,76.6,57,71.6,0,0,0,0,0,,76.9,57,76.4,0,
2025-06-27,03:25:00,cool,compressorCoolOff,,Sleep,78,62,76.6,57,71.6,0,0,0,0,0,,76.9,57,76.4,0,
2025-06-27,03:30:00,cool,compressorCoolOff,,Sleep,78,62,76.6,57,71.6,0,0,0,0,0,,76.9,57,76.4,0,
2025-06-27,03:35:00,cool,compressorCoolOff,,Sleep,78,62,76.6,57,71.6,0,0,0,0,0,,76.9,57,76.4,0,
2025-06-27,03:40:00,cool,compressorCoolOff,,Sleep,78,62,76.6,57,71.6,0,0,0,0,0,,76.9,57,76.4,0,
2025-06-27,03:45:00,cool,compressorCoolOff,,Sleep,78,62,76.6,57,71.6,0,0,0,0,0,,76.9,57,76.4,0,
2025-06-27,03:50:00,cool,compressorCoolOff,,Sleep,78,62,76.6,57,71.6,0,0,0,0,0,,76.9,57,76.4,0,
2025-06-27,03:55:00,cool,compressorCoolOff,,Sleep,78,62,76.6,57,71.6,0,0,0,0,0,,76.9,57,76.4,0,
2025-06-27,04:00:00,cool,compressorCoolOff,,Sleep,78,62,76.6,57,70.3,0,0,0,0,0,,76.9,57,76.4,0,
2025-06-27,04:05:00,cool,compressorCoolOff,,Sleep,78,62,76.5,58,70.3,0,0,0,0,0,,76.9,58,76.3,0,
2025-06-27,04:10:00,cool,compressorCoolOff,,Sleep,78,62,76.5,58,70.3,0,0,0,0,0,,76.9,58,76.2,0,
2025-06-27,04:15:00,cool,compressorCoolOff,,Sleep,78,62,76.5,58,70.3,0,0,0,0,0,,76.9,58,76.2,0,
2025-06-27,04:20:00,cool,compressorCoolOff,,Sleep,78,62,76.5,58,70.3,0,0,0,0,0,,76.9,58,76.2,0,
2025-06-27,04:25:00,cool,compressorCoolOff,,Sleep,78,62,76.5,58,70.3,0,0,0,0,0,,76.9,58,76.2,0,
2025-06-27,04:30:00,cool,compressorCoolOff,,Sleep,78,62,76.5,58,69.1,0,0,0,0,0,,76.9,58,76.2,0,
2025-06-27,04:35:00,cool,compressorCoolOff,,Sleep,78,62,76.5,58,69.1,0,0,0,0,0,,76.9,58,76.2,0,
2025-06-27,04:40:00,cool,compressorCoolOff,,Sleep,78,62,76.5,58,69.1,0,0,0,0,0,,76.9,58,76.2,0,
2025-06-27,04:45:00,cool,compressorCoolOff,,Sleep,78,62,76.5,58,69.1,0,0,0,0,0,,76.8,58,76.2,0,
2025-06-27,04:50:00,cool,compressorCoolOff,,Sleep,78,62,76.5,58,69.1,0,0,0,0,0,,76.8,58,76.2,0,
2025-06-27,04:55:00,cool,compressorCoolOff,,Sleep,78,62,76.5,58,69.1,0,0,0,0,0,,76.8,58,76.2,0,
2025-06-27,05:00:00,cool,compressorCoolOff,,Sleep,78,62,76.5,58,68.9,0,0,0,0,0,,76.9,58,76.2,0,
2025-06-27,05:05:00,cool,compressorCoolOff,,Sleep,78,62,76.5,58,68.9,0,0,0,0,0,,76.8,58,76.2,0,
2025-06-27,05:10:00,cool,compressorCoolOff,,Sleep,78,62,76.5,58,68.9,0,0,0,0,0,,76.8,58,76.2,0,
2025-06-27,05:15:00,cool,compressorCoolOff,,Sleep,78,62,76.5,58,68.9,0,0,0,0,0,,76.8,58,76.2,0,
2025-06-27,05:20:00,cool,compressorCoolOff,,Sleep,78,62,76.4,58,68.9,0,0,0,0,0,,76.8,58,76,0,
2025-06-27,05:25:00,cool,compressorCoolOff,,Sleep,78,62,76.4,58,68.9,0,0,0,0,0,,76.8,58,76,0,
2025-06-27,05:30:00,cool,compressorCoolOff,,Sleep,78,62,76.4,58,68.7,0,0,0,0,0,,76.8,58,76,0,
2025-06-27,05:35:00,cool,compressorCoolOff,,Sleep,78,62,76.4,58,68.7,0,0,0,0,0,,76.8,58,76,0,
2025-06-27,05:40:00,cool,compressorCoolOff,,Sleep,78,62,76.4,58,68.7,0,0,0,0,0,,76.8,58,76,0,
2025-06-27,05:45:00,cool,compressorCoolOff,,Sleep,78,62,76.4,58,68.7,0,0,0,0,0,,76.8,58,76,0,
2025-06-27,05:50:00,cool,compressorCoolOff,,Sleep,78,62,76.4,58,68.7,0,0,0,0,0,,76.8,58,76,0,
2025-06-27,05:55:00,cool,compressorCoolOff,,Sleep,78,62,76.3,58,68.7,0,0,0,0,0,,76.7,58,76,0,
2025-06-27,06:00:00,cool,compressorCoolOff,,Sleep,78,62,76.3,59,68.5,0,0,0,0,0,,76.7,59,76,0,
2025-06-27,06:05:00,cool,compressorCoolOff,,Sleep,78,62,76.4,58,68.5,0,0,0,0,0,,76.8,58,76,0,
2025-06-27,06:10:00,cool,compressorCoolOff,,Sleep,78,62,76.3,58,68.5,0,0,0,0,0,,76.7,58,76,0,
2025-06-27,06:15:00,cool,compressorCoolOff,,Sleep,78,62,76.3,58,68.5,0,0,0,0,0,,76.7,58,76,0,
2025-06-27,06:20:00,cool,compressorCoolOff,,Sleep,78,62,76.3,58,68.5,0,0,0,0,0,,76.7,58,76,0,
2025-06-27,06:25:00,cool,compressorCoolOff,,Sleep,78,62,76.3,58,68.5,0,0,0,0,0,,76.7,58,76,0,
2025-06-27,06:30:00,cool,compressorCoolOff,,Sleep,78,62,76.2,58,68.5,0,0,0,0,0,,76.7,58,75.9,0,
2025-06-27,06:35:00,cool,compressorCoolOff,,Sleep,78,62,76.2,58,68.5,0,0,0,0,0,,76.7,58,75.8,0,
2025-06-27,06:40:00,cool,compressorCoolOff,,Sleep,78,62,76.2,59,68.5,0,0,0,0,0,,76.7,59,75.8,0,
2025-06-27,06:45:00,cool,compressorCoolOff,,Sleep,78,62,76.2,59,68.5,0,0,0,0,0,,76.7,59,75.8,0,
2025-06-27,06:50:00,cool,compressorCoolOff,,Sleep,78,62,76.2,59,68.5,0,0,0,0,0,,76.7,59,75.8,0,
2025-06-27,06:55:00,cool,compressorCoolOff,,Sleep,78,62,76.3,59,68.5,0,0,0,0,0,,76.7,59,76,0,
2025-06-27,07:00:00,cool,compressorCoolOff,,Sleep,78,62,76.3,58,68.6,0,0,0,0,0,,76.7,58,76,0,
2025-06-27,07:05:00,cool,compressorCoolOff,,Sleep,78,62,76.3,57,68.6,0,0,0,0,0,,76.6,57,76,0,
2025-06-27,07:10:00,cool,compressorCoolOff,,Sleep,78,62,76.1,57,68.6,0,0,0,0,0,,76.5,57,75.8,0,
2025-06-27,07:15:00,cool,compressorCoolOff,,Sleep,78,62,76.1,58,68.6,0,0,0,0,0,,76.5,58,75.8,0,
2025-06-27,07:20:00,cool,compressorCoolOff,,Sleep,78,62,76.2,58,68.6,0,0,0,0,0,,76.6,58,75.8,0,
2025-06-27,07:25:00,cool,compressorCoolOff,,Sleep,78,62,76.2,58,68.6,0,0,0,0,0,,76.6,58,75.8,0,
2025-06-27,07:30:00,cool,compressorCoolOff,,Sleep,78,62,76.2,59,68.6,0,0,0,0,0,,76.6,59,75.8,0,
2025-06-27,07:35:00,cool,compressorCoolOff,,Sleep,78,62,76.2,58,68.6,0,0,0,0,0,,76.6,58,75.8,0,
2025-06-27,07:40:00,cool,compressorCoolOff,,Sleep,78,62,76.1,58,68.6,0,0,0,0,0,,76.5,58,75.8,0,
2025-06-27,07:45:00,cool,compressorCoolOff,,Sleep,78,62,76.2,58,68.6,0,0,0,0,0,,76.6,58,75.8,0,
2025-06-27,07:50:00,cool,compressorCoolOff,,Sleep,78,62,76.2,58,68.6,0,0,0,0,0,,76.6,58,75.8,0,
2025-06-27,07:55:00,cool,compressorCoolOff,,Sleep,77.2,65.2,76.2,58,68.6,0,0,0,0,0,,76.6,58,75.8,0,
2025-06-27,08:00:00,cool,compressorCoolOff,,Home,76,70,76.2,58,69.3,0,0,0,0,0,,76.6,58,75.9,0,
2025-06-27,08:05:00,cool,compressorCoolOff,,Home,76,70,76.3,58,69.3,0,0,0,0,0,,76.6,58,76,0,
2025-06-27,08:10:00,cool,compressorCoolOff,,Home,76,70,76.2,58,69.3,0,0,0,0,0,,76.5,58,76,0,
2025-06-27,08:15:00,cool,compressorCoolOff,,Home,76,70,76.3,59,69.3,0,0,0,0,0,,76.6,59,76,0,
2025-06-27,08:20:00,cool,compressorCoolOff,,Home,76,70,76.3,59,69.3,0,0,0,0,0,,76.6,59,76,0,
2025-06-27,08:25:00,cool,compressorCoolOff,,Home,76,70,76.3,59,69.3,0,0,0,0,0,,76.6,59,76,0,
2025-06-27,08:30:00,cool,compressorCoolOff,,Home,76,70,76.3,59,69.2,0,0,0,0,0,,76.6,59,76,0,
2025-06-27,08:35:00,cool,compressorCoolOff,,Home,76,70,76.3,58,69.2,0,0,0,0,0,,76.6,58,76,0,
2025-06-27,08:40:00,cool,compressorCoolOff,,Home,76,70,76.2,59,69.2,0,0,0,0,0,,76.5,59,76,0,
2025-06-27,08:45:00,cool,compressorCoolOff,,Home,76,70,76.3,60,69.2,0,0,0,0,0,,76.6,60,76,0,
2025-06-27,08:50:00,cool,compressorCoolOff,,Home,76,70,76.3,60,69.2,0,0,0,0,0,,76.6,60,76,0,
2025-06-27,08:55:00,cool,compressorCoolOff,,Home,76,70,76.3,60,69.2,0,0,0,0,0,,76.6,60,76,0,
2025-06-27,09:00:00,cool,compressorCoolOff,,Home,76,70,76.3,60,69.8,0,0,0,0,0,,76.6,60,76,0,
2025-06-27,09:05:00,cool,compressorCoolOff,,Home,76,70,76.3,59,69.8,0,0,0,0,0,,76.6,59,76,0,
2025-06-27,09:10:00,cool,compressorCoolOff,,Home,76,70,76.3,58,69.8,0,0,0,0,0,,76.6,58,76,0,
2025-06-27,09:15:00,cool,compressorCoolOff,,Home,76,70,76.3,58,69.8,0,0,0,0,0,,76.6,58,76,0,
2025-06-27,09:20:00,cool,compressorCoolOff,,Home,76,70,76.3,58,69.8,0,0,0,0,0,,76.6,58,76,0,
2025-06-27,09:25:00,cool,compressorCoolOff,,Home,76,70,76.3,58,69.8,0,0,0,0,0,,76.6,58,76,0,
2025-06-27,09:30:00,cool,compressorCoolOff,,Home,76,70,76.3,59,70.6,0,0,0,0,0,,76.6,59,76,0,
2025-06-27,09:35:00,cool,compressorCoolOff,,Home,76,70,76.3,59,70.6,0,0,0,0,0,,76.6,59,76,0,
2025-06-27,09:40:00,cool,compressorCoolOff,,Home,76,70,76.3,59,70.6,0,0,0,0,0,,76.6,59,76,0,
2025-06-27,09:45:00,cool,compressorCoolOff,,Home,76,70,76.3,59,70.6,0,0,0,0,0,,76.6,59,76,0,
2025-06-27,09:50:00,cool,compressorCoolOff,,Home,76,70,76.3,58,70.6,0,0,0,0,0,,76.6,58,76,0,
2025-06-27,09:55:00,cool,compressorCoolOff,,Home,76,70,76.3,58,70.6,0,0,0,0,0,,76.6,58,76,0,
2025-06-27,10:00:00,cool,compressorCoolOff,,Home,76,70,76.3,58,71.2,0,0,0,0,0,,76.6,58,76,0,
2025-06-27,10:05:00,cool,compressorCoolOff,,Home,76,70,76.3,58,71.2,0,0,0,0,0,,76.6,58,76,0,
2025-06-27,10:10:00,cool,compressorCoolOff,,Home,76,70,76.3,58,71.2,0,0,0,0,0,,76.6,58,76,0,
2025-06-27,10:15:00,cool,compressorCoolOff,,Home,76,70,76.3,58,71.2,0,0,0,0,0,,76.6,58,76,0,
2025-06-27,10:20:00,cool,compressorCoolOff,,Home,76,70,76.3,59,71.2,0,0,0,0,0,,76.6,59,76,0,
2025-06-27,10:25:00,cool,compressorCoolOff,,Home,76,70,76.3,59,71.2,0,0,0,0,0,,76.6,59,76,0,
2025-06-27,10:30:00,cool,compressorCoolOff,,Home,76,70,76.3,59,71.2,0,0,0,0,0,,76.6,59,76,0,
2025-06-27,10:35:00,cool,compressorCoolOff,,Home,76,70,76.3,59,71.2,0,0,0,0,0,,76.6,59,76,0,
2025-06-27,10:40:00,cool,compressorCoolOff,,Home,76,70,76.3,59,71.2,0,0,0,0,0,,76.7,59,76,0,
2025-06-27,10:45:00,cool,compressorCoolOff,,Home,76,70,76.3,58,71.2,0,0,0,0,0,,76.7,58,76,0,
2025-06-27,10:50:00,cool,compressorCoolOff,,Home,76,70,76.4,58,71.2,0,0,0,0,0,,76.8,58,76,0,
2025-06-27,10:55:00,cool,compressorCoolOff,,Home,76,70,76.4,58,71.2,0,0,0,0,0,,76.8,58,76,0,
2025-06-27,11:00:00,cool,compressorCoolOff,,Home,76,70,76.3,59,72.6,0,0,0,0,0,,76.7,59,76,0,
2025-06-27,11:05:00,cool,compressorCoolOff,,Home,76,70,76.3,59,72.6,0,0,0,0,0,,76.6,59,76,0,
2025-06-27,11:10:00,cool,compressorCoolOff,,Home,76,70,76.3,59,72.6,0,0,0,0,0,,76.6,59,76,0,
2025-06-27,11:15:00,cool,compressorCoolOff,,Home,76,70,76.3,59,72.6,0,0,0,0,0,,76.6,59,76,0,
2025-06-27,11:20:00,cool,compressorCoolOff,,Home,76,70,76.4,59,72.6,0,120,0,0,120,,76.7,59,76.2,0,
2025-06-27,11:25:00,cool,compressorCoolStage1On,,Home,76,70,76.5,58,72.6,0,300,0,0,300,,76.8,58,76.2,0,
2025-06-27,11:30:00,cool,compressorCoolStage1On,,Home,76,70,76.2,56,72.6,0,300,0,0,300,,76.7,56,75.9,0,
2025-06-27,11:35:00,cool,compressorCoolStage1On,,Home,76,70,75.9,54,72.6,0,105,0,0,150,,76.4,54,75.5,0,
2025-06-27,11:40:00,cool,compressorCoolOff,,Home,76,70,75.7,54,72.6,0,0,0,0,0,,76.2,54,75.3,0,
2025-06-27,11:45:00,cool,compressorCoolOff,,Home,76,70,75.7,55,72.6,0,0,0,0,0,,76.2,55,75.3,0,
2025-06-27,11:50:00,cool,compressorCoolOff,,Home,76,70,76,55,72.6,0,0,0,0,0,,76.4,55,75.6,0,
2025-06-27,11:55:00,cool,compressorCoolOff,,Home,76,70,76,55,72.6,0,0,0,0,0,,76.5,55,75.6,0,
2025-06-27,12:00:00,cool,compressorCoolOff,,Home,76,70,76.1,56,73.5,0,0,0,0,0,,76.5,56,75.8,0,
2025-06-27,12:05:00,cool,compressorCoolOff,,Home,76,70,76.2,56,73.5,0,0,0,0,0,,76.6,56,75.8,0,
2025-06-27,12:10:00,cool,compressorCoolOff,,Home,76,70,76.2,56,73.5,0,0,0,0,0,,76.6,56,75.8,0,
2025-06-27,12:15:00,cool,compressorCoolOff,,Home,76,70,76.2,57,73.5,0,0,0,0,0,,76.7,57,75.8,0,
2025-06-27,12:20:00,cool,compressorCoolOff,,Home,76,70,76.2,57,73.5,0,0,0,0,0,,76.7,57,75.8,0,
2025-06-27,12:25:00,cool,compressorCoolOff,,Home,76,70,76.2,57,73.5,0,0,0,0,0,,76.7,57,75.9,0,
2025-06-27,12:30:00,cool,compressorCoolOff,,Home,76,70,76.3,58,73.4,0,0,0,0,0,,76.7,58,76,0,
2025-06-27,12:35:00,cool,compressorCoolOff,,Home,76,70,76.3,59,73.4,0,0,0,0,0,,76.7,59,76,0,
2025-06-27,12:40:00,cool,compressorCoolOff,,Home,76,70,76.4,59,73.4,0,0,0,0,0,,76.8,59,76,0,
2025-06-27,12:45:00,cool,compressorCoolOff,,Home,76,70,76.4,59,73.4,0,0,0,0,0,,76.8,59,76,0,
2025-06-27,12:50:00,cool,compressorCoolOff,,Home,76,70,76.4,60,73.4,0,0,0,0,0,,76.8,60,76,0,
2025-06-27,12:55:00,cool,compressorCoolOff,,Home,76,70,76.4,59,73.4,0,0,0,0,0,,76.9,59,76,0,
2025-06-27,13:00:00,cool,compressorCoolStage1On,,Home,76,70,76.5,58,73.9,0,300,0,0,300,,76.9,58,76.2,0,
2025-06-27,13:05:00,cool,compressorCoolStage1On,,Home,76,70,76.3,56,73.9,0,300,0,0,300,,76.8,56,75.8,0,
2025-06-27,13:10:00,cool,compressorCoolStage1On,,Home,76,70,75.9,54,73.9,0,90,0,0,135,,76.5,54,75.3,0,
2025-06-27,13:15:00,cool,compressorCoolOff,,Home,76,70,75.6,54,73.9,0,0,0,0,0,,76.3,54,75,0,
2025-06-27,13:20:00,cool,compressorCoolOff,,Home,76,70,75.6,55,73.9,0,0,0,0,0,,76.3,55,74.9,0,
2025-06-27,13:25:00,cool,compressorCoolOff,,Home,76,70,75.7,55,73.9,0,0,0,0,0,,76.4,55,75.1,0,
2025-06-27,13:30:00,cool,compressorCoolOff,,Home,76,70,75.8,56,73.9,0,0,0,0,0,,76.5,56,75.2,0,
2025-06-27,13:35:00,cool,compressorCoolOff,,Home,76,70,76,56,73.9,0,0,0,0,0,,76.6,56,75.4,0,
2025-06-27,13:40:00,cool,compressorCoolOff,,Home,76,70,76.1,56,73.9,0,0,0,0,0,,76.6,56,75.6,0,
2025-06-27,13:45:00,cool,compressorCoolOff,,Home,76,70,76.1,56,73.9,0,0,0,0,0,,76.6,56,75.6,0,
2025-06-27,13:50:00,cool,compressorCoolOff,,Home,76,70,76.1,56,73.9,0,0,0,0,0,,76.7,56,75.6,0,
2025-06-27,13:55:00,cool,compressorCoolOff,,Home,76,70,76.1,57,73.9,0,0,0,0,0,,76.7,57,75.6,0,
2025-06-27,14:00:00,cool,compressorCoolOff,,Home,76,70,76.1,57,74.5,0,0,0,0,0,,76.7,57,75.7,0,
2025-06-27,14:05:00,cool,compressorCoolOff,,Home,76,70,76.2,57,74.5,0,0,0,0,0,,76.7,57,75.8,0,
2025-06-27,14:10:00,cool,compressorCoolOff,,Home,76,70,76.3,57,74.5,0,0,0,0,0,,76.8,57,75.8,0,
2025-06-27,14:15:00,cool,compressorCoolOff,,Home,76,70,76.3,57,74.5,0,0,0,0,0,,76.8,57,75.8,0,
2025-06-27,14:20:00,cool,compressorCoolOff,,Home,76,70,76.3,57,74.5,0,0,0,0,0,,76.8,57,75.8,0,
2025-06-27,14:25:00,cool,compressorCoolOff,,Home,76,70,76.3,57,74.5,0,0,0,0,0,,76.8,57,75.8,0,
2025-06-27,14:30:00,cool,compressorCoolOff,,Home,76,70,76.3,57,74.5,0,0,0,0,0,,76.8,57,75.8,0,
2025-06-27,14:35:00,cool,compressorCoolOff,,Home,76,70,76.3,58,74.5,0,0,0,0,0,,76.8,58,75.8,0,
2025-06-27,14:40:00,cool,compressorCoolOff,,Home,76,70,76.3,58,74.5,0,0,0,0,0,,76.9,58,75.9,0,
2025-06-27,14:45:00,cool,compressorCoolOff,,Home,76,70,76.4,58,74.5,0,0,0,0,0,,76.9,58,76,0,
2025-06-27,14:50:00,cool,compressorCoolOff,,Home,76,70,76.4,58,74.5,0,0,0,0,0,,76.9,58,76,0,
2025-06-27,14:55:00,cool,compressorCoolOff,,Home,76,70,76.4,58,74.5,0,0,0,0,0,,76.9,58,76,0,
2025-06-27,15:00:00,cool,compressorCoolOff,,Home,76,70,76.4,58,74.7,0,135,0,0,135,,76.9,58,76,0,
2025-06-27,15:05:00,cool,compressorCoolStage1On,,Home,76,70,76.4,57,74.7,0,300,0,0,300,,76.9,57,76,0,
2025-06-27,15:10:00,cool,compressorCoolStage1On,,Home,76,70,76.2,55,74.7,0,225,0,0,270,,76.7,55,75.8,0,
2025-06-27,15:15:00,cool,compressorCoolOff,,Home,76,70,75.7,54,74.7,0,0,0,0,0,,76.4,54,75.1,0,
2025-06-27,15:20:00,cool,compressorCoolOff,,Home,76,70,75.6,55,74.7,0,0,0,0,0,,76.4,55,74.9,0,
2025-06-27,15:25:00,cool,compressorCoolOff,,Home,76,70,75.7,55,74.7,0,0,0,0,0,,76.6,55,74.9,0,
2025-06-27,15:30:00,cool,compressorCoolOff,,Home,76,70,75.8,56,74.7,0,0,0,0,0,,76.6,56,75.1,0,
2025-06-27,15:35:00,cool,compressorCoolOff,,Home,76,70,75.9,56,74.7,0,0,0,0,0,,76.6,56,75.2,0,
2025-06-27,15:40:00,cool,compressorCoolOff,,Home,76,70,76,56,74.7,0,0,0,0,0,,76.7,56,75.3,0,
2025-06-27,15:45:00,cool,compressorCoolOff,,Home,76,70,76.1,56,74.7,0,0,0,0,0,,76.8,56,75.4,0,
2025-06-27,15:50:00,cool,compressorCoolOff,,Home,76,70,76.1,57,74.7,0,0,0,0,0,,76.8,57,75.5,0,
2025-06-27,15:55:00,cool,compressorCoolOff,,Home,76,70,76.2,57,74.7,0,0,0,0,0,,76.9,57,75.6,0,
2025-06-27,16:00:00,cool,compressorCoolOff,,Home,76,70,76.2,57,74.7,0,0,0,0,0,,76.9,57,75.6,0,
2025-06-27,16:05:00,cool,compressorCoolOff,,Home,76,70,76.2,57,74.7,0,0,0,0,0,,76.9,57,75.6,0,
2025-06-27,16:10:00,cool,compressorCoolOff,,Home,76,70,76.2,57,74.7,0,0,0,0,0,,76.9,57,75.6,0,
2025-06-27,16:15:00,cool,compressorCoolOff,,Home,76,70,76.3,57,74.7,0,0,0,0,0,,77,57,75.6,0,
2025-06-27,16:20:00,cool,compressorCoolOff,,Home,76,70,76.4,57,74.7,0,0,0,0,0,,77,57,75.8,0,
2025-06-27,16:25:00,cool,compressorCoolOff,,Home,76,70,76.4,57,74.7,0,270,0,0,270,,77.1,57,75.9,0,
2025-06-27,16:30:00,cool,compressorCoolStage1On,,Home,76,70,76.3,55,74.7,0,300,0,0,300,,76.9,55,75.8,0,
2025-06-27,16:35:00,cool,compressorCoolStage1On,,Home,76,70,75.9,53,74.7,0,90,0,0,135,,76.6,53,75.3,0,
2025-06-27,16:40:00,cool,compressorCoolOff,,Home,76,70,75.7,53,74.7,0,0,0,0,0,,76.5,53,74.9,0,
2025-06-27,16:45:00,cool,compressorCoolOff,,Home,76,70,75.7,55,74.7,0,0,0,0,0,,76.5,55,74.9,0,
2025-06-27,16:50:00,cool,compressorCoolOff,,Home,76,70,75.7,55,74.7,0,0,0,0,0,,76.6,55,74.9,0,
2025-06-27,16:55:00,cool,compressorCoolOff,,Home,76,70,75.8,55,74.7,0,0,0,0,0,,76.6,55,75.1,0,
2025-06-27,17:00:00,cool,compressorCoolOff,,Home,76,70,75.9,55,75.4,0,0,0,0,0,,76.7,55,75.2,0,
2025-06-27,17:05:00,cool,compressorCoolOff,,Home,76,70,75.9,56,75.4,0,0,0,0,0,,76.7,56,75.2,0,
2025-06-27,17:10:00,cool,compressorCoolOff,,Home,76,70,76,56,75.4,0,0,0,0,0,,76.8,56,75.2,0,
2025-06-27,17:15:00,cool,compressorCoolOff,,Home,76,70,76,56,75.4,0,0,0,0,0,,76.8,56,75.3,0,
2025-06-27,17:20:00,cool,compressorCoolOff,,Home,76,70,76.1,56,75.4,0,0,0,0,0,,76.8,56,75.4,0,
2025-06-27,17:25:00,cool,compressorCoolOff,,Home,76,70,76.1,56,75.4,0,0,0,0,0,,76.9,56,75.5,0,
2025-06-27,17:30:00,cool,compressorCoolOff,,Home,76,70,76.2,56,75.4,0,0,0,0,0,,76.9,56,75.6,0,
2025-06-27,17:35:00,cool,compressorCoolOff,,Home,76,70,76.2,57,75.4,0,0,0,0,0,,76.9,57,75.6,0,
2025-06-27,17:40:00,cool,compressorCoolOff,,Home,76,70,76.2,57,75.4,0,0,0,0,0,,76.9,57,75.6,0,
2025-06-27,17:45:00,cool,compressorCoolOff,,Home,76,70,76.3,57,75.4,0,0,0,0,0,,76.9,57,75.8,0,
2025-06-27,17:50:00,cool,compressorCoolOff,,Home,76,70,76.3,57,75.4,0,0,0,0,0,,76.9,57,75.8,0,
2025-06-27,17:55:00,cool,compressorCoolOff,,Home,76,70,76.3,57,75.4,0,0,0,0,0,,76.9,57,75.8,0,
2025-06-27,18:00:00,cool,compressorCoolOff,,Home,76,70,76.3,57,75.2,0,0,0,0,0,,76.9,57,75.8,0,
2025-06-27,18:05:00,cool,compressorCoolOff,,Home,76,70,76.4,57,75.2,0,0,0,0,0,,77,57,75.8,0,
2025-06-27,18:10:00,cool,compressorCoolOff,,Home,76,70,76.3,57,75.2,0,0,0,0,0,,76.9,57,75.8,0,
2025-06-27,18:15:00,cool,compressorCoolOff,,Home,76,70,76.3,57,75.2,0,0,0,0,0,,76.9,57,75.8,0,
2025-06-27,18:20:00,cool,compressorCoolOff,,Home,76,70,76.3,57,75.2,0,0,0,0,0,,76.9,57,75.8,0,
2025-06-27,18:25:00,cool,compressorCoolOff,,Home,76,70,76.3,57,75.2,0,0,0,0,0,,76.9,57,75.8,0,
2025-06-27,18:30:00,cool,compressorCoolOff,,Home,76,70,76.4,57,75.3,0,0,0,0,0,,76.9,57,76,0,
2025-06-27,18:35:00,cool,compressorCoolOff,,Home,76,70,76.4,57,75.3,0,0,0,0,0,,76.9,57,76,0,
2025-06-27,18:40:00,cool,compressorCoolOff,,Home,76,70,76.4,57,75.3,0,0,0,0,0,,76.9,57,76,0,
2025-06-27,18:45:00,cool,compressorCoolOff,,Home,76,70,76.4,57,75.3,0,0,0,0,0,,76.9,57,76,0,
2025-06-27,18:50:00,cool,compressorCoolOff,,Home,76,70,76.4,57,75.3,0,0,0,0,0,,76.8,57,76,0,
2025-06-27,18:55:00,cool,compressorCoolOff,,Home,76,70,76.3,56,75.3,0,0,0,0,0,,76.7,56,76,0,
2025-06-27,19:00:00,cool,compressorCoolOff,,Home,76,70,76.3,56,75.3,0,0,0,0,0,,76.7,56,76,0,
2025-06-27,19:05:00,cool,compressorCoolOff,,Home,76,70,76.3,57,75.3,0,0,0,0,0,,76.7,57,76,0,
2025-06-27,19:10:00,cool,compressorCoolOff,,Home,76,70,76.4,57,75.3,0,0,0,0,0,,76.8,57,76,0,
2025-06-27,19:15:00,cool,compressorCoolOff,,Home,76,70,76.4,57,75.3,0,0,0,0,0,,76.8,57,76,0,
2025-06-27,19:20:00,cool,compressorCoolOff,,Home,76,70,76.4,57,75.3,0,150,0,0,150,,76.8,57,76.1,0,
2025-06-27,19:25:00,cool,compressorCoolStage1On,,Home,76,70,76.4,56,75.3,0,300,0,0,300,,76.8,56,76.2,0,
2025-06-27,19:30:00,cool,compressorCoolStage1On,,Home,76,70,76.2,55,75.3,0,225,0,0,270,,76.6,55,76,0,
2025-06-27,19:35:00,cool,compressorCoolOff,,Home,76,70,75.9,54,75.3,0,0,0,0,0,,76.4,54,75.5,0,
2025-06-27,19:40:00,cool,compressorCoolOff,,Home,76,70,75.8,55,75.3,0,0,0,0,0,,76.4,55,75.2,0,
2025-06-27,19:45:00,cool,compressorCoolOff,,Home,76,70,75.9,56,75.3,0,0,0,0,0,,76.4,56,75.4,0,
2025-06-27,19:50:00,cool,compressorCoolOff,,Home,76,70,76,56,75.3,0,0,0,0,0,,76.5,56,75.6,0,
2025-06-27,19:55:00,cool,compressorCoolOff,,Home,76,70,76.1,56,75.3,0,0,0,0,0,,76.6,56,75.7,0,
2025-06-27,20:00:00,cool,compressorCoolOff,,Home,76,70,76.2,57,73.2,0,0,0,0,0,,76.6,57,75.9,0,
2025-06-27,20:05:00,cool,compressorCoolOff,,Home,76,70,76.3,57,73.2,0,0,0,0,0,,76.6,57,76.1,0,
2025-06-27,20:10:00,cool,compressorCoolOff,,Home,76,70,76.4,57,73.2,0,0,0,0,0,,76.7,57,76.2,0,
2025-06-27,20:15:00,cool,compressorCoolOff,,Home,76,70,76.4,58,73.2,0,0,0,0,0,,76.7,58,76.2,0,
2025-06-27,20:20:00,cool,compressorCoolStage1On,,Home,76,70,76.5,58,73.2,0,300,0,0,300,,76.8,58,76.2,0,
2025-06-27,20:25:00,cool,compressorCoolStage1On,,Home,76,70,76.3,56,73.2,0,285,0,0,300,,76.6,56,76,0,
2025-06-27,20:30:00,cool,compressorCoolOff,,Home,76,70,75.9,54,73.2,0,0,0,0,30,,76.4,54,75.5,0,
2025-06-27,20:35:00,cool,compressorCoolOff,,Home,76,70,75.8,55,73.2,0,0,0,0,0,,76.4,55,75.2,0,
2025-06-27,20:40:00,cool,compressorCoolOff,,Home,76,70,75.8,56,73.2,0,0,0,0,0,,76.4,56,75.2,0,
2025-06-27,20:45:00,cool,compressorCoolOff,,Home,76,70,75.8,56,73.2,0,0,0,0,0,,76.4,56,75.2,0,
2025-06-27,20:50:00,cool,compressorCoolOff,,Home,76,70,75.8,56,73.2,0,0,0,0,0,,76.5,56,75.3,0,
2025-06-27,20:55:00,cool,compressorCoolOff,,Home,76,70,75.9,56,73.2,0,0,0,0,0,,76.5,56,75.5,0,
2025-06-27,21:00:00,cool,compressorCoolOff,,Home,76,70,76.1,57,72.5,0,0,0,0,0,,76.6,57,75.6,0,
2025-06-27,21:05:00,cool,compressorCoolOff,,Home,76,70,76.1,57,72.5,0,0,0,0,0,,76.6,57,75.6,0,
2025-06-27,21:10:00,cool,compressorCoolOff,,Home,76,70,76.1,57,72.5,0,0,0,0,0,,76.7,57,75.6,0,
2025-06-27,21:15:00,cool,compressorCoolOff,,Home,76,70,76.1,57,72.5,0,0,0,0,0,,76.7,57,75.6,0,
2025-06-27,21:20:00,cool,compressorCoolOff,,Home,76,70,76.2,57,72.5,0,0,0,0,0,,76.7,57,75.8,0,
2025-06-27,21:25:00,cool,compressorCoolOff,,Home,76,70,76.2,57,72.5,0,0,0,0,0,,76.7,57,75.8,0,
2025-06-27,21:30:00,cool,compressorCoolOff,,Home,76,70,76.2,57,72.5,0,0,0,0,0,,76.7,57,75.8,0,
2025-06-27,21:35:00,cool,compressorCoolOff,,Home,76,70,76.2,57,72.5,0,0,0,0,0,,76.7,57,75.8,0,
2025-06-27,21:40:00,cool,compressorCoolOff,,Home,76,70,76.2,58,72.5,0,0,0,0,0,,76.7,58,75.9,0,
2025-06-27,21:45:00,cool,compressorCoolOff,,Home,76,70,76.3,58,72.5,0,0,0,0,0,,76.7,58,76,0,
2025-06-27,21:50:00,cool,compressorCoolOff,,Home,76,70,76.3,58,72.5,0,0,0,0,0,,76.7,58,76.1,0,
2025-06-27,21:55:00,cool,compressorCoolOff,,Home,76,70,76.4,58,72.5,0,105,0,0,105,,76.7,58,76.2,0,
2025-06-27,22:00:00,cool,compressorCoolStage1On,,Home,76,70,76.4,57,72.1,0,300,0,0,300,,76.7,57,76.2,0,
2025-06-27,22:05:00,cool,compressorCoolStage1On,,Home,76,70,76.2,55,72.1,0,300,0,0,300,,76.5,55,76,0,
2025-06-27,22:10:00,cool,compressorCoolStage1On,,Home,76,70,75.9,53,72.1,0,45,0,0,90,,76.2,53,75.6,0,
2025-06-27,22:15:00,cool,compressorCoolOff,,Home,76,70,75.6,54,72.1,0,0,0,0,0,,76.1,54,75.2,0,
2025-06-27,22:20:00,cool,compressorCoolOff,,Home,76,70,75.6,55,72.1,0,0,0,0,0,,76.1,55,75.2,0,
2025-06-27,22:25:00,cool,compressorCoolOff,,Home,76,70,75.8,55,72.1,0,0,0,0,0,,76.2,55,75.4,0,
2025-06-27,22:30:00,cool,compressorCoolOff,,Home,76,70,75.9,55,72.1,0,0,0,0,0,,76.3,55,75.6,0,
2025-06-27,22:35:00,cool,compressorCoolOff,,Home,76,70,75.9,56,72.1,0,0,0,0,0,,76.3,56,75.6,0,
2025-06-27,22:40:00,cool,compressorCoolOff,,Home,76,70,76,56,72.1,0,0,0,0,0,,76.4,56,75.6,0,
2025-06-27,22:45:00,cool,compressorCoolOff,,Home,76,70,76,56,72.1,0,0,0,0,0,,76.4,56,75.6,0,
2025-06-27,22:50:00,cool,compressorCoolOff,,Home,76,70,76,56,72.1,0,0,0,0,0,,76.4,56,75.6,0,
2025-06-27,22:55:00,cool,compressorCoolOff,,Home,76,70,76,57,72.1,0,0,0,0,0,,76.4,57,75.6,0,
2025-06-27,23:00:00,cool,compressorCoolOff,,Home,76,70,76,57,71.2,0,0,0,0,0,,76.4,57,75.6,0,
2025-06-27,23:05:00,cool,compressorCoolOff,,Home,76,70,76,57,71.2,0,0,0,0,0,,76.4,57,75.6,0,
2025-06-27,23:10:00,cool,compressorCoolOff,,Home,76,70,76,57,71.2,0,0,0,0,0,,76.4,57,75.6,0,
2025-06-27,23:15:00,cool,compressorCoolOff,,Home,76,70,76,57,71.2,0,0,0,0,0,,76.5,57,75.6,0,
2025-06-27,23:20:00,cool,compressorCoolOff,,Home,76,70,76,57,71.2,0,0,0,0,0,,76.5,57,75.6,0,
2025-06-27,23:25:00,cool,compressorCoolOff,,Home,76,70,76,57,71.2,0,0,0,0,0,,76.5,57,75.6,0,
2025-06-27,23:30:00,cool,compressorCoolOff,,Home,76,70,76,57,71.2,0,0,0,0,0,,76.5,57,75.6,0,
2025-06-27,23:35:00,cool,compressorCoolOff,,Home,76,70,76.1,57,71.2,0,0,0,0,0,,76.6,57,75.6,0,
2025-06-27,23:40:00,cool,compressorCoolOff,,Home,76,70,76.1,58,71.2,0,0,0,0,0,,76.6,58,75.7,0,
2025-06-27,23:45:00,cool,compressorCoolOff,,Home,76,70,76.2,58,71.2,0,0,0,0,0,,76.6,58,75.8,0,
2025-06-27,23:50:00,cool,compressorCoolOff,,Home,76,70,76.2,58,71.2,0,0,0,0,0,,76.6,58,75.8,0,
2025-06-27,23:55:00,cool,compressorCoolOff,,Home,76.6,67.6,76.2,58,71.2,0,0,0,0,0,,76.6,58,75.8,0,
2025-06-28,00:00:00,cool,compressorCoolOff,,Sleep,78,62,76.2,58,70.9,0,0,0,0,0,,76.7,58,75.8,0,
2025-06-28,00:05:00,cool,compressorCoolOff,,Sleep,78,62,76.2,58,70.9,0,0,0,0,0,,76.7,58,75.8,0,
2025-06-28,00:10:00,cool,compressorCoolOff,,Sleep,78,62,76.2,58,70.9,0,0,0,0,0,,76.6,58,75.8,0,
2025-06-28,00:15:00,cool,compressorCoolOff,,Sleep,78,62,76.2,58,70.9,0,0,0,0,0,,76.6,58,75.8,0,
2025-06-28,00:20:00,cool,compressorCoolOff,,Sleep,78,62,76.2,58,70.9,0,0,0,0,0,,76.7,58,75.8,0,
2025-06-28,00:25:00,cool,compressorCoolOff,,Sleep,78,62,76.2,58,70.9,0,0,0,0,0,,76.7,58,75.8,0,
2025-06-28,00:30:00,cool,compressorCoolOff,,Sleep,78,62,76.1,58,70.9,0,0,0,0,0,,76.7,58,75.6,0,
2025-06-28,00:35:00,cool,compressorCoolOff,,Sleep,78,62,76.1,58,70.9,0,0,0,0,0,,76.6,58,75.6,0,
2025-06-28,00:40:00,cool,compressorCoolOff,,Sleep,78,62,76.1,58,70.9,0,0,0,0,0,,76.6,58,75.6,0,
2025-06-28,00:45:00,cool,compressorCoolOff,,Sleep,78,62,76.1,58,70.9,0,0,0,0,0,,76.6,58,75.6,0,
2025-06-28,00:50:00,cool,compressorCoolOff,,Sleep,78,62,76.1,58,70.9,0,0,0,0,0,,76.6,58,75.6,0,
2025-06-28,00:55:00,cool,compressorCoolOff,,Sleep,78,62,76.1,58,70.9,0,0,0,0,0,,76.6,58,75.6,0,
2025-06-28,01:00:00,cool,compressorCoolOff,,Sleep,78,62,76,58,70.6,0,0,0,0,0,,76.5,58,75.6,0,
2025-06-28,01:05:00,cool,compressorCoolOff,,Sleep,78,62,76,58,70.6,0,0,0,0,0,,76.5,58,75.6,0,
2025-06-28,01:10:00,cool,compressorCoolOff,,Sleep,78,62,76,58,70.6,0,0,0,0,0,,76.5,58,75.6,0,
2025-06-28,01:15:00,cool,compressorCoolOff,,Sleep,78,62,76,58,70.6,0,0,0,0,0,,76.5,58,75.6,0,
2025-06-28,01:20:00,cool,compressorCoolOff,,Sleep,78,62,76,58,70.6,0,0,0,0,0,,76.5,58,75.6,0,
2025-06-28,01:25:00,cool,compressorCoolOff,,Sleep,78,62,76,58,70.6,0,0,0,0,0,,76.5,58,75.6,0,
2025-06-28,01:30:00,cool,compressorCoolOff,,Sleep,78,62,75.9,58,70.6,0,0,0,0,0,,76.5,58,75.5,0,
2025-06-28,01:35:00,cool,compressorCoolOff,,Sleep,78,62,75.9,58,70.6,0,0,0,0,0,,76.5,58,75.4,0,
2025-06-28,01:40:00,cool,compressorCoolOff,,Sleep,78,62,75.9,58,70.6,0,0,0,0,0,,76.5,58,75.4,0,
2025-06-28,01:45:00,cool,compressorCoolOff,,Sleep,78,62,75.9,58,70.6,0,0,0,0,0,,76.5,58,75.4,0,
2025-06-28,01:50:00,cool,compressorCoolOff,,Sleep,78,62,75.9,58,70.6,0,0,0,0,0,,76.5,58,75.4,0,
2025-06-28,01:55:00,cool,compressorCoolOff,,Sleep,78,62,75.9,58,70.6,0,0,0,0,0,,76.5,58,75.4,0,
2025-06-28,02:00:00,cool,compressorCoolOff,,Sleep,78,62,75.9,58,69.7,0,0,0,0,0,,76.5,58,75.4,0,
2025-06-28,02:05:00,cool,compressorCoolOff,,Sleep,78,62,75.9,58,69.7,0,0,0,0,0,,76.5,58,75.4,0,
2025-06-28,02:10:00,cool,compressorCoolOff,,Sleep,78,62,75.8,58,69.7,0,0,0,0,0,,76.5,58,75.2,0,
2025-06-28,02:15:00,cool,compressorCoolOff,,Sleep,78,62,75.8,58,69.7,0,0,0,0,0,,76.4,58,75.2,0,
2025-06-28,02:20:00,cool,compressorCoolOff,,Sleep,78,62,75.8,58,69.7,0,0,0,0,0,,76.4,58,75.2,0,
2025-06-28,02:25:00,cool,compressorCoolOff,,Sleep,78,62,75.8,58,69.7,0,0,0,0,0,,76.4,58,75.2,0,
2025-06-28,02:30:00,cool,compressorCoolOff,,Sleep,78,62,75.8,58,69.7,0,0,0,0,0,,76.4,58,75.2,0,
2025-06-28,02:35:00,cool,compressorCoolOff,,Sleep,78,62,75.8,58,69.7,0,0,0,0,0,,76.4,58,75.2,0,
2025-06-28,02:40:00,cool,compressorCoolOff,,Sleep,78,62,75.8,58,69.7,0,0,0,0,0,,76.4,58,75.2,0,
2025-06-28,02:45:00,cool,compressorCoolOff,,Sleep,78,62,75.8,58,69.7,0,0,0,0,0,,76.4,58,75.2,0,
2025-06-28,02:50:00,cool,compressorCoolOff,,Sleep,78,62,75.8,58,69.7,0,0,0,0,0,,76.4,58,75.2,0,
2025-06-28,02:55:00,cool,compressorCoolOff,,Sleep,78,62,75.8,58,69.7,0,0,0,0,0,,76.4,58,75.2,0,
2025-06-28,03:00:00,cool,compressorCoolOff,,Sleep,78,62,75.8,58,69.7,0,0,0,0,0,,76.4,58,75.2,0,
2025-06-28,03:05:00,cool,compressorCoolOff,,Sleep,78,62,75.8,58,69.7,0,0,0,0,0,,76.4,58,75.2,0,
2025-06-28,03:10:00,cool,compressorCoolOff,,Sleep,78,62,75.8,58,69.7,0,0,0,0,0,,76.4,58,75.2,0,
2025-06-28,03:15:00,cool,compressorCoolOff,,Sleep,78,62,75.8,58,69.7,0,0,0,0,0,,76.4,58,75.2,0,
2025-06-28,03:20:00,cool,compressorCoolOff,,Sleep,78,62,75.8,58,69.7,0,0,0,0,0,,76.4,58,75.2,0,
2025-06-28,03:25:00,cool,compressorCoolOff,,Sleep,78,62,75.8,58,69.7,0,0,0,0,0,,76.4,58,75.2,0,
2025-06-28,03:30:00,cool,compressorCoolOff,,Sleep,78,62,75.8,58,69.7,0,0,0,0,0,,76.4,58,75.2,0,
2025-06-28,03:35:00,cool,compressorCoolOff,,Sleep,78,62,75.7,58,69.7,0,0,0,0,0,,76.3,58,75.2,0,
2025-06-28,03:40:00,cool,compressorCoolOff,,Sleep,78,62,75.7,58,69.7,0,0,0,0,0,,76.3,58,75.2,0,
2025-06-28,03:45:00,cool,compressorCoolOff,,Sleep,78,62,75.7,58,69.7,0,0,0,0,0,,76.3,58,75.2,0,
2025-06-28,03:50:00,cool,compressorCoolOff,,Sleep,78,62,75.7,58,69.7,0,0,0,0,0,,76.3,58,75.2,0,
2025-06-28,03:55:00,cool,compressorCoolOff,,Sleep,78,62,75.7,58,69.7,0,0,0,0,0,,76.3,58,75.2,0,
2025-06-28,04:00:00,cool,compressorCoolOff,,Sleep,78,62,75.7,58,69.8,0,0,0,0,0,,76.3,58,75.2,0,
2025-06-28,04:05:00,cool,compressorCoolOff,,Sleep,78,62,75.7,58,69.8,0,0,0,0,0,,76.3,58,75.2,0,
2025-06-28,04:10:00,cool,compressorCoolOff,,Sleep,78,62,75.7,58,69.8,0,0,0,0,0,,76.3,58,75.2,0,
2025-06-28,04:15:00,cool,compressorCoolOff,,Sleep,78,62,75.7,58,69.8,0,0,0,0,0,,76.3,58,75.1,0,
2025-06-28,04:20:00,cool,compressorCoolOff,,Sleep,78,62,75.7,58,69.8,0,0,0,0,0,,76.3,58,75.1,0,
2025-06-28,04:25:00,cool,compressorCoolOff,,Sleep,78,62,75.7,58,69.8,0,0,0,0,0,,76.3,58,75.1,0,
2025-06-28,04:30:00,cool,compressorCoolOff,,Sleep,78,62,75.7,58,69.8,0,0,0,0,0,,76.3,58,75.1,0,
2025-06-28,04:35:00,cool,compressorCoolOff,,Sleep,78,62,75.7,58,69.8,0,0,0,0,0,,76.3,58,75.1,0,
2025-06-28,04:40:00,cool,compressorCoolOff,,Sleep,78,62,75.7,58,69.8,0,0,0,0,0,,76.3,58,75.1,0,
2025-06-28,04:45:00,cool,compressorCoolOff,,Sleep,78,62,75.6,58,69.8,0,0,0,0,0,,76.2,58,75.1,0,
2025-06-28,04:50:00,cool,compressorCoolOff,,Sleep,78,62,75.6,58,69.8,0,0,0,0,0,,76.2,58,75.1,0,
2025-06-28,04:55:00,cool,compressorCoolOff,,Sleep,78,62,75.6,58,69.8,0,0,0,0,0,,76.2,58,75.1,0,
2025-06-28,05:00:00,cool,compressorCoolOff,,Sleep,78,62,75.6,58,69.8,0,0,0,0,0,,76.2,58,75.1,0,
2025-06-28,05:05:00,cool,compressorCoolOff,,Sleep,78,62,75.6,58,69.8,0,0,0,0,0,,76.2,58,75.1,0,
2025-06-28,05:10:00,cool,compressorCoolOff,,Sleep,78,62,75.6,58,69.8,0,0,0,0,0,,76.2,58,75.1,0,
2025-06-28,05:15:00,cool,compressorCoolOff,,Sleep,78,62,75.6,58,69.8,0,0,0,0,0,,76.2,58,75.1,0,
2025-06-28,05:20:00,cool,compressorCoolOff,,Sleep,78,62,75.6,58,69.8,0,0,0,0,0,,76.2,58,75.1,0,
2025-06-28,05:25:00,cool,compressorCoolOff,,Sleep,78,62,75.6,58,69.8,0,0,0,0,0,,76.2,58,75.1,0,
2025-06-28,05:30:00,cool,compressorCoolOff,,Sleep,78,62,75.6,58,69.8,0,0,0,0,0,,76.2,58,75.1,0,
2025-06-28,05:35:00,cool,compressorCoolOff,,Sleep,78,62,75.6,58,69.8,0,0,0,0,0,,76.2,58,75.1,0,
2025-06-28,05:40:00,cool,compressorCoolOff,,Sleep,78,62,75.6,58,69.8,0,0,0,0,0,,76.2,58,75.1,0,
2025-06-28,05:45:00,cool,compressorCoolOff,,Sleep,78,62,75.6,58,69.8,0,0,0,0,0,,76.2,58,75.1,0,
2025-06-28,05:50:00,cool,compressorCoolOff,,Sleep,78,62,75.6,59,69.8,0,0,0,0,0,,76.2,59,75.1,0,
2025-06-28,05:55:00,cool,compressorCoolOff,,Sleep,78,62,75.7,60,69.8,0,0,0,0,0,,76.2,60,75.2,0,
2025-06-28,06:00:00,cool,compressorCoolOff,,Sleep,78,62,75.7,60,70.1,0,0,0,0,0,,76.2,60,75.2,0,
2025-06-28,06:05:00,cool,compressorCoolOff,,Sleep,78,62,75.7,60,70.1,0,0,0,0,0,,76.2,60,75.2,0,
2025-06-28,06:10:00,cool,compressorCoolOff,,Sleep,78,62,75.7,60,70.1,0,0,0,0,0,,76.2,60,75.2,0,
2025-06-28,06:15:00,cool,compressorCoolOff,,Sleep,78,62,75.7,60,70.1,0,0,0,0,0,,76.2,60,75.2,0,
2025-06-28,06:20:00,cool,compressorCoolOff,,Sleep,78,62,75.7,60,70.1,0,0,0,0,0,,76.2,60,75.2,0,
2025-06-28,06:25:00,cool,compressorCoolOff,,Sleep,78,62,75.7,60,70.1,0,0,0,0,0,,76.2,60,75.2,0,
2025-06-28,06:30:00,cool,compressorCoolOff,,Sleep,78,77.2,75.7,60,71.1,0,0,0,0,0,,76.2,60,75.3,0,
2025-06-28,06:35:00,cool,compressorCoolOff,hold,Sleep,78,78,75.8,60,71.1,0,0,0,0,0,,76.2,60,75.4,0,
2025-06-28,06:40:00,cool,compressorCoolOff,hold,Sleep,78,78,75.8,60,71.1,0,0,0,0,0,,76.2,60,75.4,0,
2025-06-28,06:45:00,cool,compressorCoolOff,hold,Sleep,78,78,75.8,60,71.1,0,0,0,0,0,,76.2,60,75.4,0,
2025-06-28,06:50:00,cool,compressorCoolOff,hold,Sleep,78,78,75.8,60,71.1,0,0,0,0,0,,76.2,60,75.4,0,
2025-06-28,06:55:00,cool,compressorCoolOff,hold,Sleep,78,78,75.8,60,71.1,0,0,0,0,0,,76.3,60,75.4,0,
2025-06-28,07:00:00,cool,compressorCoolOff,hold,Sleep,78,78,75.8,60,71.5,0,0,0,0,0,,76.3,60,75.4,0,
2025-06-28,07:05:00,cool,compressorCoolOff,hold,Sleep,78,78,75.9,61,71.5,0,0,0,0,0,,76.3,61,75.6,0,
2025-06-28,07:10:00,cool,compressorCoolOff,hold,Sleep,78,78,75.8,61,71.5,0,0,0,0,0,,76.3,61,75.4,0,
2025-06-28,07:15:00,cool,compressorCoolOff,hold,Sleep,78,78,75.8,61,71.5,0,0,0,0,0,,76.3,61,75.4,0,
2025-06-28,07:20:00,cool,compressorCoolOff,hold,Sleep,78,78,75.8,61,71.5,0,0,0,0,0,,76.3,61,75.4,0,
2025-06-28,07:25:00,cool,compressorCoolOff,hold,Sleep,78,78,75.8,61,71.5,0,0,0,0,0,,76.3,61,75.4,0,
2025-06-28,07:30:00,cool,compressorCoolOff,hold,Sleep,78,78,75.7,61,71.5,0,0,0,0,0,,76.3,61,75.2,0,
2025-06-28,07:35:00,cool,compressorCoolOff,hold,Sleep,78,78,75.7,61,71.5,0,0,0,0,0,,76.3,61,75.2,0,
2025-06-28,07:40:00,cool,compressorCoolOff,hold,Sleep,78,78,75.7,61,71.5,0,0,0,0,0,,76.3,61,75.2,0,
2025-06-28,07:45:00,cool,compressorCoolOff,hold,Sleep,78,78,75.7,61,71.5,0,0,0,0,0,,76.3,61,75.2,0,
2025-06-28,07:50:00,cool,compressorCoolOff,hold,Sleep,78,78,75.7,61,71.5,0,0,0,0,0,,76.3,61,75.2,0,
2025-06-28,07:55:00,cool,compressorCoolOff,hold,Sleep,78,78,75.7,61,71.5,0,0,0,0,0,,76.3,61,75.2,0,
2025-06-28,08:00:00,cool,compressorCoolOff,hold,Home,78,78,75.7,61,72.7,0,0,0,0,0,,76.3,61,75.2,0,
2025-06-28,08:05:00,cool,compressorCoolOff,hold,Home,78,78,75.7,61,72.7,0,0,0,0,0,,76.3,61,75.2,0,
2025-06-28,08:10:00,cool,compressorCoolOff,hold,Home,78,78,75.7,61,72.7,0,0,0,0,0,,76.3,61,75.2,0,
2025-06-28,08:15:00,cool,compressorCoolOff,hold,Home,78,78,75.7,61,72.7,0,0,0,0,0,,76.3,61,75.2,0,
2025-06-28,08:20:00,cool,compressorCoolOff,hold,Home,78,78,75.7,61,72.7,0,0,0,0,0,,76.3,61,75.2,0,
2025-06-28,08:25:00,cool,compressorCoolOff,hold,Home,78,78,75.7,61,72.7,0,0,0,0,0,,76.3,61,75.2,0,
2025-06-28,08:30:00,cool,compressorCoolOff,hold,Home,78,78,75.7,61,72.7,0,0,0,0,0,,76.3,61,75.2,0,
2025-06-28,08:35:00,cool,compressorCoolOff,hold,Home,78,78,75.7,61,72.7,0,0,0,0,0,,76.3,61,75.2,0,
2025-06-28,08:40:00,cool,compressorCoolOff,hold,Home,78,78,75.7,61,72.7,0,0,0,0,0,,76.3,61,75.2,0,
2025-06-28,08:45:00,cool,compressorCoolOff,hold,Home,78,78,75.7,61,72.7,0,0,0,0,0,,76.3,61,75.2,0,
2025-06-28,08:50:00,cool,compressorCoolOff,hold,Home,78,78,75.7,61,72.7,0,0,0,0,0,,76.3,61,75.2,0,
2025-06-28,08:55:00,cool,compressorCoolOff,hold,Home,78,78,75.7,61,72.7,0,0,0,0,0,,76.3,61,75.2,0,
2025-06-28,09:00:00,cool,compressorCoolOff,hold,Home,78,78,75.7,61,74.6,0,0,0,0,0,,76.3,61,75.2,0,
2025-06-28,09:05:00,cool,compressorCoolOff,hold,Home,78,78,75.8,61,74.6,0,0,0,0,0,,76.3,61,75.3,0,
2025-06-28,09:10:00,cool,compressorCoolOff,hold,Home,78,78,75.9,61,74.6,0,0,0,0,0,,76.4,61,75.4,0,
2025-06-28,09:15:00,cool,compressorCoolOff,hold,Home,78,78,75.9,61,74.6,0,0,0,0,0,,76.4,61,75.4,0,
2025-06-28,09:20:00,cool,compressorCoolOff,hold,Home,78,78,75.9,61,74.6,0,0,0,0,0,,76.4,61,75.4,0,
2025-06-28,09:25:00,cool,compressorCoolOff,hold,Home,78,78,75.9,61,74.6,0,0,0,0,0,,76.4,61,75.4,0,
2025-06-28,09:30:00,cool,compressorCoolOff,hold,Home,78,78,75.9,61,74.6,0,0,0,0,0,,76.4,61,75.4,0,
2025-06-28,09:35:00,cool,compressorCoolOff,hold,Home,78,78,75.9,61,74.6,0,0,0,0,0,,76.4,61,75.4,0,
2025-06-28,09:40:00,cool,compressorCoolOff,hold,Home,78,78,75.9,61,74.6,0,0,0,0,0,,76.4,61,75.4,0,
2025-06-28,09:45:00,cool,compressorCoolOff,hold,Home,78,78,75.9,61,74.6,0,0,0,0,0,,76.4,61,75.4,0,
2025-06-28,09:50:00,cool,compressorCoolOff,hold,Home,78,78,75.9,61,74.6,0,0,0,0,0,,76.4,61,75.4,0,
2025-06-28,09:55:00,cool,compressorCoolOff,hold,Home,78,78,75.9,61,74.6,0,0,0,0,0,,76.5,61,75.4,0,
2025-06-28,10:00:00,cool,compressorCoolOff,hold,Home,78,78,75.9,61,77.3,0,0,0,0,0,,76.5,61,75.4,0,
2025-06-28,10:05:00,cool,compressorCoolOff,hold,Home,78,78,75.9,61,77.3,0,0,0,0,0,,76.5,61,75.4,0,
2025-06-28,10:10:00,cool,compressorCoolOff,hold,Home,78,78,75.9,61,77.3,0,0,0,0,0,,76.5,61,75.4,0,
2025-06-28,10:15:00,cool,compressorCoolOff,hold,Home,78,78,75.9,61,77.3,0,0,0,0,0,,76.5,61,75.4,0,
2025-06-28,10:20:00,cool,compressorCoolOff,hold,Home,78,78,75.9,61,77.3,0,0,0,0,0,,76.5,61,75.4,0,
2025-06-28,10:25:00,cool,compressorCoolOff,hold,Home,78,78,75.9,61,77.3,0,0,0,0,0,,76.5,61,75.5,0,
2025-06-28,10:30:00,cool,compressorCoolOff,hold,Home,78,78,75.9,61,78.8,0,0,0,0,0,,76.5,61,75.4,0,
2025-06-28,10:35:00,cool,compressorCoolOff,hold,Home,78,78,76,61,78.8,0,0,0,0,0,,76.5,61,75.6,0,
2025-06-28,10:40:00,cool,compressorCoolOff,hold,Home,78,78,76,61,78.8,0,0,0,0,0,,76.5,61,75.6,0,
2025-06-28,10:45:00,cool,compressorCoolOff,hold,Home,78,78,76,61,78.8,0,0,0,0,0,,76.5,61,75.6,0,
2025-06-28,10:50:00,cool,compressorCoolOff,hold,Home,78,78,76.1,61,78.8,0,0,0,0,0,,76.6,61,75.6,0,
2025-06-28,10:55:00,cool,compressorCoolOff,hold,Home,78,78,76.1,61,78.8,0,0,0,0,0,,76.6,61,75.6,0,
2025-06-28,11:00:00,cool,compressorCoolOff,hold,Home,78,78,76.1,61,80.1,0,0,0,0,0,,76.6,61,75.6,0,
2025-06-28,11:05:00,cool,compressorCoolOff,hold,Home,78,78,76.1,61,80.1,0,0,0,0,0,,76.6,61,75.6,0,
2025-06-28,11:10:00,cool,compressorCoolOff,hold,Home,78,78,76.1,61,80.1,0,0,0,0,0,,76.6,61,75.6,0,
2025-06-28,11:15:00,cool,compressorCoolOff,hold,Home,78,78,76.1,61,80.1,0,0,0,0,0,,76.7,61,75.6,0,
2025-06-28,11:20:00,cool,compressorCoolOff,hold,Home,78,78,76.1,61,80.1,0,0,0,0,0,,76.7,61,75.6,0,
2025-06-28,11:25:00,cool,compressorCoolOff,hold,Home,78,78,76.1,61,80.1,0,0,0,0,0,,76.7,61,75.6,0,
2025-06-28,11:30:00,cool,compressorCoolOff,hold,Home,78,78,76.1,61,81.5,0,0,0,0,0,,76.7,61,75.6,0,
2025-06-28,11:35:00,cool,compressorCoolOff,hold,Home,78,78,76.1,61,81.5,0,0,0,0,0,,76.7,61,75.6,0,
2025-06-28,11:40:00,cool,compressorCoolOff,hold,Home,78,78,76.2,61,81.5,0,0,0,0,0,,76.8,61,75.7,0,
2025-06-28,11:45:00,cool,compressorCoolOff,hold,Home,78,78,76.3,61,81.5,0,0,0,0,0,,76.8,61,75.8,0,
2025-06-28,11:50:00,cool,compressorCoolOff,hold,Home,78,78,76.3,61,81.5,0,0,0,0,0,,76.8,61,75.8,0,
2025-06-28,11:55:00,cool,compressorCoolOff,hold,Home,78,78,76.3,61,81.5,0,0,0,0,0,,76.8,61,75.8,0,
2025-06-28,12:00:00,cool,compressorCoolOff,hold,Home,78,78,76.3,61,82.9,0,0,0,0,0,,76.8,61,75.8,0,
2025-06-28,12:05:00,cool,compressorCoolOff,hold,Home,78,78,76.3,61,82.9,0,0,0,0,0,,76.9,61,75.8,0,
2025-06-28,12:10:00,cool,compressorCoolOff,hold,Home,78,78,76.3,62,82.9,0,0,0,0,0,,76.9,62,75.8,0,
2025-06-28,12:15:00,cool,compressorCoolOff,hold,Home,78,78,76.5,64,82.9,0,0,0,0,0,,77,64,76,0,
2025-06-28,12:20:00,cool,compressorCoolOff,hold,Home,78,78,76.5,64,82.9,0,0,0,0,0,,77,64,76.1,0,
2025-06-28,12:25:00,cool,compressorCoolOff,hold,Home,78,78,76.6,63,82.9,0,0,0,0,0,,77.1,63,76.2,0,
2025-06-28,12:30:00,cool,compressorCoolOff,hold,Home,78,78,76.6,62,82.9,0,0,0,0,0,,77.1,62,76.2,0,
2025-06-28,12:35:00,cool,compressorCoolOff,hold,Home,78,78,76.7,62,82.9,0,0,0,0,0,,77.2,62,76.3,0,
2025-06-28,12:40:00,cool,compressorCoolOff,hold,Home,78,78,76.8,62,82.9,0,0,0,0,0,,77.2,62,76.4,0,
2025-06-28,12:45:00,cool,compressorCoolOff,hold,Home,78,78,76.8,62,82.9,0,0,0,0,0,,77.2,62,76.4,0,
2025-06-28,12:50:00,cool,compressorCoolOff,hold,Home,78,78,76.8,62,82.9,0,0,0,0,0,,77.2,62,76.4,0,
2025-06-28,12:55:00,cool,compressorCoolOff,hold,Home,78,78,76.8,62,82.9,0,0,0,0,0,,77.2,62,76.5,0,
2025-06-28,13:00:00,cool,compressorCoolOff,hold,Home,78,78,76.9,62,85.7,0,0,0,0,0,,77.3,62,76.5,0,
2025-06-28,13:05:00,cool,compressorCoolOff,hold,Home,78,78,77,62,85.7,0,0,0,0,0,,77.3,62,76.7,0,
2025-06-28,13:10:00,cool,compressorCoolOff,hold,Home,78,78,77,62,85.7,0,0,0,0,0,,77.3,62,76.7,0,
2025-06-28,13:15:00,cool,compressorCoolOff,hold,Home,78,78,77,62,85.7,0,0,0,0,0,,77.3,62,76.7,0,
2025-06-28,13:20:00,cool,compressorCoolOff,hold,Home,78,78,77,62,85.7,0,0,0,0,0,,77.4,62,76.7,0,
2025-06-28,13:25:00,cool,compressorCoolOff,hold,Home,78,78,77.1,62,85.7,0,0,0,0,0,,77.4,62,76.8,0,
2025-06-28,13:30:00,cool,compressorCoolOff,hold,Home,78,78,77.2,62,85.7,0,0,0,0,0,,77.5,62,76.9,0,
2025-06-28,13:35:00,cool,compressorCoolOff,hold,Home,78,78,77.2,62,85.7,0,0,0,0,0,,77.5,62,76.9,0,
2025-06-28,13:40:00,cool,compressorCoolOff,hold,Home,78,78,77.3,62,85.7,0,0,0,0,0,,77.5,62,77.1,0,
2025-06-28,13:45:00,cool,compressorCoolOff,hold,Home,78,78,77.3,62,85.7,0,0,0,0,0,,77.6,62,77.1,0,
2025-06-28,13:50:00,cool,compressorCoolOff,hold,Home,78,78,77.3,62,85.7,0,0,0,0,0,,77.6,62,77.1,0,
2025-06-28,13:55:00,cool,compressorCoolOff,hold,Home,78,78,77.3,62,85.7,0,0,0,0,0,,77.6,62,77.1,0,
2025-06-28,14:00:00,cool,compressorCoolOff,hold,Home,78,78,77.5,62,88,0,0,0,0,0,,77.7,62,77.3,0,
2025-06-28,14:05:00,cool,compressorCoolOff,hold,Home,78,78,77.5,62,88,0,0,0,0,0,,77.7,62,77.3,0,
2025-06-28,14:10:00,cool,compressorCoolOff,hold,Home,78,78,77.5,62,88,0,0,0,0,0,,77.7,62,77.4,0,
2025-06-28,14:15:00,cool,compressorCoolOff,hold,Home,78,78,77.6,62,88,0,0,0,0,0,,77.7,62,77.5,0,
2025-06-28,14:20:00,cool,compressorCoolOff,hold,Home,78,78,77.6,62,88,0,0,0,0,0,,77.8,62,77.5,0,
2025-06-28,14:25:00,cool,compressorCoolOff,hold,Home,78,78,77.6,62,88,0,0,0,0,0,,77.8,62,77.5,0,
2025-06-28,14:30:00,cool,compressorCoolOff,hold,Home,78,78,77.6,62,87.7,0,0,0,0,0,,77.8,62,77.5,0,
2025-06-28,14:35:00,cool,compressorCoolOff,hold,Home,78,78,77.7,62,87.7,0,0,0,0,0,,77.8,62,77.6,0,
2025-06-28,14:40:00,cool,compressorCoolOff,hold,Home,78,78,77.7,62,87.7,0,0,0,0,0,,77.9,62,77.6,0,
2025-06-28,14:45:00,cool,compressorCoolOff,hold,Home,78,78,77.8,62,87.7,0,0,0,0,0,,77.9,62,77.8,0,
2025-06-28,14:50:00,cool,compressorCoolOff,hold,Home,78,78,77.9,62,87.7,0,0,0,0,0,,78,62,77.8,0,
2025-06-28,14:55:00,cool,compressorCoolOff,hold,Home,78,78,77.9,62,87.7,0,0,0,0,0,,78,62,77.8,0,
2025-06-28,15:00:00,cool,compressorCoolOff,hold,Home,78,78,77.9,62,88.2,0,0,0,0,0,,78,62,77.9,0,
2025-06-28,15:05:00,cool,compressorCoolOff,hold,Home,78,78,78,62,88.2,0,0,0,0,0,,78.1,62,78,0,
2025-06-28,15:10:00,cool,compressorCoolOff,hold,Home,78,78,78,62,88.2,0,0,0,0,0,,78.1,62,78,0,
2025-06-28,15:15:00,cool,compressorCoolOff,hold,Home,78,78,78.1,62,88.2,0,0,0,0,0,,78.2,62,78.1,0,
2025-06-28,15:20:00,cool,compressorCoolOff,hold,Home,78,78,78.2,62,88.2,0,0,0,0,0,,78.2,62,78.2,0,
2025-06-28,15:25:00,cool,compressorCoolOff,hold,Home,78,78,78.2,62,88.2,0,0,0,0,0,,78.2,62,78.2,0,
2025-06-28,15:30:00,cool,compressorCoolOff,hold,Home,78,78,78.2,62,88.2,0,0,0,0,0,,78.3,62,78.2,0,
2025-06-28,15:35:00,cool,compressorCoolOff,hold,Home,78,78,78.3,62,88.2,0,0,0,0,0,,78.3,62,78.4,0,
2025-06-28,15:40:00,cool,compressorCoolOff,hold,Home,78,78,78.3,62,88.2,0,0,0,0,0,,78.3,62,78.4,0,
2025-06-28,15:45:00,cool,compressorCoolOff,hold,Home,78,78,78.4,62,88.2,0,0,0,0,0,,78.4,62,78.4,0,
2025-06-28,15:50:00,cool,compressorCoolOff,hold,Home,78,78,78.4,62,88.2,0,0,0,0,0,,78.4,62,78.4,0,
2025-06-28,15:55:00,cool,compressorCoolOff,hold,Home,78,78,78.4,62,88.2,0,255,0,0,255,,78.4,62,78.5,0,
2025-06-28,16:00:00,cool,compressorCoolStage1On,hold,Home,78,78,78.5,60,89.2,0,300,0,0,300,,78.4,60,78.6,0,
2025-06-28,16:05:00,cool,compressorCoolStage1On,hold,Home,78,78,78.2,57,89.2,0,240,0,0,285,,78.2,57,78.2,0,
2025-06-28,16:10:00,cool,compressorCoolOff,hold,Home,78,78,77.8,57,89.2,0,0,0,0,0,,78,57,77.7,0,
2025-06-28,16:15:00,cool,compressorCoolOff,hold,Home,78,78,77.7,59,89.2,0,0,0,0,0,,78,59,77.5,0,
2025-06-28,16:20:00,cool,compressorCoolOff,hold,Home,78,78,77.8,59,89.2,0,0,0,0,0,,78.1,59,77.5,0,
2025-06-28,16:25:00,cool,compressorCoolOff,hold,Home,78,78,78,58,89.2,0,0,0,0,0,,78.2,58,77.8,0,
2025-06-28,16:30:00,cool,compressorCoolOff,hold,Home,78,78,78,59,89.2,0,0,0,0,0,,78.3,59,77.8,0,
2025-06-28,16:35:00,cool,compressorCoolOff,hold,Home,78,78,78.3,60,89.2,0,0,0,0,0,,78.4,60,78.2,0,
2025-06-28,16:40:00,cool,compressorCoolOff,hold,Home,78,78,78.3,60,89.2,0,0,0,0,0,,78.4,60,78.2,0,
2025-06-28,16:45:00,cool,compressorCoolOff,hold,Home,78,78,78.3,60,89.2,0,0,0,0,0,,78.4,60,78.3,0,
2025-06-28,16:50:00,cool,compressorCoolOff,hold,Home,78,78,78.4,60,89.2,0,180,0,0,180,,78.5,60,78.5,0,
2025-06-28,16:55:00,cool,compressorCoolStage1On,hold,Home,78,78,78.5,59,89.2,0,300,0,0,300,,78.4,59,78.6,0,
2025-06-28,17:00:00,cool,compressorCoolStage1On,hold,Home,78,78,78.3,57,89.1,0,300,0,0,300,,78.3,57,78.3,0,
2025-06-28,17:05:00,cool,compressorCoolStage1On,hold,Home,78,78,77.9,56,89.1,0,60,0,0,105,,78,56,77.8,0,
2025-06-28,17:10:00,cool,compressorCoolOff,hold,Home,78,78,77.7,56,89.1,0,0,0,0,0,,78,56,77.5,0,
2025-06-28,17:15:00,cool,compressorCoolOff,hold,Home,78,78,77.8,57,89.1,0,0,0,0,0,,78.1,57,77.5,0,
2025-06-28,17:20:00,cool,compressorCoolOff,hold,Home,78,78,77.9,57,89.1,0,0,0,0,0,,78.2,57,77.6,0,
2025-06-28,17:25:00,cool,compressorCoolOff,hold,Home,78,78,78,57,89.1,0,0,0,0,0,,78.3,57,77.8,0,
2025-06-28,17:30:00,cool,compressorCoolOff,hold,Home,78,78,78.1,57,88.5,0,0,0,0,0,,78.4,57,77.9,0,
2025-06-28,17:35:00,cool,compressorCoolOff,hold,Home,78,78,78.2,58,88.5,0,0,0,0,0,,78.5,58,78.1,0,
2025-06-28,17:40:00,cool,compressorCoolOff,hold,Home,78,78,78.3,58,88.5,0,0,0,0,0,,78.5,58,78.3,0,
2025-06-28,17:45:00,cool,compressorCoolOff,hold,Home,78,78,78.5,58,88.5,0,210,0,0,210,,78.5,58,78.5,0,
2025-06-28,17:50:00,cool,compressorCoolStage1On,hold,Home,78,78,78.4,57,88.5,0,300,0,0,300,,78.5,57,78.4,0,
2025-06-28,17:55:00,cool,compressorCoolStage1On,hold,Home,78,78,78.1,55,88.5,0,195,0,0,240,,78.3,55,78,0,
2025-06-28,18:00:00,cool,compressorCoolOff,hold,Home,78,78,77.9,55,88.1,0,0,0,0,0,,78.1,55,77.7,0,
2025-06-28,18:05:00,cool,compressorCoolOff,hold,Home,78,78,77.8,56,88.1,0,0,0,0,0,,78.2,56,77.5,0,
2025-06-28,18:10:00,cool,compressorCoolOff,hold,Home,78,78,77.9,57,88.1,0,0,0,0,0,,78.3,57,77.6,0,
2025-06-28,18:15:00,cool,compressorCoolOff,hold,Home,78,78,78.1,57,88.1,0,0,0,0,0,,78.4,57,77.8,0,
2025-06-28,18:20:00,cool,compressorCoolOff,hold,Home,78,78,78.1,57,88.1,0,0,0,0,0,,78.4,57,77.9,0,
2025-06-28,18:25:00,cool,compressorCoolOff,hold,Home,78,78,78.3,57,88.1,0,0,0,0,0,,78.5,57,78.1,0,
2025-06-28,18:30:00,cool,compressorCoolOff,hold,Home,78,78,78.4,58,87.4,0,0,0,0,0,,78.6,58,78.2,0,
2025-06-28,18:35:00,cool,compressorCoolOff,hold,Home,78,78,78.4,58,87.4,0,195,0,0,195,,78.6,58,78.3,0,
2025-06-28,18:40:00,cool,compressorCoolStage1On,hold,Home,78,78,78.4,57,87.4,0,300,0,0,300,,78.6,57,78.2,0,
2025-06-28,18:45:00,cool,compressorCoolStage1On,hold,Home,78,78,78.1,55,87.4,0,180,0,0,225,,78.4,55,77.9,0,
2025-06-28,18:50:00,cool,compressorCoolOff,hold,Home,78,78,77.8,55,87.4,0,0,0,0,0,,78.2,55,77.5,0,
2025-06-28,18:55:00,cool,compressorCoolOff,hold,Home,78,78,77.8,56,87.4,0,0,0,0,0,,78.2,56,77.5,0,
2025-06-28,19:00:00,cool,compressorCoolOff,hold,Home,78,78,77.9,57,87.4,0,0,0,0,0,,78.3,57,77.5,0,
2025-06-28,19:05:00,cool,compressorCoolOff,hold,Home,78,78,78,57,87.4,0,0,0,0,0,,78.3,57,77.8,0,
2025-06-28,19:10:00,cool,compressorCoolOff,hold,Home,78,78,78.1,57,87.4,0,0,0,0,0,,78.4,57,77.8,0,
2025-06-28,19:15:00,cool,compressorCoolOff,hold,Home,78,78,78.1,57,87.4,0,0,0,0,0,,78.5,57,77.9,0,
2025-06-28,19:20:00,cool,compressorCoolOff,hold,Home,78,78,78.2,58,87.4,0,0,0,0,0,,78.5,58,78.1,0,
2025-06-28,19:25:00,cool,compressorCoolOff,hold,Home,78,78,78.3,58,87.4,0,0,0,0,0,,78.5,58,78.2,0,
2025-06-28,19:30:00,cool,compressorCoolOff,hold,Home,78,78,78.4,58,87.4,0,150,0,0,150,,78.6,58,78.3,0,
2025-06-28,19:35:00,cool,compressorCoolStage1On,hold,Home,78,78,78.4,57,87.4,0,300,0,0,300,,78.5,57,78.3,0,
2025-06-28,19:40:00,cool,compressorCoolStage1On,hold,Home,78,78,78.2,55,87.4,0,225,0,0,270,,78.3,55,78.1,0,
2025-06-28,19:45:00,cool,compressorCoolOff,hold,Home,78,78,77.9,54,87.4,0,0,0,0,0,,78.1,54,77.7,0,
2025-06-28,19:50:00,cool,compressorCoolOff,hold,Home,78,78,77.7,55,87.4,0,0,0,0,0,,78.1,55,77.3,0,
2025-06-28,19:55:00,cool,compressorCoolOff,hold,Home,78,78,77.8,56,87.4,0,0,0,0,0,,78.2,56,77.5,0,
2025-06-28,20:00:00,cool,compressorCoolOff,hold,Home,78,78,77.9,56,84.3,0,0,0,0,0,,78.3,56,77.5,0,
2025-06-28,20:05:00,cool,compressorCoolOff,hold,Home,78,78,78,57,84.3,0,0,0,0,0,,78.4,57,77.7,0,
2025-06-28,20:10:00,cool,compressorCoolOff,hold,Home,78,78,78.1,57,84.3,0,0,0,0,0,,78.4,57,77.9,0,
2025-06-28,20:15:00,cool,compressorCoolOff,hold,Home,78,78,78.2,57,84.3,0,0,0,0,0,,78.5,57,78.1,0,
2025-06-28,20:20:00,cool,compressorCoolOff,hold,Home,78,78,78.3,58,84.3,0,0,0,0,0,,78.5,58,78.2,0,
2025-06-28,20:25:00,cool,compressorCoolOff,hold,Home,78,78,78.4,58,84.3,0,105,0,0,105,,78.5,58,78.2,0,
2025-06-28,20:30:00,cool,compressorCoolStage1On,hold,Home,78,78,78.4,57,82.4,0,300,0,0,300,,78.5,57,78.3,0,
2025-06-28,20:35:00,cool,compressorCoolStage1On,hold,Home,78,78,78.2,55,82.4,0,270,0,0,300,,78.3,55,78.1,0,
2025-06-28,20:40:00,cool,compressorCoolOff,hold,Home,78,78,77.9,54,82.4,0,0,0,0,15,,78,54,77.8,0,
2025-06-28,20:45:00,cool,compressorCoolOff,hold,Home,78,78,77.6,55,82.4,0,0,0,0,0,,78,55,77.3,0,
2025-06-28,20:50:00,cool,compressorCoolOff,hold,Home,78,78,77.6,56,82.4,0,0,0,0,0,,78,56,77.3,0,
2025-06-28,20:55:00,cool,compressorCoolOff,hold,Home,78,78,77.8,56,82.4,0,0,0,0,0,,78.1,56,77.5,0,
2025-06-28,21:00:00,cool,compressorCoolOff,hold,Home,78,78,77.9,56,80.8,0,0,0,0,0,,78.2,56,77.7,0,
2025-06-28,21:05:00,cool,compressorCoolOff,hold,Home,78,78,78.1,57,80.8,0,0,0,0,0,,78.3,57,77.9,0,
2025-06-28,21:10:00,cool,compressorCoolOff,hold,Home,78,78,78.2,57,80.8,0,0,0,0,0,,78.4,57,78,0,
2025-06-28,21:15:00,cool,compressorCoolOff,hold,Home,78,78,78.3,57,80.8,0,0,0,0,0,,78.4,57,78.2,0,
2025-06-28,21:20:00,cool,compressorCoolOff,hold,Home,78,78,78.3,57,80.8,0,0,0,0,0,,78.5,57,78.2,0,
2025-06-28,21:25:00,cool,compressorCoolOff,hold,Home,78,78,78.3,58,80.8,0,0,0,0,0,,78.5,58,78.2,0,
2025-06-28,21:30:00,cool,compressorCoolOff,hold,Home,78,78,78.3,58,80.8,0,0,0,0,0,,78.5,58,78.2,0,
2025-06-28,21:35:00,cool,compressorCoolOff,hold,Home,78,78,78.4,57,80.8,0,285,0,0,285,,78.6,57,78.3,0,
2025-06-28,21:40:00,cool,compressorCoolStage1On,hold,Home,78,78,78.3,55,80.8,0,300,0,0,300,,78.4,55,78.2,0,
2025-06-28,21:45:00,cool,compressorCoolStage1On,hold,Home,78,78,78.1,53,80.8,0,300,0,0,300,,78.1,53,78.2,0,
2025-06-28,21:50:00,cool,compressorCoolStage1On,hold,Home,78,78,77.6,53,80.8,0,15,0,0,60,,77.8,53,77.5,0,
2025-06-28,21:55:00,cool,compressorCoolOff,hold,Home,78,78,77.4,54,80.8,0,0,0,0,0,,77.7,54,77.1,0,
2025-06-28,22:00:00,cool,compressorCoolOff,hold,Home,78,78,77.4,54,79.7,0,0,0,0,0,,77.8,54,77.1,0,
2025-06-28,22:05:00,cool,compressorCoolOff,hold,Home,78,78,77.5,55,79.7,0,0,0,0,0,,77.9,55,77.2,0,
2025-06-28,22:10:00,cool,compressorCoolOff,hold,Home,78,78,77.7,56,79.7,0,0,0,0,0,,78,56,77.5,0,
2025-06-28,22:15:00,cool,compressorCoolOff,hold,Home,78,78,77.8,56,79.7,0,0,0,0,0,,78.1,56,77.6,0,
2025-06-28,22:20:00,cool,compressorCoolOff,hold,Home,78,78,78,56,79.7,0,0,0,0,0,,78.2,56,77.8,0,
2025-06-28,22:25:00,cool,compressorCoolOff,hold,Home,78,78,78,57,79.7,0,0,0,0,0,,78.2,57,77.8,0,
2025-06-28,22:30:00,cool,compressorCoolOff,hold,Home,78,78,78,57,79.7,0,0,0,0,0,,78.3,57,77.9,0,
2025-06-28,22:35:00,cool,compressorCoolOff,hold,Home,78,78,78.1,57,79.7,0,0,0,0,0,,78.3,57,78,0,
2025-06-28,22:40:00,cool,compressorCoolOff,hold,Home,78,78,78.2,57,79.7,0,0,0,0,0,,78.3,57,78.1,0,
2025-06-28,22:45:00,cool,compressorCoolOff,hold,Home,78,78,78.3,58,79.7,0,0,0,0,0,,78.4,58,78.2,0,
2025-06-28,22:50:00,cool,compressorCoolOff,hold,Home,78,78,78.3,58,79.7,0,0,0,0,0,,78.4,58,78.2,0,
2025-06-28,22:55:00,cool,compressorCoolOff,hold,Home,78,78,78.3,58,79.7,0,0,0,0,0,,78.4,58,78.2,0,
2025-06-28,23:00:00,cool,compressorCoolOff,hold,Home,78,78,78.3,58,79,0,0,0,0,0,,78.5,58,78.2,0,
2025-06-28,23:05:00,cool,compressorCoolOff,hold,Home,78,78,78.4,58,79,0,0,0,0,0,,78.5,58,78.4,0,
2025-06-28,23:10:00,cool,compressorCoolOff,hold,Home,78,78,78.4,58,79,0,0,0,0,0,,78.5,58,78.4,0,
2025-06-28,23:15:00,cool,compressorCoolOff,hold,Home,78,78,78.3,58,79,0,0,0,0,0,,78.5,58,78.2,0,
2025-06-28,23:20:00,cool,compressorCoolOff,hold,Home,78,78,78.3,59,79,0,0,0,0,0,,78.5,59,78.2,0,
2025-06-28,23:25:00,cool,compressorCoolOff,hold,Home,78,78,78.4,60,79,0,0,0,0,0,,78.6,60,78.2,0,
2025-06-28,23:30:00,cool,compressorCoolOff,hold,Home,78,78,78.4,60,79,0,0,0,0,0,,78.6,60,78.2,0,
2025-06-28,23:35:00,cool,compressorCoolOff,hold,Home,78,78,78.4,60,79,0,0,0,0,0,,78.6,60,78.2,0,
2025-06-28,23:40:00,cool,compressorCoolOff,hold,Home,78,78,78.4,60,79,0,0,0,0,0,,78.6,60,78.2,0,
2025-06-28,23:45:00,cool,compressorCoolOff,hold,Home,78,78,78.4,60,79,0,0,0,0,0,,78.6,60,78.2,0,
2025-06-28,23:50:00,cool,compressorCoolOff,hold,Home,78,78,78.4,60,79,0,0,0,0,0,,78.6,60,78.2,0,
2025-06-28,23:55:00,cool,compressorCoolOff,hold,Home,78,78,78.4,60,79,0,0,0,0,0,,78.6,60,78.2,0,
2025-06-29,00:00:00,cool,compressorCoolOff,hold,Sleep,78,78,78.4,60,77.7,0,0,0,0,0,,78.6,60,78.2,0,
2025-06-29,00:05:00,cool,compressorCoolOff,hold,Sleep,78,78,78.4,60,77.7,0,0,0,0,0,,78.6,60,78.2,0,
2025-06-29,00:10:00,cool,compressorCoolOff,hold,Sleep,78,78,78.4,60,77.7,0,0,0,0,0,,78.7,60,78.2,0,
2025-06-29,00:15:00,cool,compressorCoolOff,hold,Sleep,78,78,78.4,60,77.7,0,0,0,0,0,,78.7,60,78.2,0,
2025-06-29,00:20:00,cool,compressorCoolOff,hold,Sleep,78,78,78.4,59,77.7,0,0,0,0,0,,78.7,59,78.2,0,
2025-06-29,00:25:00,cool,compressorCoolOff,hold,Sleep,78,78,78.4,59,77.7,0,0,0,0,0,,78.7,59,78.2,0,
2025-06-29,00:30:00,cool,compressorCoolOff,hold,Sleep,78,78,78.4,60,77.8,0,0,0,0,0,,78.7,60,78.2,0,
2025-06-29,00:35:00,cool,compressorCoolOff,hold,Sleep,78,78,78.4,60,77.8,0,0,0,0,0,,78.7,60,78.2,0,
2025-06-29,00:40:00,cool,compressorCoolOff,hold,Sleep,78,78,78.4,61,77.8,0,0,0,0,0,,78.7,61,78.2,0,
2025-06-29,00:45:00,cool,compressorCoolOff,hold,Sleep,78,78,78.4,61,77.8,0,0,0,0,0,,78.7,61,78.2,0,
2025-06-29,00:50:00,cool,compressorCoolOff,hold,Sleep,78,78,78.4,61,77.8,0,30,0,0,30,,78.7,61,78.2,0,
2025-06-29,00:55:00,cool,compressorCoolStage1On,hold,Sleep,78,78,78.4,60,77.8,0,300,0,0,300,,78.7,60,78.2,0,
2025-06-29,01:00:00,cool,compressorCoolStage1On,hold,Sleep,78,78,78.2,57,77.4,0,300,0,0,300,,78.6,57,78,0,
2025-06-29,01:05:00,cool,compressorCoolStage1On,hold,Sleep,78,78,77.9,55,77.4,0,30,0,0,75,,78.3,55,77.5,0,
2025-06-29,01:10:00,cool,compressorCoolOff,hold,Sleep,78,78,77.6,56,77.4,0,0,0,0,0,,78.1,56,77.2,0,
2025-06-29,01:15:00,cool,compressorCoolOff,hold,Sleep,78,78,77.6,57,77.4,0,0,0,0,0,,78.2,57,77.1,0,
2025-06-29,01:20:00,cool,compressorCoolOff,hold,Sleep,78,78,77.6,57,77.4,0,0,0,0,0,,78.2,57,77.1,0,
2025-06-29,01:25:00,cool,compressorCoolOff,hold,Sleep,78,78,77.7,57,77.4,0,0,0,0,0,,78.3,57,77.1,0,
2025-06-29,01:30:00,cool,compressorCoolOff,hold,Sleep,78,78,77.8,57,77.4,0,0,0,0,0,,78.3,57,77.3,0,
2025-06-29,01:35:00,cool,compressorCoolOff,hold,Sleep,78,78,77.9,57,77.4,0,0,0,0,0,,78.4,57,77.5,0,
2025-06-29,01:40:00,cool,compressorCoolOff,hold,Sleep,78,78,77.9,57,77.4,0,0,0,0,0,,78.4,57,77.5,0,
2025-06-29,01:45:00,cool,compressorCoolOff,hold,Sleep,78,78,77.9,58,77.4,0,0,0,0,0,,78.4,58,77.5,0,
2025-06-29,01:50:00,cool,compressorCoolOff,hold,Sleep,78,78,77.9,58,77.4,0,0,0,0,0,,78.4,58,77.5,0,
2025-06-29,01:55:00,cool,compressorCoolOff,hold,Sleep,78,78,78,58,77.4,0,0,0,0,0,,78.4,58,77.5,0,
2025-06-29,02:00:00,cool,compressorCoolOff,hold,Sleep,78,78,78,58,76.8,0,0,0,0,0,,78.5,58,77.6,0,
2025-06-29,02:05:00,cool,compressorCoolOff,hold,Sleep,78,78,78,58,76.8,0,0,0,0,0,,78.5,58,77.6,0,
2025-06-29,02:10:00,cool,compressorCoolOff,hold,Sleep,78,78,78,58,76.8,0,0,0,0,0,,78.5,58,77.6,0,
2025-06-29,02:15:00,cool,compressorCoolOff,hold,Sleep,78,78,78,60,76.8,0,0,0,0,0,,78.5,60,77.6,0,
2025-06-29,02:20:00,cool,compressorCoolOff,hold,Sleep,78,78,78,60,76.8,0,0,0,0,0,,78.5,60,77.6,0,
2025-06-29,02:25:00,cool,compressorCoolOff,hold,Sleep,78,78,78,60,76.8,0,0,0,0,0,,78.5,60,77.6,0,
2025-06-29,02:30:00,cool,compressorCoolOff,hold,Sleep,78,78,78,60,76.8,0,0,0,0,0,,78.5,60,77.6,0,
2025-06-29,02:35:00,cool,compressorCoolOff,hold,Sleep,78,78,78,59,76.8,0,0,0,0,0,,78.5,59,77.6,0,
2025-06-29,02:40:00,cool,compressorCoolOff,hold,Sleep,78,78,78,59,76.8,0,0,0,0,0,,78.5,59,77.6,0,
2025-06-29,02:45:00,cool,compressorCoolOff,hold,Sleep,78,78,78,59,76.8,0,0,0,0,0,,78.5,59,77.6,0,
2025-06-29,02:50:00,cool,compressorCoolOff,hold,Sleep,78,78,78,60,76.8,0,0,0,0,0,,78.5,60,77.6,0,
2025-06-29,02:55:00,cool,compressorCoolOff,hold,Sleep,78,78,78,60,76.8,0,0,0,0,0,,78.5,60,77.6,0,
2025-06-29,03:00:00,cool,compressorCoolOff,hold,Sleep,78,78,78,60,76.3,0,0,0,0,0,,78.5,60,77.6,0,
2025-06-29,03:05:00,cool,compressorCoolOff,hold,Sleep,78,78,78,60,76.3,0,0,0,0,0,,78.5,60,77.6,0,
2025-06-29,03:10:00,cool,compressorCoolOff,hold,Sleep,78,78,78,61,76.3,0,0,0,0,0,,78.5,61,77.6,0,
2025-06-29,03:15:00,cool,compressorCoolOff,hold,Sleep,78,78,78,61,76.3,0,0,0,0,0,,78.5,61,77.6,0,
2025-06-29,03:20:00,cool,compressorCoolOff,hold,Sleep,78,78,78.1,61,76.3,0,0,0,0,0,,78.6,61,77.6,0,
2025-06-29,03:25:00,cool,compressorCoolOff,hold,Sleep,78,78,78,61,76.3,0,0,0,0,0,,78.5,61,77.6,0,
2025-06-29,03:30:00,cool,compressorCoolOff,hold,Sleep,78,78,78,61,75.2,0,0,0,0,0,,78.5,61,77.6,0,
2025-06-29,03:35:00,cool,compressorCoolOff,hold,Sleep,78,78,78.1,61,75.2,0,0,0,0,0,,78.6,61,77.6,0,
2025-06-29,03:40:00,cool,compressorCoolOff,hold,Sleep,78,78,78.1,61,75.2,0,0,0,0,0,,78.6,61,77.6,0,
2025-06-29,03:45:00,cool,compressorCoolOff,hold,Sleep,78,78,78.1,61,75.2,0,0,0,0,0,,78.6,61,77.7,0,
2025-06-29,03:50:00,cool,compressorCoolOff,hold,Sleep,78,78,78.2,61,75.2,0,0,0,0,0,,78.6,61,77.8,0,
2025-06-29,03:55:00,cool,compressorCoolOff,hold,Sleep,78,78,78.2,61,75.2,0,0,0,0,0,,78.6,61,77.8,0,
2025-06-29,04:00:00,cool,compressorCoolOff,hold,Sleep,78,78,78.2,61,74.9,0,0,0,0,0,,78.6,61,77.8,0,
2025-06-29,04:05:00,cool,compressorCoolOff,hold,Sleep,78,78,78.2,61,74.9,0,0,0,0,0,,78.6,61,77.8,0,
2025-06-29,04:10:00,cool,compressorCoolOff,hold,Sleep,78,78,78.2,61,74.9,0,0,0,0,0,,78.6,61,77.8,0,
2025-06-29,04:15:00,cool,compressorCoolOff,hold,Sleep,78,78,78.2,61,74.9,0,0,0,0,0,,78.6,61,77.8,0,
2025-06-29,04:20:00,cool,compressorCoolOff,hold,Sleep,78,78,78.1,61,74.9,0,0,0,0,0,,78.6,61,77.6,0,
2025-06-29,04:25:00,cool,compressorCoolOff,hold,Sleep,78,78,78.1,61,74.9,0,0,0,0,0,,78.6,61,77.6,0,
2025-06-29,04:30:00,cool,compressorCoolOff,hold,Sleep,78,78,78.1,61,74.9,0,0,0,0,0,,78.6,61,77.6,0,
2025-06-29,04:35:00,cool,compressorCoolOff,hold,Sleep,78,78,78.1,61,74.9,0,0,0,0,0,,78.6,61,77.6,0,
2025-06-29,04:40:00,cool,compressorCoolOff,hold,Sleep,78,78,78.1,61,74.9,0,0,0,0,0,,78.6,61,77.6,0,
2025-06-29,04:45:00,cool,compressorCoolOff,hold,Sleep,78,78,78.1,61,74.9,0,0,0,0,0,,78.6,61,77.6,0,
2025-06-29,04:50:00,cool,compressorCoolOff,hold,Sleep,78,78,78.1,61,74.9,0,0,0,0,0,,78.6,61,77.6,0,
2025-06-29,04:55:00,cool,compressorCoolOff,hold,Sleep,78,78,78.1,61,74.9,0,0,0,0,0,,78.6,61,77.6,0,
2025-06-29,05:00:00,cool,compressorCoolOff,hold,Sleep,78,78,78.1,61,74.2,0,0,0,0,0,,78.6,61,77.6,0,
2025-06-29,05:05:00,cool,compressorCoolOff,hold,Sleep,78,78,78.1,61,74.2,0,0,0,0,0,,78.6,61,77.6,0,
2025-06-29,05:10:00,cool,compressorCoolOff,hold,Sleep,78,78,78.1,61,74.2,0,0,0,0,0,,78.6,61,77.6,0,
2025-06-29,05:15:00,cool,compressorCoolOff,hold,Sleep,78,78,78.1,61,74.2,0,0,0,0,0,,78.6,61,77.6,0,
2025-06-29,05:20:00,cool,compressorCoolOff,hold,Sleep,78,78,78.1,61,74.2,0,0,0,0,0,,78.6,61,77.6,0,
2025-06-29,05:25:00,cool,compressorCoolOff,hold,Sleep,78,78,78.1,61,74.2,0,0,0,0,0,,78.6,61,77.6,0,
2025-06-29,05:30:00,cool,compressorCoolOff,hold,Sleep,78,78,78.1,61,74.2,0,0,0,0,0,,78.6,61,77.6,0,
2025-06-29,05:35:00,cool,compressorCoolOff,hold,Sleep,78,78,78.1,62,74.2,0,0,0,0,0,,78.6,62,77.6,0,
2025-06-29,05:40:00,cool,compressorCoolOff,hold,Sleep,78,78,78.1,62,74.2,0,0,0,0,0,,78.6,62,77.6,0,
2025-06-29,05:45:00,cool,compressorCoolOff,hold,Sleep,78,78,78.1,62,74.2,0,0,0,0,0,,78.6,62,77.6,0,
2025-06-29,05:50:00,cool,compressorCoolOff,hold,Sleep,78,78,78.2,62,74.2,0,0,0,0,0,,78.6,62,77.8,0,
2025-06-29,05:55:00,cool,compressorCoolOff,hold,Sleep,78,78,78.2,62,74.2,0,0,0,0,0,,78.6,62,77.8,0,
2025-06-29,06:00:00,cool,compressorCoolOff,hold,Sleep,78,78,78.2,62,74,0,0,0,0,0,,78.6,62,77.8,0,
2025-06-29,06:05:00,cool,compressorCoolOff,hold,Sleep,78,78,78.2,62,74,0,0,0,0,0,,78.6,62,77.8,0,
2025-06-29,06:10:00,cool,compressorCoolOff,hold,Sleep,78,78,78.2,62,74,0,0,0,0,0,,78.6,62,77.8,0,
2025-06-29,06:15:00,cool,compressorCoolOff,hold,Sleep,78,78,78.2,62,74,0,0,0,0,0,,78.7,62,77.8,0,
2025-06-29,06:20:00,cool,compressorCoolOff,hold,Sleep,78,78,78.2,62,74,0,0,0,0,0,,78.7,62,77.8,0,
2025-06-29,06:25:00,cool,compressorCoolOff,hold,Sleep,78,78,78.2,62,74,0,0,0,0,0,,78.7,62,77.8,0,
2025-06-29,06:30:00,cool,compressorCoolOff,hold,Sleep,78,78,78.2,62,74,0,0,0,0,0,,78.7,62,77.8,0,
2025-06-29,06:35:00,cool,compressorCoolOff,hold,Sleep,78,78,78.2,62,74,0,0,0,0,0,,78.7,62,77.8,0,
2025-06-29,06:40:00,cool,compressorCoolOff,hold,Sleep,78,78,78.2,62,74,0,0,0,0,0,,78.7,62,77.8,0,
2025-06-29,06:45:00,cool,compressorCoolOff,hold,Sleep,78,78,78.2,62,74,0,0,0,0,0,,78.7,62,77.8,0,
2025-06-29,06:50:00,cool,compressorCoolOff,hold,Sleep,78,78,78.2,62,74,0,0,0,0,0,,78.7,62,77.8,0,
2025-06-29,06:55:00,cool,compressorCoolOff,hold,Sleep,78,78,78.2,62,74,0,0,0,0,0,,78.7,62,77.8,0,
2025-06-29,07:00:00,cool,compressorCoolOff,hold,Sleep,78,78,78.2,62,75.4,0,0,0,0,0,,78.7,62,77.8,0,
2025-06-29,07:05:00,cool,compressorCoolOff,hold,Sleep,78,78,78.2,62,75.4,0,0,0,0,0,,78.7,62,77.8,0,
2025-06-29,07:10:00,cool,compressorCoolOff,hold,Sleep,78,78,78.2,62,75.4,0,0,0,0,0,,78.7,62,77.8,0,
2025-06-29,07:15:00,cool,compressorCoolOff,hold,Sleep,78,78,78.2,62,75.4,0,0,0,0,0,,78.7,62,77.8,0,
2025-06-29,07:20:00,cool,compressorCoolOff,hold,Sleep,78,78,78.2,62,75.4,0,0,0,0,0,,78.7,62,77.8,0,
2025-06-29,07:25:00,cool,compressorCoolOff,hold,Sleep,78,78,78.2,62,75.4,0,0,0,0,0,,78.7,62,77.8,0,
2025-06-29,07:30:00,cool,compressorCoolOff,hold,Sleep,78,78,78.2,62,76.8,0,0,0,0,0,,78.7,62,77.8,0,
2025-06-29,07:35:00,cool,compressorCoolOff,hold,Sleep,78,78,78.2,62,76.8,0,0,0,0,0,,78.7,62,77.8,0,
2025-06-29,07:40:00,cool,compressorCoolOff,hold,Sleep,78,78,78.2,62,76.8,0,0,0,0,0,,78.7,62,77.8,0,
2025-06-29,07:45:00,cool,compressorCoolOff,hold,Sleep,78,78,78.2,62,76.8,0,0,0,0,0,,78.7,62,77.8,0,
2025-06-29,07:50:00,cool,compressorCoolOff,hold,Sleep,78,78,78.2,62,76.8,0,0,0,0,0,,78.7,62,77.8,0,
2025-06-29,07:55:00,cool,compressorCoolOff,hold,Sleep,78,78,78.3,62,76.8,0,0,0,0,0,,78.8,62,77.8,0,
2025-06-29,08:00:00,cool,compressorCoolOff,hold,Home,78,78,78.3,62,78.1,0,0,0,0,0,,78.8,62,77.8,0,
2025-06-29,08:05:00,cool,compressorCoolOff,hold,Home,78,78,78.3,62,78.1,0,0,0,0,0,,78.8,62,77.8,0,
2025-06-29,08:10:00,cool,compressorCoolOff,hold,Home,78,78,78.3,62,78.1,0,0,0,0,0,,78.8,62,77.8,0,
2025-06-29,08:15:00,cool,compressorCoolOff,hold,Home,78,78,78.3,62,78.1,0,0,0,0,0,,78.8,62,77.8,0,
2025-06-29,08:20:00,cool,compressorCoolOff,hold,Home,78,78,78.2,62,78.1,0,0,0,0,0,,78.7,62,77.8,0,
2025-06-29,08:25:00,cool,compressorCoolOff,hold,Home,78,78,78.2,62,78.1,0,0,0,0,0,,78.6,62,77.8,0,
2025-06-29,08:30:00,cool,compressorCoolOff,hold,Home,78,78,78.2,62,79.7,0,0,0,0,0,,78.6,62,77.8,0,
2025-06-29,08:35:00,cool,compressorCoolOff,hold,Home,78,78,78.2,62,79.7,0,0,0,0,0,,78.6,62,77.8,0,
2025-06-29,08:40:00,cool,compressorCoolOff,hold,Home,78,78,78.2,62,79.7,0,0,0,0,0,,78.7,62,77.8,0,
2025-06-29,08:45:00,cool,compressorCoolOff,hold,Home,78,78,78.3,62,79.7,0,0,0,0,0,,78.8,62,77.8,0,
2025-06-29,08:50:00,cool,compressorCoolOff,hold,Home,78,78,78.3,62,79.7,0,0,0,0,0,,78.8,62,77.8,0,
2025-06-29,08:55:00,cool,compressorCoolOff,hold,Home,78,78,78.3,62,79.7,0,0,0,0,0,,78.8,62,77.8,0,
2025-06-29,09:00:00,cool,compressorCoolOff,hold,Home,78,78,78.3,62,81.1,0,0,0,0,0,,78.8,62,77.8,0,
2025-06-29,09:05:00,cool,compressorCoolOff,hold,Home,78,78,78.3,62,81.1,0,0,0,0,0,,78.9,62,77.8,0,
2025-06-29,09:10:00,cool,compressorCoolOff,hold,Home,78,78,78.3,62,81.1,0,0,0,0,0,,78.9,62,77.8,0,
2025-06-29,09:15:00,cool,compressorCoolOff,hold,Home,78,78,78.4,62,81.1,0,0,0,0,0,,78.9,62,78,0,
2025-06-29,09:20:00,cool,compressorCoolOff,hold,Home,78,78,78.4,62,81.1,0,0,0,0,0,,78.9,62,78,0,
2025-06-29,09:25:00,cool,compressorCoolOff,hold,Home,78,78,78.4,62,81.1,0,255,0,0,255,,78.9,62,78,0,
2025-06-29,09:30:00,cool,compressorCoolStage1On,hold,Home,78,78,78.3,60,81.1,0,300,0,0,300,,78.8,60,77.8,0,
2025-06-29,09:35:00,cool,compressorCoolStage1On,hold,Home,78,78,78,57,81.1,0,105,0,0,150,,78.6,57,77.4,0,
2025-06-29,09:40:00,cool,compressorCoolOff,hold,Home,78,78,77.6,57,81.1,0,0,0,0,0,,78.4,57,77,0,
2025-06-29,09:45:00,cool,compressorCoolOff,hold,Home,78,78,77.6,58,81.1,0,0,0,0,0,,78.4,58,76.9,0,
2025-06-29,09:50:00,cool,compressorCoolOff,hold,Home,78,78,77.7,58,81.1,0,0,0,0,0,,78.4,58,76.9,0,
2025-06-29,09:55:00,cool,compressorCoolOff,hold,Home,78,78,77.8,58,81.1,0,0,0,0,0,,78.5,58,77.1,0,
2025-06-29,10:00:00,cool,compressorCoolOff,hold,Home,78,78,77.9,59,83.9,0,0,0,0,0,,78.6,59,77.3,0,
2025-06-29,10:05:00,cool,compressorCoolOff,hold,Home,78,78,77.9,60,83.9,0,0,0,0,0,,78.6,60,77.3,0,
2025-06-29,10:10:00,cool,compressorCoolOff,hold,Home,78,78,78,60,83.9,0,0,0,0,0,,78.7,60,77.3,0,
2025-06-29,10:15:00,cool,compressorCoolOff,hold,Home,78,78,78,60,83.9,0,0,0,0,0,,78.7,60,77.4,0,
2025-06-29,10:20:00,cool,compressorCoolOff,hold,Home,78,78,78.1,60,83.9,0,0,0,0,0,,78.8,60,77.5,0,
2025-06-29,10:25:00,cool,compressorCoolOff,hold,Home,78,78,78.1,60,83.9,0,0,0,0,0,,78.8,60,77.5,0,
2025-06-29,10:30:00,cool,compressorCoolOff,hold,Home,78,78,78.1,60,83.9,0,0,0,0,0,,78.8,60,77.5,0,
2025-06-29,10:35:00,cool,compressorCoolOff,hold,Home,78,78,78.2,59,83.9,0,0,0,0,0,,78.8,59,77.6,0,
2025-06-29,10:40:00,cool,compressorCoolOff,hold,Home,78,78,78.2,59,83.9,0,0,0,0,0,,78.9,59,77.6,0,
2025-06-29,10:45:00,cool,compressorCoolOff,hold,Home,78,78,78.2,60,83.9,0,0,0,0,0,,78.9,60,77.6,0,
2025-06-29,10:50:00,cool,compressorCoolOff,hold,Home,78,78,78.2,61,83.9,0,0,0,0,0,,78.9,61,77.6,0,
2025-06-29,10:55:00,cool,compressorCoolOff,hold,Home,78,78,78.3,61,83.9,0,0,0,0,0,,78.9,61,77.8,0,
2025-06-29,11:00:00,cool,compressorCoolOff,hold,Home,78,78,78.4,61,86.2,0,0,0,0,0,,79,61,77.8,0,
2025-06-29,11:05:00,cool,compressorCoolOff,hold,Home,78,78,78.4,61,86.2,0,0,0,0,0,,79,61,77.8,0,
2025-06-29,11:10:00,cool,compressorCoolOff,hold,Home,78,78,78.4,61,86.2,0,0,0,0,0,,79,61,77.8,0,
2025-06-29,11:15:00,cool,compressorCoolOff,hold,Home,78,78,78.4,61,86.2,0,0,0,0,0,,79.1,61,77.8,0,
2025-06-29,11:20:00,cool,compressorCoolOff,hold,Home,78,78,78.4,61,86.2,0,0,0,0,0,,79.1,61,77.8,0,
2025-06-29,11:25:00,cool,compressorCoolOff,hold,Home,78,78,78.4,61,86.2,0,105,0,0,105,,79.1,61,77.8,0,
2025-06-29,11:30:00,cool,compressorCoolStage1On,hold,Home,78,78,78.4,60,86.2,0,300,0,0,300,,79.1,60,77.8,0,
2025-06-29,11:35:00,cool,compressorCoolStage1On,hold,Home,78,78,78.3,57,86.2,0,300,0,0,300,,78.9,57,77.7,0,
2025-06-29,11:40:00,cool,compressorCoolStage1On,hold,Home,78,78,77.9,56,86.2,0,165,0,0,210,,78.6,56,77.3,0,
2025-06-29,11:45:00,cool,compressorCoolOff,hold,Home,78,78,77.5,55,86.2,0,0,0,0,0,,78.4,55,76.7,0,
2025-06-29,11:50:00,cool,compressorCoolOff,hold,Home,78,78,77.5,56,86.2,0,0,0,0,0,,78.4,56,76.7,0,
2025-06-29,11:55:00,cool,compressorCoolOff,hold,Home,78,78,77.6,58,86.2,0,0,0,0,0,,78.5,58,76.8,0,
2025-06-29,12:00:00,cool,compressorCoolOff,hold,Home,78,78,77.8,58,88.2,0,0,0,0,0,,78.7,58,76.9,0,
2025-06-29,12:05:00,cool,compressorCoolOff,hold,Home,78,78,77.9,58,88.2,0,0,0,0,0,,78.8,58,77.1,0,
2025-06-29,12:10:00,cool,compressorCoolOff,hold,Home,78,78,78.1,58,88.2,0,0,0,0,0,,78.9,58,77.4,0,
2025-06-29,12:15:00,cool,compressorCoolOff,hold,Home,78,78,78.2,58,88.2,0,0,0,0,0,,78.9,58,77.5,0,
2025-06-29,12:20:00,cool,compressorCoolOff,hold,Home,78,78,78.3,58,88.2,0,0,0,0,0,,79,58,77.6,0,
2025-06-29,12:25:00,cool,compressorCoolOff,hold,Home,78,78,78.4,58,88.2,0,0,0,0,0,,79,58,77.8,0,
2025-06-29,12:30:00,cool,compressorCoolOff,hold,Home,78,78,78.4,58,88.2,0,15,0,0,15,,79.1,58,77.8,0,
2025-06-29,12:35:00,cool,compressorCoolStage1On,hold,Home,78,78,78.5,58,88.2,0,300,0,0,300,,79.1,58,78,0,
2025-06-29,12:40:00,cool,compressorCoolStage1On,hold,Home,78,78,78.4,56,88.2,0,300,0,0,300,,79,56,78,0,
2025-06-29,12:45:00,cool,compressorCoolStage1On,hold,Home,78,78,78.1,54,88.2,0,240,0,0,285,,78.7,54,77.5,0,
2025-06-29,12:50:00,cool,compressorCoolOff,hold,Home,78,78,77.7,54,88.2,0,0,0,0,0,,78.4,54,77,0,
2025-06-29,12:55:00,cool,compressorCoolOff,hold,Home,78,78,77.6,55,88.2,0,0,0,0,0,,78.4,55,76.9,0,
2025-06-29,13:00:00,cool,compressorCoolOff,hold,Home,78,78,77.7,56,89.5,0,0,0,0,0,,78.6,56,77,0,
2025-06-29,13:05:00,cool,compressorCoolOff,hold,Home,78,78,77.9,57,89.5,0,0,0,0,0,,78.7,57,77.1,0,
2025-06-29,13:10:00,cool,compressorCoolOff,hold,Home,78,78,78,57,89.5,0,0,0,0,0,,78.8,57,77.4,0,
2025-06-29,13:15:00,cool,compressorCoolOff,hold,Home,78,78,78.2,57,89.5,0,0,0,0,0,,78.9,57,77.6,0,
2025-06-29,13:20:00,cool,compressorCoolOff,hold,Home,78,78,78.3,57,89.5,0,0,0,0,0,,78.9,57,77.8,0,
2025-06-29,13:25:00,cool,compressorCoolOff,hold,Home,78,78,78.4,57,89.5,0,0,0,0,0,,79,57,77.8,0,
2025-06-29,13:30:00,cool,compressorCoolOff,hold,Home,78,78,78.4,58,89.5,0,0,0,0,0,,79.1,58,77.8,0,
2025-06-29,13:35:00,cool,compressorCoolOff,hold,Home,78,78,78.6,57,89.5,0,285,0,0,285,,79.1,57,78.1,0,
2025-06-29,13:40:00,cool,compressorCoolStage1On,hold,Home,78,78,78.5,56,89.5,0,300,0,0,300,,79,56,78,0,
2025-06-29,13:45:00,cool,compressorCoolStage1On,hold,Home,78,78,78.2,54,89.5,0,300,0,0,300,,78.8,54,77.7,0,
2025-06-29,13:50:00,cool,compressorCoolStage1On,hold,Home,78,78,77.9,53,89.5,0,120,0,0,165,,78.5,53,77.3,0,
2025-06-29,13:55:00,cool,compressorCoolOff,hold,Home,78,78,77.6,53,89.5,0,0,0,0,0,,78.4,53,77,0,
2025-06-29,14:00:00,cool,compressorCoolOff,hold,Home,78,78,77.7,55,90.4,0,0,0,0,0,,78.5,55,76.9,0,
2025-06-29,14:05:00,cool,compressorCoolOff,hold,Home,78,78,77.9,56,90.4,0,0,0,0,0,,78.6,56,77.2,0,
2025-06-29,14:10:00,cool,compressorCoolOff,hold,Home,78,78,78.1,56,90.4,0,0,0,0,0,,78.7,56,77.5,0,
2025-06-29,14:15:00,cool,compressorCoolOff,hold,Home,78,78,78.2,56,90.4,0,0,0,0,0,,78.8,56,77.6,0,
2025-06-29,14:20:00,cool,compressorCoolOff,hold,Home,78,78,78.3,56,90.4,0,0,0,0,0,,78.9,56,77.8,0,
2025-06-29,14:25:00,cool,compressorCoolStage1On,hold,Home,78,78,78.6,56,90.4,0,300,0,0,300,,79,56,78.2,0,
2025-06-29,14:30:00,cool,compressorCoolStage1On,hold,Home,78,78,78.4,54,90.7,0,300,0,0,300,,78.9,54,78,0,
2025-06-29,14:35:00,cool,compressorCoolStage1On,hold,Home,78,78,78.1,53,90.7,0,285,0,0,300,,78.6,53,77.6,0,
2025-06-29,14:40:00,cool,compressorCoolOff,hold,Home,78,78,77.7,52,90.7,0,0,0,0,30,,78.4,52,77.2,0,
2025-06-29,14:45:00,cool,compressorCoolOff,hold,Home,78,78,77.7,53,90.7,0,0,0,0,0,,78.4,53,77.1,0,
2025-06-29,14:50:00,cool,compressorCoolOff,hold,Home,78,78,77.8,54,90.7,0,0,0,0,0,,78.5,54,77.1,0,
2025-06-29,14:55:00,cool,compressorCoolOff,hold,Home,78,78,78,55,90.7,0,0,0,0,0,,78.6,55,77.4,0,
2025-06-29,15:00:00,cool,compressorCoolOff,hold,Home,78,78,78.2,56,91,0,0,0,0,0,,78.7,56,77.6,0,
2025-06-29,15:05:00,cool,compressorCoolOff,hold,Home,78,78,78.3,56,91,0,0,0,0,0,,78.8,56,77.8,0,
2025-06-29,15:10:00,cool,compressorCoolOff,hold,Home,78,78,78.3,57,91,0,0,0,0,0,,78.9,57,77.8,0,
2025-06-29,15:15:00,cool,compressorCoolStage1On,hold,Home,78,78,78.6,57,91,0,300,0,0,300,,79,57,78.2,0,
2025-06-29,15:20:00,cool,compressorCoolStage1On,hold,Home,78,78,78.5,55,91,0,300,0,0,300,,78.9,55,78.2,0,
2025-06-29,15:25:00,cool,compressorCoolStage1On,hold,Home,78,78,78.2,53,91,0,300,0,0,300,,78.6,53,77.8,0,
2025-06-29,15:30:00,cool,compressorCoolStage1On,hold,Home,78,78,77.8,52,91,0,90,0,0,135,,78.3,52,77.4,0,
2025-06-29,15:35:00,cool,compressorCoolOff,hold,Home,78,78,77.7,53,91,0,0,0,0,0,,78.3,53,77.1,0,
2025-06-29,15:40:00,cool,compressorCoolOff,hold,Home,78,78,77.7,54,91,0,0,0,0,0,,78.4,54,77.1,0,
2025-06-29,15:45:00,cool,compressorCoolOff,hold,Home,78,78,77.8,55,91,0,0,0,0,0,,78.5,55,77.2,0,
2025-06-29,15:50:00,cool,compressorCoolOff,hold,Home,78,78,78.1,56,91,0,0,0,0,0,,78.7,56,77.6,0,
2025-06-29,15:55:00,cool,compressorCoolOff,hold,Home,78,78,78.4,56,91,0,30,0,0,30,,78.8,56,78,0,
2025-06-29,16:00:00,cool,compressorCoolStage1On,hold,Home,78,78,78.5,55,90.7,0,300,0,0,300,,78.9,55,78.2,0,
2025-06-29,16:05:00,cool,compressorCoolStage1On,hold,Home,78,78,78.4,53,90.7,0,300,0,0,300,,78.8,53,78.2,0,
2025-06-29,16:10:00,cool,compressorCoolStage1On,hold,Home,78,78,78.3,52,90.7,0,300,0,0,300,,78.5,52,78.2,0,
2025-06-29,16:15:00,cool,compressorCoolStage1On,hold,Home,78,78,77.8,52,90.7,0,75,0,0,120,,78.2,52,77.3,0,
2025-06-29,16:20:00,cool,compressorCoolOff,hold,Home,78,78,77.5,52,90.7,0,0,0,0,0,,78.2,52,76.9,0,
2025-06-29,16:25:00,cool,compressorCoolOff,hold,Home,78,78,77.6,53,90.7,0,0,0,0,0,,78.3,53,77,0,
2025-06-29,16:30:00,cool,compressorCoolOff,hold,Home,78,78,77.8,54,90.7,0,0,0,0,0,,78.5,54,77.2,0,
2025-06-29,16:35:00,cool,compressorCoolOff,hold,Home,78,78,78,55,90.7,0,0,0,0,0,,78.6,55,77.6,0,
2025-06-29,16:40:00,cool,compressorCoolOff,hold,Home,78,78,78.2,56,90.7,0,0,0,0,0,,78.7,56,77.8,0,
2025-06-29,16:45:00,cool,compressorCoolOff,hold,Home,78,78,78.4,57,90.7,0,15,0,0,15,,78.8,57,78,0,
2025-06-29,16:50:00,cool,compressorCoolStage1On,hold,Home,78,78,78.6,56,90.7,0,300,0,0,300,,78.9,56,78.4,0,
2025-06-29,16:55:00,cool,compressorCoolStage1On,hold,Home,78,78,78.4,54,90.7,0,300,0,0,300,,78.8,54,78.2,0,
2025-06-29,17:00:00,cool,compressorCoolStage1On,hold,Home,78,78,78.1,53,90.5,0,300,0,0,300,,78.5,53,77.8,0,
2025-06-29,17:05:00,cool,compressorCoolStage1On,hold,Home,78,78,77.9,52,90.5,0,75,0,0,120,,78.3,52,77.5,0,
2025-06-29,17:10:00,cool,compressorCoolOff,hold,Home,78,78,77.7,52,90.5,0,0,0,0,0,,78.2,52,77.2,0,
2025-06-29,17:15:00,cool,compressorCoolOff,hold,Home,78,78,77.8,53,90.5,0,0,0,0,0,,78.4,53,77.3,0,
2025-06-29,17:20:00,cool,compressorCoolOff,hold,Home,78,78,78,54,90.5,0,0,0,0,0,,78.5,54,77.6,0,
2025-06-29,17:25:00,cool,compressorCoolOff,hold,Home,78,78,78.2,55,90.5,0,0,0,0,0,,78.7,55,77.8,0,
2025-06-29,17:30:00,cool,compressorCoolOff,hold,Home,78,78,78.4,56,86.7,0,60,0,0,60,,78.8,56,78,0,
2025-06-29,17:35:00,cool,compressorCoolStage1On,hold,Home,78,78,78.5,55,86.7,0,300,0,0,300,,78.9,55,78.2,0,
2025-06-29,17:40:00,cool,compressorCoolStage1On,hold,Home,78,78,78.4,53,86.7,0,300,0,0,300,,78.7,53,78.2,0,
2025-06-29,17:45:00,cool,compressorCoolStage1On,hold,Home,78,78,78.1,52,86.7,0,240,0,0,285,,78.4,52,77.8,0,
2025-06-29,17:50:00,cool,compressorCoolOff,hold,Home,78,78,77.7,52,86.7,0,0,0,0,0,,78.2,52,77.4,0,
2025-06-29,17:55:00,cool,compressorCoolOff,hold,Home,78,78,77.7,53,86.7,0,0,0,0,0,,78.2,53,77.3,0,
2025-06-29,18:00:00,cool,compressorCoolOff,hold,Home,78,78,77.9,54,86.6,0,0,0,0,0,,78.4,54,77.4,0,
2025-06-29,18:05:00,cool,compressorCoolOff,hold,Home,78,78,78.1,55,86.6,0,0,0,0,0,,78.5,55,77.6,0,
2025-06-29,18:10:00,cool,compressorCoolOff,hold,Home,78,78,78.2,56,86.6,0,0,0,0,0,,78.6,56,77.8,0,
2025-06-29,18:15:00,cool,compressorCoolOff,hold,Home,78,78,78.3,56,86.6,0,45,0,0,45,,78.7,56,78,0,
2025-06-29,18:20:00,cool,compressorCoolStage1On,hold,Home,78,78,78.5,55,86.6,0,300,0,0,300,,78.8,55,78.2,0,
2025-06-29,18:25:00,cool,compressorCoolStage1On,hold,Home,78,78,78.4,53,86.6,0,300,0,0,300,,78.7,53,78.2,0,
2025-06-29,18:30:00,cool,compressorCoolStage1On,hold,Home,78,78,77.9,52,86.6,0,15,0,0,60,,78.4,52,77.6,0,
2025-06-29,18:35:00,cool,compressorCoolOff,hold,Home,78,78,77.8,53,86.6,0,0,0,0,0,,78.3,53,77.3,0,
2025-06-29,18:40:00,cool,compressorCoolOff,hold,Home,78,78,77.8,54,86.6,0,0,0,0,0,,78.4,54,77.4,0,
2025-06-29,18:45:00,cool,compressorCoolOff,hold,Home,78,78,78,54,86.6,0,0,0,0,0,,78.5,54,77.7,0,
2025-06-29,18:50:00,cool,compressorCoolOff,hold,Home,78,78,78.2,55,86.6,0,0,0,0,0,,78.6,55,77.8,0,
2025-06-29,18:55:00,cool,compressorCoolOff,hold,Home,78,78,78.2,56,86.6,0,0,0,0,0,,78.7,56,77.9,0,
2025-06-29,19:00:00,cool,compressorCoolOff,hold,Home,78,78,78.4,57,86.6,0,135,0,0,135,,78.7,57,78,0,
2025-06-29,19:05:00,cool,compressorCoolStage1On,hold,Home,78,78,78.4,55,86.6,0,300,0,0,300,,78.7,55,78.1,0,
2025-06-29,19:10:00,cool,compressorCoolStage1On,hold,Home,78,78,78.2,53,86.6,0,240,0,0,285,,78.5,53,77.9,0,
2025-06-29,19:15:00,cool,compressorCoolOff,hold,Home,78,78,77.9,53,86.6,0,0,0,0,0,,78.2,53,77.5,0,
2025-06-29,19:20:00,cool,compressorCoolOff,hold,Home,78,78,77.7,53,86.6,0,0,0,0,0,,78.2,53,77.3,0,
2025-06-29,19:25:00,cool,compressorCoolOff,hold,Home,78,78,77.9,55,86.6,0,0,0,0,0,,78.3,55,77.5,0,
2025-06-29,19:30:00,cool,compressorCoolOff,hold,Home,78,78,78,57,86.6,0,0,0,0,0,,78.4,57,77.7,0,
2025-06-29,19:35:00,cool,compressorCoolOff,hold,Home,78,78,78.1,57,86.6,0,0,0,0,0,,78.4,57,77.9,0,
2025-06-29,19:40:00,cool,compressorCoolOff,hold,Home,78,78,78.3,57,86.6,0,0,0,0,0,,78.5,57,78.1,0,
2025-06-29,19:45:00,cool,compressorCoolOff,hold,Home,78,78,78.4,57,86.6,0,0,0,0,0,,78.6,57,78.2,0,
2025-06-29,19:50:00,cool,compressorCoolOff,hold,Home,78,78,78.4,58,86.6,0,45,0,0,45,,78.7,58,78.2,0,
2025-06-29,19:55:00,cool,compressorCoolStage1On,hold,Home,78,78,78.5,57,86.6,0,300,0,0,300,,78.7,57,78.2,0,
2025-06-29,20:00:00,cool,compressorCoolStage1On,hold,Home,78,78,78.4,54,81.3,0,300,0,0,300,,78.5,54,78.3,0,
2025-06-29,20:05:00,cool,compressorCoolStage1On,hold,Home,78,78,78.1,53,81.3,0,240,0,0,285,,78.2,53,78,0,
2025-06-29,20:10:00,cool,compressorCoolOff,hold,Home,78,78,77.9,52,81.3,0,0,0,0,0,,77.9,52,78,0,
2025-06-29,20:15:00,cool,compressorCoolOff,hold,Home,78,78,77.5,53,81.3,0,0,0,0,0,,77.9,53,77.1,0,
2025-06-29,20:20:00,cool,compressorCoolOff,hold,Home,78,78,77.6,54,81.3,0,0,0,0,0,,78.1,54,77.2,0,
2025-06-29,20:25:00,cool,compressorCoolOff,hold,Home,78,78,77.8,56,81.3,0,0,0,0,0,,78.2,56,77.4,0,
2025-06-29,20:30:00,cool,compressorCoolOff,hold,Home,78,78,77.9,56,81.3,0,0,0,0,0,,78.3,56,77.6,0,
2025-06-29,20:35:00,cool,compressorCoolOff,hold,Home,78,78,78.1,56,81.3,0,0,0,0,0,,78.4,56,77.8,0,
2025-06-29,20:40:00,cool,compressorCoolOff,hold,Home,78,78,78.1,56,81.3,0,0,0,0,0,,78.4,56,77.8,0,
2025-06-29,20:45:00,cool,compressorCoolOff,hold,Home,78,78,78.2,57,81.3,0,0,0,0,0,,78.5,57,78,0,
2025-06-29,20:50:00,cool,compressorCoolOff,hold,Home,78,78,78.3,57,81.3,0,0,0,0,0,,78.5,57,78.2,0,
2025-06-29,20:55:00,cool,compressorCoolOff,hold,Home,78,78,78.4,57,81.3,0,0,0,0,0,,78.6,57,78.2,0,
2025-06-29,21:00:00,cool,compressorCoolOff,hold,Home,78,78,78.4,57,79.1,0,30,0,0,30,,78.6,57,78.2,0,
2025-06-29,21:05:00,cool,compressorCoolStage1On,hold,Home,78,78,78.5,56,79.1,0,300,0,0,300,,78.6,56,78.4,0,
2025-06-29,21:10:00,cool,compressorCoolStage1On,hold,Home,78,78,78.3,54,79.1,0,300,0,0,300,,78.4,54,78.2,0,
2025-06-29,21:15:00,cool,compressorCoolStage1On,hold,Home,78,78,77.9,53,79.1,0,60,0,0,105,,78.1,53,77.7,0,
2025-06-29,21:20:00,cool,compressorCoolOff,hold,Home,78,78,77.6,53,79.1,0,0,0,0,0,,78,53,77.4,0,
2025-06-29,21:25:00,cool,compressorCoolOff,hold,Home,78,78,77.7,54,79.1,0,0,0,0,0,,78,54,77.4,0,
2025-06-29,21:30:00,cool,compressorCoolOff,hold,Home,78,78,77.8,56,79.1,0,0,0,0,0,,78.1,56,77.5,0,
2025-06-29,21:35:00,cool,compressorCoolOff,hold,Home,78,78,77.9,56,79.1,0,0,0,0,0,,78.3,56,77.6,0,
2025-06-29,21:40:00,cool,compressorCoolOff,hold,Home,78,78,78.1,56,79.1,0,0,0,0,0,,78.4,56,77.8,0,
2025-06-29,21:45:00,cool,compressorCoolOff,hold,Home,78,78,78.2,56,79.1,0,0,0,0,0,,78.4,56,78,0,
2025-06-29,21:50:00,cool,compressorCoolOff,hold,Home,78,78,78.3,57,79.1,0,0,0,0,0,,78.5,57,78.2,0,
2025-06-29,21:55:00,cool,compressorCoolOff,hold,Home,78,78,78.3,57,79.1,0,0,0,0,0,,78.5,57,78.2,0,
2025-06-29,22:00:00,cool,compressorCoolOff,hold,Home,78,78,78.4,57,79.2,0,0,0,0,0,,78.6,57,78.2,0,
2025-06-29,22:05:00,cool,compressorCoolOff,hold,Home,78,78,78.4,57,79.2,0,240,0,0,240,,78.6,57,78.3,0,
2025-06-29,22:10:00,cool,compressorCoolStage1On,hold,Home,78,78,78.3,55,79.2,0,300,0,0,300,,78.5,55,78.2,0,
2025-06-29,22:15:00,cool,compressorCoolStage1On,hold,Home,78,78,78,53,79.2,0,120,0,0,165,,78.2,53,77.9,0,
2025-06-29,22:20:00,cool,compressorCoolOff,hold,Home,78,78,77.7,53,79.2,0,0,0,0,0,,78,53,77.5,0,
2025-06-29,22:25:00,cool,compressorCoolOff,hold,Home,78,78,77.6,54,79.2,0,0,0,0,0,,78,54,77.3,0,
2025-06-29,22:30:00,cool,compressorCoolOff,hold,Home,78,78,77.8,54,79.2,0,0,0,0,0,,78.1,54,77.5,0,
2025-06-29,22:35:00,cool,compressorCoolOff,hold,Home,78,78,77.9,56,79.2,0,0,0,0,0,,78.2,56,77.6,0,
2025-06-29,22:40:00,cool,compressorCoolOff,hold,Home,78,78,78,56,79.2,0,0,0,0,0,,78.2,56,77.8,0,
2025-06-29,22:45:00,cool,compressorCoolOff,hold,Home,78,78,78,57,79.2,0,0,0,0,0,,78.3,57,77.8,0,
2025-06-29,22:50:00,cool,compressorCoolOff,hold,Home,78,78,78.1,57,79.2,0,0,0,0,0,,78.4,57,77.9,0,
2025-06-29,22:55:00,cool,compressorCoolOff,hold,Home,78,78,78.2,57,79.2,0,0,0,0,0,,78.4,57,78,0,
2025-06-29,23:00:00,cool,compressorCoolOff,hold,Home,78,78,78.2,57,78.1,0,0,0,0,0,,78.5,57,78.1,0,
2025-06-29,23:05:00,cool,compressorCoolOff,hold,Home,78,78,78.3,57,78.1,0,0,0,0,0,,78.5,57,78.2,0,
2025-06-29,23:10:00,cool,compressorCoolOff,hold,Home,78,78,78.3,58,78.1,0,0,0,0,0,,78.5,58,78.2,0,
2025-06-29,23:15:00,cool,compressorCoolOff,hold,Home,78,78,78.3,58,78.1,0,0,0,0,0,,78.5,58,78.2,0,
2025-06-29,23:20:00,cool,compressorCoolOff,hold,Home,78,78,78.4,58,78.1,0,0,0,0,0,,78.6,58,78.2,0,
2025-06-29,23:25:00,cool,compressorCoolOff,hold,Home,78,78,78.4,58,78.1,0,0,0,0,0,,78.6,58,78.2,0,
2025-06-29,23:30:00,cool,compressorCoolOff,hold,Home,78,78,78.4,58,78.6,0,0,0,0,0,,78.6,58,78.2,0,
2025-06-29,23:35:00,cool,compressorCoolOff,hold,Home,78,78,78.4,58,78.6,0,0,0,0,0,,78.6,58,78.2,0,
2025-06-29,23:40:00,cool,compressorCoolOff,hold,Home,78,78,78.4,58,78.6,0,0,0,0,0,,78.6,58,78.2,0,
2025-06-29,23:45:00,cool,compressorCoolOff,hold,Home,78,78,78.4,58,78.6,0,0,0,0,0,,78.6,58,78.2,0,
2025-06-29,23:50:00,cool,compressorCoolOff,hold,Home,78,78,78.4,59,78.6,0,0,0,0,0,,78.7,59,78.2,0,
2025-06-29,23:55:00,cool,compressorCoolOff,hold,Home,78,78,78.4,59,78.6,0,0,0,0,0,,78.7,59,78.2,0,
2025-06-30,00:00:00,cool,compressorCoolOff,hold,Sleep,78,78,78.4,59,78.1,0,0,0,0,0,,78.7,59,78.2,0,
2025-06-30,00:05:00,cool,compressorCoolOff,hold,Sleep,78,78,78.4,59,78.1,0,75,0,0,75,,78.7,59,78.2,0,
2025-06-30,00:10:00,cool,compressorCoolStage1On,hold,Sleep,78,78,78.4,58,78.1,0,300,0,0,300,,78.6,58,78.3,0,
2025-06-30,00:15:00,cool,compressorCoolStage1On,hold,Sleep,78,78,78.3,56,78.1,0,300,0,0,300,,78.4,56,78.2,0,
2025-06-30,00:20:00,cool,compressorCoolOff,hold,Sleep,78,78,77.8,55,78.1,0,0,0,0,45,,78.1,55,77.5,0,
2025-06-30,00:25:00,cool,compressorCoolOff,hold,Sleep,78,78,77.5,55,78.1,0,0,0,0,0,,78,55,77.1,0,
2025-06-30,00:30:00,cool,compressorCoolOff,hold,Sleep,78,78,77.6,56,77.5,0,0,0,0,0,,78.1,56,77.1,0,
2025-06-30,00:35:00,cool,compressorCoolOff,hold,Sleep,78,78,77.6,56,77.5,0,0,0,0,0,,78.2,56,77.2,0,
2025-06-30,00:40:00,cool,compressorCoolOff,hold,Sleep,78,78,77.8,56,77.5,0,0,0,0,0,,78.3,56,77.4,0,
2025-06-30,00:45:00,cool,compressorCoolOff,hold,Sleep,78,78,77.9,57,77.5,0,0,0,0,0,,78.3,57,77.5,0,
2025-06-30,00:50:00,cool,compressorCoolOff,hold,Sleep,78,78,77.9,57,77.5,0,0,0,0,0,,78.3,57,77.5,0,
2025-06-30,00:55:00,cool,compressorCoolOff,hold,Sleep,78,78,78,57,77.5,0,0,0,0,0,,78.4,57,77.6,0,
2025-06-30,01:00:00,cool,compressorCoolOff,hold,Sleep,78,78,78,57,77.3,0,0,0,0,0,,78.4,57,77.6,0,
2025-06-30,01:05:00,cool,compressorCoolOff,hold,Sleep,78,78,78.1,58,77.3,0,0,0,0,0,,78.4,58,77.8,0,
2025-06-30,01:10:00,cool,compressorCoolOff,hold,Sleep,78,78,78.1,58,77.3,0,0,0,0,0,,78.4,58,77.8,0,
2025-06-30,01:15:00,cool,compressorCoolOff,hold,Sleep,78,78,78.1,58,77.3,0,0,0,0,0,,78.4,58,77.8,0,
2025-06-30,01:20:00,cool,compressorCoolOff,hold,Sleep,78,78,78.1,58,77.3,0,0,0,0,0,,78.5,58,77.8,0,
2025-06-30,01:25:00,cool,compressorCoolOff,hold,Sleep,78,78,78.1,58,77.3,0,0,0,0,0,,78.5,58,77.8,0,
2025-06-30,01:30:00,cool,compressorCoolOff,hold,Sleep,78,78,78.1,58,77.3,0,0,0,0,0,,78.5,58,77.8,0,
2025-06-30,01:35:00,cool,compressorCoolOff,hold,Sleep,78,78,78.1,59,77.3,0,0,0,0,0,,78.5,59,77.8,0,
2025-06-30,01:40:00,cool,compressorCoolOff,hold,Sleep,78,78,78.1,59,77.3,0,0,0,0,0,,78.5,59,77.8,0,
2025-06-30,01:45:00,cool,compressorCoolOff,hold,Sleep,78,78,78.3,59,77.3,0,0,0,0,0,,78.6,59,78,0,
2025-06-30,01:50:00,cool,compressorCoolOff,hold,Sleep,78,78,78.3,60,77.3,0,0,0,0,0,,78.6,60,78,0,
2025-06-30,01:55:00,cool,compressorCoolOff,hold,Sleep,78,78,78.3,60,77.3,0,0,0,0,0,,78.6,60,78,0,
2025-06-30,02:00:00,cool,compressorCoolOff,hold,Sleep,78,78,78.3,60,76.8,0,0,0,0,0,,78.6,60,78,0,
2025-06-30,02:05:00,cool,compressorCoolOff,hold,Sleep,78,78,78.3,60,76.8,0,0,0,0,0,,78.6,60,78,0,
2025-06-30,02:10:00,cool,compressorCoolOff,hold,Sleep,78,78,78.3,59,76.8,0,0,0,0,0,,78.6,59,78,0,
2025-06-30,02:15:00,cool,compressorCoolOff,hold,Sleep,78,78,78.3,60,76.8,0,0,0,0,0,,78.6,60,78,0,
2025-06-30,02:20:00,cool,compressorCoolOff,hold,Sleep,78,78,78.3,59,76.8,0,0,0,0,0,,78.7,59,78.1,0,
2025-06-30,02:25:00,cool,compressorCoolOff,hold,Sleep,78,78,78.4,59,76.8,0,0,0,0,0,,78.7,59,78.2,0,
2025-06-30,02:30:00,cool,compressorCoolOff,hold,Sleep,78,78,78.4,59,76.8,0,0,0,0,0,,78.7,59,78.2,0,
2025-06-30,02:35:00,cool,compressorCoolOff,hold,Sleep,78,78,78.4,59,76.8,0,0,0,0,0,,78.7,59,78.2,0,
2025-06-30,02:40:00,cool,compressorCoolOff,hold,Sleep,78,78,78.4,60,76.8,0,0,0,0,0,,78.7,60,78.2,0,
2025-06-30,02:45:00,cool,compressorCoolOff,hold,Sleep,78,78,78.4,61,76.8,0,0,0,0,0,,78.7,61,78.2,0,
2025-06-30,02:50:00,cool,compressorCoolOff,hold,Sleep,78,78,78.4,61,76.8,0,0,0,0,0,,78.7,61,78.2,0,
2025-06-30,02:55:00,cool,compressorCoolOff,hold,Sleep,78,78,78.4,61,76.8,0,0,0,0,0,,78.7,61,78.2,0,
2025-06-30,03:00:00,cool,compressorCoolOff,hold,Sleep,78,78,78.4,61,76.4,0,0,0,0,0,,78.7,61,78.2,0,
2025-06-30,03:05:00,cool,compressorCoolOff,hold,Sleep,78,78,78.4,61,76.4,0,45,0,0,45,,78.7,61,78.2,0,
2025-06-30,03:10:00,cool,compressorCoolStage1On,hold,Sleep,78,78,78.4,60,76.4,0,300,0,0,300,,78.7,60,78.2,0,
2025-06-30,03:15:00,cool,compressorCoolStage1On,hold,Sleep,78,78,78.2,57,76.4,0,300,0,0,300,,78.5,57,77.9,0,
2025-06-30,03:20:00,cool,compressorCoolStage1On,hold,Sleep,78,78,77.8,56,76.4,0,90,0,0,135,,78.2,56,77.5,0,
2025-06-30,03:25:00,cool,compressorCoolOff,hold,Sleep,78,78,77.5,56,76.4,0,0,0,0,0,,78,56,77.1,0,
2025-06-30,03:30:00,cool,compressorCoolOff,hold,Sleep,78,78,77.5,56,75.1,0,0,0,0,0,,78,56,76.9,0,
2025-06-30,03:35:00,cool,compressorCoolOff,hold,Sleep,78,78,77.6,56,75.1,0,0,0,0,0,,78.1,56,77.1,0,
2025-06-30,03:40:00,cool,compressorCoolOff,hold,Sleep,78,78,77.6,56,75.1,0,0,0,0,0,,78.2,56,77.1,0,
2025-06-30,03:45:00,cool,compressorCoolOff,hold,Sleep,78,78,77.8,57,75.1,0,0,0,0,0,,78.3,57,77.3,0,
2025-06-30,03:50:00,cool,compressorCoolOff,hold,Sleep,78,78,77.8,57,75.1,0,0,0,0,0,,78.3,57,77.3,0,
2025-06-30,03:55:00,cool,compressorCoolOff,hold,Sleep,78,78,77.8,58,75.1,0,0,0,0,0,,78.4,58,77.4,0,
2025-06-30,04:00:00,cool,compressorCoolOff,hold,Sleep,78,78,77.9,58,74.9,0,0,0,0,0,,78.4,58,77.5,0,
2025-06-30,04:05:00,cool,compressorCoolOff,hold,Sleep,78,78,77.9,58,74.9,0,0,0,0,0,,78.4,58,77.5,0,
2025-06-30,04:10:00,cool,compressorCoolOff,hold,Sleep,78,78,77.9,58,74.9,0,0,0,0,0,,78.4,58,77.5,0,
2025-06-30,04:15:00,cool,compressorCoolOff,hold,Sleep,78,78,77.9,59,74.9,0,0,0,0,0,,78.4,59,77.5,0,
2025-06-30,04:20:00,cool,compressorCoolOff,hold,Sleep,78,78,78,60,74.9,0,0,0,0,0,,78.5,60,77.6,0,
2025-06-30,04:25:00,cool,compressorCoolOff,hold,Sleep,78,78,78,60,74.9,0,0,0,0,0,,78.5,60,77.6,0,
2025-06-30,04:30:00,cool,compressorCoolOff,hold,Sleep,78,78,78,60,75.2,0,0,0,0,0,,78.5,60,77.6,0,
2025-06-30,04:35:00,cool,compressorCoolOff,hold,Sleep,78,78,78.1,60,75.2,0,0,0,0,0,,78.5,60,77.8,0,
2025-06-30,04:40:00,cool,compressorCoolOff,hold,Sleep,78,78,78.1,60,75.2,0,0,0,0,0,,78.5,60,77.8,0,
2025-06-30,04:45:00,cool,compressorCoolOff,hold,Sleep,78,78,78.1,60,75.2,0,0,0,0,0,,78.5,60,77.8,0,
2025-06-30,04:50:00,cool,compressorCoolOff,hold,Sleep,78,78,78.1,60,75.2,0,0,0,0,0,,78.5,60,77.8,0,
2025-06-30,04:55:00,cool,compressorCoolOff,hold,Sleep,78,78,78.1,60,75.2,0,0,0,0,0,,78.5,60,77.8,0,
2025-06-30,05:00:00,cool,compressorCoolOff,hold,Sleep,78,78,78.1,60,75.3,0,0,0,0,0,,78.5,60,77.8,0,
2025-06-30,05:05:00,cool,compressorCoolOff,hold,Sleep,78,78,78.1,60,75.3,0,0,0,0,0,,78.5,60,77.8,0,
2025-06-30,05:10:00,cool,compressorCoolOff,hold,Sleep,78,78,78.1,61,75.3,0,0,0,0,0,,78.5,61,77.8,0,
2025-06-30,05:15:00,cool,compressorCoolOff,hold,Sleep,78,78,78.2,61,75.3,0,0,0,0,0,,78.6,61,77.8,0,
2025-06-30,05:20:00,cool,compressorCoolOff,hold,Sleep,78,78,78.2,61,75.3,0,0,0,0,0,,78.6,61,77.8,0,
2025-06-30,05:25:00,cool,compressorCoolOff,hold,Sleep,78,78,78.2,61,75.3,0,0,0,0,0,,78.6,61,77.8,0,
2025-06-30,05:30:00,cool,compressorCoolOff,hold,Sleep,78,78,78.2,61,75.3,0,0,0,0,0,,78.6,61,77.8,0,
2025-06-30,05:35:00,cool,compressorCoolOff,hold,Sleep,78,78,78.2,61,75.3,0,0,0,0,0,,78.6,61,77.9,0,
2025-06-30,05:40:00,cool,compressorCoolOff,hold,Sleep,78,78,78.3,61,75.3,0,0,0,0,0,,78.6,61,78,0,
2025-06-30,05:45:00,cool,compressorCoolOff,hold,Sleep,78,78,78.3,61,75.3,0,0,0,0,0,,78.6,61,78,0,
2025-06-30,05:50:00,cool,compressorCoolOff,hold,Sleep,78,78,78.3,61,75.3,0,0,0,0,0,,78.7,61,78.1,0,
2025-06-30,05:55:00,cool,compressorCoolOff,hold,Sleep,78,78,78.4,62,75.3,0,0,0,0,0,,78.7,62,78.2,0,
2025-06-30,06:00:00,cool,compressorCoolOff,hold,Sleep,78,78,78.4,62,74.5,0,0,0,0,0,,78.7,62,78.2,0,
2025-06-30,06:05:00,cool,compressorCoolOff,hold,Sleep,78,78,78.4,62,74.5,0,0,0,0,0,,78.7,62,78.2,0,
2025-06-30,06:10:00,cool,compressorCoolOff,hold,Sleep,78,78,78.4,62,74.5,0,0,0,0,0,,78.7,62,78.2,0,
2025-06-30,06:15:00,cool,compressorCoolOff,hold,Sleep,78,78,78.4,62,74.5,0,0,0,0,0,,78.7,62,78.2,0,
2025-06-30,06:20:00,cool,compressorCoolOff,hold,Sleep,78,78,78.4,62,74.5,0,180,0,0,180,,78.7,62,78.2,0,
2025-06-30,06:25:00,cool,compressorCoolStage1On,hold,Sleep,78,78,78.4,60,74.5,0,300,0,0,300,,78.7,60,78.2,0,
2025-06-30,06:30:00,cool,compressorCoolStage1On,hold,Sleep,78,78,78.1,57,74.5,0,240,0,0,285,,78.4,57,77.8,0,
2025-06-30,06:35:00,cool,compressorCoolOff,hold,Sleep,78,78,77.7,56,74.5,0,0,0,0,0,,78.1,56,77.3,0,
2025-06-30,06:40:00,cool,compressorCoolOff,hold,Sleep,78,78,77.5,57,74.5,0,0,0,0,0,,78,57,77.1,0,
2025-06-30,06:45:00,cool,compressorCoolOff,hold,Sleep,78,78,77.6,57,74.5,0,0,0,0,0,,78.1,57,77.1,0,
2025-06-30,06:50:00,cool,compressorCoolOff,hold,Sleep,78,78,77.6,57,74.5,0,0,0,0,0,,78.2,57,77.1,0,
2025-06-30,06:55:00,cool,compressorCoolOff,hold,Sleep,78,78,77.8,58,74.5,0,0,0,0,0,,78.3,58,77.3,0,
2025-06-30,07:00:00,cool,compressorCoolOff,hold,Sleep,78,78,77.8,58,76.1,0,0,0,0,0,,78.3,58,77.3,0,
2025-06-30,07:05:00,cool,compressorCoolOff,hold,Sleep,78,78,77.9,59,76.1,0,0,0,0,0,,78.4,59,77.5,0,
2025-06-30,07:10:00,cool,compressorCoolOff,hold,Sleep,78,78,77.9,60,76.1,0,0,0,0,0,,78.4,60,77.5,0,
2025-06-30,07:15:00,cool,compressorCoolOff,hold,Sleep,78,78,77.9,60,76.1,0,0,0,0,0,,78.4,60,77.5,0,
2025-06-30,07:20:00,cool,compressorCoolOff,hold,Sleep,78,78,77.9,60,76.1,0,0,0,0,0,,78.4,60,77.5,0,
2025-06-30,07:25:00,cool,compressorCoolOff,hold,Sleep,78,78,78,60,76.1,0,0,0,0,0,,78.5,60,77.5,0,
2025-06-30,07:30:00,cool,compressorCoolOff,hold,Sleep,78,78,78,60,77.1,0,0,0,0,0,,78.5,60,77.6,0,
2025-06-30,07:35:00,cool,compressorCoolOff,hold,Sleep,78,78,78,60,77.1,0,0,0,0,0,,78.5,60,77.6,0,
2025-06-30,07:40:00,cool,compressorCoolOff,hold,Sleep,78,78,78,60,77.1,0,0,0,0,0,,78.5,60,77.6,0,
2025-06-30,07:45:00,cool,compressorCoolOff,hold,Sleep,78,78,78,60,77.1,0,0,0,0,0,,78.5,60,77.6,0,
2025-06-30,07:50:00,cool,compressorCoolOff,hold,Sleep,78,78,78,61,77.1,0,0,0,0,0,,78.5,61,77.6,0,
2025-06-30,07:55:00,cool,compressorCoolOff,hold,Sleep,78,78,78.1,61,77.1,0,0,0,0,0,,78.5,61,77.8,0,
2025-06-30,08:00:00,cool,compressorCoolOff,hold,Home,78,78,78.1,61,78.1,0,0,0,0,0,,78.5,61,77.8,0,
2025-06-30,08:05:00,cool,compressorCoolOff,hold,Home,78,78,78.1,61,78.1,0,0,0,0,0,,78.5,61,77.8,0,
2025-06-30,08:10:00,cool,compressorCoolOff,hold,Home,78,78,78.2,61,78.1,0,0,0,0,0,,78.6,61,77.8,0,
2025-06-30,08:15:00,cool,compressorCoolOff,hold,Home,78,78,78.2,61,78.1,0,0,0,0,0,,78.6,61,77.8,0,
2025-06-30,08:20:00,cool,compressorCoolOff,hold,Home,78,78,78.2,61,78.1,0,0,0,0,0,,78.6,61,77.8,0,
2025-06-30,08:25:00,cool,compressorCoolOff,hold,Home,78,78,78.2,61,78.1,0,0,0,0,0,,78.6,61,77.8,0,
2025-06-30,08:30:00,cool,compressorCoolOff,hold,Home,78,78,78.2,61,79.4,0,0,0,0,0,,78.7,61,77.8,0,
2025-06-30,08:35:00,cool,compressorCoolOff,hold,Home,78,78,78.2,61,79.4,0,0,0,0,0,,78.7,61,77.8,0,
2025-06-30,08:40:00,cool,compressorCoolOff,hold,Home,78,78,78.3,61,79.4,0,0,0,0,0,,78.7,61,78,0,
2025-06-30,08:45:00,cool,compressorCoolOff,hold,Home,78,78,78.3,61,79.4,0,0,0,0,0,,78.7,61,78,0,
2025-06-30,08:50:00,cool,compressorCoolOff,hold,Home,78,78,78.3,61,79.4,0,0,0,0,0,,78.7,61,78,0,
2025-06-30,08:55:00,cool,compressorCoolOff,hold,Home,78,78,78.3,61,79.4,0,0,0,0,0,,78.7,61,78,0,
2025-06-30,09:00:00,cool,compressorCoolOff,hold,Home,78,78,78.3,61,80.4,0,0,0,0,0,,78.7,61,78,0,
2025-06-30,09:05:00,cool,compressorCoolOff,hold,Home,78,78,78.4,61,80.4,0,0,0,0,0,,78.8,61,78,0,
2025-06-30,09:10:00,cool,compressorCoolOff,hold,Home,78,78,78.4,61,80.4,0,0,0,0,0,,78.8,61,78,0,
2025-06-30,09:15:00,cool,compressorCoolOff,hold,Home,78,78,78.4,61,80.4,0,0,0,0,0,,78.8,61,78,0,
2025-06-30,09:20:00,cool,compressorCoolOff,hold,Home,78,78,78.4,61,80.4,0,135,0,0,135,,78.8,61,78,0,
2025-06-30,09:25:00,cool,compressorCoolStage1On,hold,Home,78,78,78.4,60,80.4,0,300,0,0,300,,78.8,60,78.1,0,
2025-06-30,09:30:00,cool,compressorCoolStage1On,hold,Home,78,78,78.2,57,80.4,0,240,0,0,285,,78.6,57,77.9,0,
2025-06-30,09:35:00,cool,compressorCoolOff,hold,Home,78,78,77.8,56,80.4,0,0,0,0,0,,78.3,56,77.4,0,
2025-06-30,09:40:00,cool,compressorCoolOff,hold,Home,78,78,77.7,57,80.4,0,0,0,0,0,,78.3,57,77.1,0,
2025-06-30,09:45:00,cool,compressorCoolOff,hold,Home,78,78,77.7,57,80.4,0,0,0,0,0,,78.4,57,77.1,0,
2025-06-30,09:50:00,cool,compressorCoolOff,hold,Home,78,78,77.8,58,80.4,0,0,0,0,0,,78.4,58,77.2,0,
2025-06-30,09:55:00,cool,compressorCoolOff,hold,Home,78,78,77.9,58,80.4,0,0,0,0,0,,78.5,58,77.4,0,
2025-06-30,10:00:00,cool,compressorCoolOff,hold,Home,78,78,78,58,83,0,0,0,0,0,,78.6,58,77.5,0,
2025-06-30,10:05:00,cool,compressorCoolOff,hold,Home,78,78,78,58,83,0,0,0,0,0,,78.6,58,77.5,0,
2025-06-30,10:10:00,cool,compressorCoolOff,hold,Home,78,78,78.1,58,83,0,0,0,0,0,,78.7,58,77.6,0,
2025-06-30,10:15:00,cool,compressorCoolOff,hold,Home,78,78,78.2,59,83,0,0,0,0,0,,78.7,59,77.8,0,
2025-06-30,10:20:00,cool,compressorCoolOff,hold,Home,78,78,78.2,60,83,0,0,0,0,0,,78.7,60,77.8,0,
2025-06-30,10:25:00,cool,compressorCoolOff,hold,Home,78,78,78.3,60,83,0,0,0,0,0,,78.8,60,77.8,0,
2025-06-30,10:30:00,cool,compressorCoolOff,hold,Home,78,78,78.3,60,83,0,0,0,0,0,,78.8,60,77.8,0,
2025-06-30,10:35:00,cool,compressorCoolOff,hold,Home,78,78,78.4,59,83,0,0,0,0,0,,78.9,59,78,0,
2025-06-30,10:40:00,cool,compressorCoolOff,hold,Home,78,78,78.4,59,83,0,0,0,0,0,,78.9,59,78,0,
2025-06-30,10:45:00,cool,compressorCoolOff,hold,Home,78,78,78.4,59,83,0,0,0,0,0,,78.9,59,78,0,
2025-06-30,10:50:00,cool,compressorCoolOff,hold,Home,78,78,78.4,59,83,0,90,0,0,90,,78.9,59,78,0,
2025-06-30,10:55:00,cool,compressorCoolStage1On,hold,Home,78,78,78.4,59,83,0,300,0,0,300,,78.9,59,78,0,
2025-06-30,11:00:00,cool,compressorCoolStage1On,hold,Home,78,78,78.3,57,85.4,0,300,0,0,300,,78.8,57,78,0,
2025-06-30,11:05:00,cool,compressorCoolStage1On,hold,Home,78,78,78,55,85.4,0,195,0,0,240,,78.4,55,77.6,0,
2025-06-30,11:10:00,cool,compressorCoolOff,hold,Home,78,78,77.6,55,85.4,0,0,0,0,0,,78.2,55,77,0,
2025-06-30,11:15:00,cool,compressorCoolOff,hold,Home,78,78,77.6,56,85.4,0,0,0,0,0,,78.3,56,76.9,0,
2025-06-30,11:20:00,cool,compressorCoolOff,hold,Home,78,78,77.7,57,85.4,0,0,0,0,0,,78.4,57,77.1,0,
2025-06-30,11:25:00,cool,compressorCoolOff,hold,Home,78,78,77.9,57,85.4,0,0,0,0,0,,78.5,57,77.3,0,
2025-06-30,11:30:00,cool,compressorCoolOff,hold,Home,78,78,77.9,57,86.1,0,0,0,0,0,,78.6,57,77.3,0,
2025-06-30,11:35:00,cool,compressorCoolOff,hold,Home,78,78,78.1,57,86.1,0,0,0,0,0,,78.7,57,77.5,0,
2025-06-30,11:40:00,cool,compressorCoolOff,hold,Home,78,78,78.2,57,86.1,0,0,0,0,0,,78.8,57,77.7,0,
2025-06-30,11:45:00,cool,compressorCoolOff,hold,Home,78,78,78.3,57,86.1,0,0,0,0,0,,78.8,57,77.9,0,
2025-06-30,11:50:00,cool,compressorCoolOff,hold,Home,78,78,78.4,57,86.1,0,0,0,0,0,,78.9,57,78,0,
2025-06-30,11:55:00,cool,compressorCoolOff,hold,Home,78,78,78.4,58,86.1,0,135,0,0,135,,78.9,58,78,0,
2025-06-30,12:00:00,cool,compressorCoolStage1On,hold,Home,78,78,78.5,57,86.8,0,300,0,0,300,,78.9,57,78.1,0,
2025-06-30,12:05:00,cool,compressorCoolStage1On,hold,Home,78,78,78.3,55,86.8,0,300,0,0,300,,78.7,55,77.9,0,
2025-06-30,12:10:00,cool,compressorCoolStage1On,hold,Home,78,78,77.9,54,86.8,0,75,0,0,120,,78.4,54,77.5,0,
2025-06-30,12:15:00,cool,compressorCoolOff,hold,Home,78,78,77.7,54,86.8,0,0,0,0,0,,78.3,54,77.1,0,
2025-06-30,12:20:00,cool,compressorCoolOff,hold,Home,78,78,77.7,56,86.8,0,0,0,0,0,,78.4,56,77.1,0,
2025-06-30,12:25:00,cool,compressorCoolOff,hold,Home,78,78,77.8,57,86.8,0,0,0,0,0,,78.5,57,77.2,0,
2025-06-30,12:30:00,cool,compressorCoolOff,hold,Home,78,78,78,56,86.8,0,0,0,0,0,,78.6,56,77.5,0,
2025-06-30,12:35:00,cool,compressorCoolOff,hold,Home,78,78,78.2,57,86.8,0,0,0,0,0,,78.7,57,77.7,0,
2025-06-30,12:40:00,cool,compressorCoolOff,hold,Home,78,78,78.3,57,86.8,0,0,0,0,0,,78.8,57,77.9,0,
2025-06-30,12:45:00,cool,compressorCoolOff,hold,Home,78,78,78.5,57,86.8,0,165,0,0,165,,78.9,57,78,0,
2025-06-30,12:50:00,cool,compressorCoolStage1On,hold,Home,78,78,78.5,56,86.8,0,300,0,0,300,,78.9,56,78.1,0,
2025-06-30,12:55:00,cool,compressorCoolStage1On,hold,Home,78,78,78.3,54,86.8,0,255,0,0,300,,78.7,54,77.9,0,
2025-06-30,13:00:00,cool,compressorCoolOff,hold,Home,78,78,77.9,53,87.6,0,0,0,0,0,,78.4,53,77.4,0,
2025-06-30,13:05:00,cool,compressorCoolOff,hold,Home,78,78,77.7,55,87.6,0,0,0,0,0,,78.4,55,77.1,0,
2025-06-30,13:10:00,cool,compressorCoolOff,hold,Home,78,78,77.9,56,87.6,0,0,0,0,0,,78.6,56,77.3,0,
2025-06-30,13:15:00,cool,compressorCoolOff,hold,Home,78,78,78.1,56,87.6,0,0,0,0,0,,78.7,56,77.5,0,
2025-06-30,13:20:00,cool,compressorCoolOff,hold,Home,78,78,78.2,56,87.6,0,0,0,0,0,,78.8,56,77.7,0,
2025-06-30,13:25:00,cool,compressorCoolOff,hold,Home,78,78,78.3,57,87.6,0,0,0,0,0,,78.9,57,77.9,0,
2025-06-30,13:30:00,cool,compressorCoolOff,hold,Home,78,78,78.5,57,87.6,0,270,0,0,270,,78.9,57,78.1,0,
2025-06-30,13:35:00,cool,compressorCoolStage1On,hold,Home,78,78,78.5,55,87.6,0,300,0,0,300,,78.9,55,78,0,
2025-06-30,13:40:00,cool,compressorCoolStage1On,hold,Home,78,78,78.1,53,87.6,0,165,0,0,210,,78.6,53,77.7,0,
2025-06-30,13:45:00,cool,compressorCoolOff,hold,Home,78,78,77.8,54,87.6,0,0,0,0,0,,78.4,54,77.4,0,
2025-06-30,13:50:00,cool,compressorCoolOff,hold,Home,78,78,77.8,55,87.6,0,0,0,0,0,,78.4,55,77.3,0,
2025-06-30,13:55:00,cool,compressorCoolOff,hold,Home,78,78,78,56,87.6,0,0,0,0,0,,78.6,56,77.5,0,
2025-06-30,14:00:00,cool,compressorCoolOff,hold,Home,78,78,78.2,57,89,0,0,0,0,0,,78.7,57,77.8,0,
2025-06-30,14:05:00,cool,compressorCoolStage1On,hold,Home,78,78,78.5,56,89,0,300,0,0,300,,78.8,56,78.2,0,
2025-06-30,14:10:00,cool,compressorCoolStage1On,hold,Home,78,78,78.4,54,89,0,300,0,0,300,,78.8,54,78.2,0,
2025-06-30,14:15:00,cool,compressorCoolStage1On,hold,Home,78,78,78.1,53,89,0,150,0,0,195,,78.5,53,77.7,0,
2025-06-30,14:20:00,cool,compressorCoolOff,hold,Home,78,78,77.8,53,89,0,0,0,0,0,,78.4,53,77.3,0,
2025-06-30,14:25:00,cool,compressorCoolOff,hold,Home,78,78,77.9,54,89,0,0,0,0,0,,78.4,54,77.4,0,
2025-06-30,14:30:00,cool,compressorCoolOff,hold,Home,78,78,78,55,90.4,0,0,0,0,0,,78.6,55,77.6,0,
2025-06-30,14:35:00,cool,compressorCoolOff,hold,Home,78,78,78.3,56,90.4,0,0,0,0,0,,78.7,56,77.8,0,
2025-06-30,14:40:00,cool,compressorCoolOff,hold,Home,78,78,78.4,56,90.4,0,90,0,0,90,,78.8,56,78.1,0,
2025-06-30,14:45:00,cool,compressorCoolStage1On,hold,Home,78,78,78.6,56,90.4,0,300,0,0,300,,78.9,56,78.3,0,
2025-06-30,14:50:00,cool,compressorCoolStage1On,hold,Home,78,78,78.5,53,90.4,0,300,0,0,300,,78.8,53,78.1,0,
2025-06-30,14:55:00,cool,compressorCoolStage1On,hold,Home,78,78,78.1,53,90.4,0,300,0,0,300,,78.5,53,77.8,0,
2025-06-30,15:00:00,cool,compressorCoolStage1On,hold,Home,78,78,77.8,53,90.5,0,30,0,0,75,,78.2,53,77.5,0,
2025-06-30,15:05:00,cool,compressorCoolOff,hold,Home,78,78,77.7,53,90.5,0,0,0,0,0,,78.1,53,77.3,0,
2025-06-30,15:10:00,cool,compressorCoolOff,hold,Home,78,78,77.8,55,90.5,0,0,0,0,0,,78.3,55,77.5,0,
2025-06-30,15:15:00,cool,compressorCoolOff,hold,Home,78,78,78.1,56,90.5,0,0,0,0,0,,78.4,56,77.8,0,
2025-06-30,15:20:00,cool,compressorCoolOff,hold,Home,78,78,78.3,56,90.5,0,0,0,0,0,,78.6,56,78.1,0,
2025-06-30,15:25:00,cool,compressorCoolOff,hold,Home,78,78,78.5,57,90.5,0,225,0,0,225,,78.7,57,78.3,0,
2025-06-30,15:30:00,cool,compressorCoolStage1On,hold,Home,78,78,78.6,55,90.5,0,300,0,0,300,,78.7,55,78.6,0,
2025-06-30,15:35:00,cool,compressorCoolStage1On,hold,Home,78,78,78.5,53,90.5,0,300,0,0,300,,78.5,53,78.4,0,
2025-06-30,15:40:00,cool,compressorCoolStage1On,hold,Home,78,78,78,52,90.5,0,165,0,0,210,,78.3,52,77.7,0,
2025-06-30,15:45:00,cool,compressorCoolOff,hold,Home,78,78,77.7,52,90.5,0,0,0,0,0,,78.2,52,77.3,0,
2025-06-30,15:50:00,cool,compressorCoolOff,hold,Home,78,78,77.8,54,90.5,0,0,0,0,0,,78.3,54,77.4,0,
2025-06-30,15:55:00,cool,compressorCoolOff,hold,Home,78,78,78.1,56,90.5,0,0,0,0,0,,78.5,56,77.7,0,
2025-06-30,16:00:00,cool,compressorCoolOff,hold,Home,78,78,78.3,56,90.5,0,0,0,0,0,,78.7,56,77.9,0,
2025-06-30,16:05:00,cool,compressorCoolOff,hold,Home,78,78,78.5,56,90.5,0,195,0,0,195,,78.8,56,78.2,0,
2025-06-30,16:10:00,cool,compressorCoolStage1On,hold,Home,78,78,78.6,55,90.5,0,300,0,0,300,,78.8,55,78.4,0,
2025-06-30,16:15:00,cool,compressorCoolStage1On,hold,Home,78,78,78.3,53,90.5,0,300,0,0,300,,78.6,53,78.2,0,
2025-06-30,16:20:00,cool,compressorCoolStage1On,hold,Home,78,78,78.1,52,90.5,0,300,0,0,300,,78.3,52,78,0,
2025-06-30,16:25:00,cool,compressorCoolStage1On,hold,Home,78,78,77.9,52,90.5,0,45,0,0,90,,78,52,77.8,0,
2025-06-30,16:30:00,cool,compressorCoolOff,hold,Home,78,78,77.7,53,90.5,0,0,0,0,0,,78.1,53,77.3,0,
2025-06-30,16:35:00,cool,compressorCoolOff,hold,Home,78,78,77.8,55,90.5,0,0,0,0,0,,78.3,55,77.5,0,
2025-06-30,16:40:00,cool,compressorCoolOff,hold,Home,78,78,78.1,56,90.5,0,0,0,0,0,,78.5,56,77.8,0,
2025-06-30,16:45:00,cool,compressorCoolOff,hold,Home,78,78,78.2,56,90.5,0,0,0,0,0,,78.6,56,77.9,0,
2025-06-30,16:50:00,cool,compressorCoolOff,hold,Home,78,78,78.5,55,90.5,0,225,0,0,225,,78.7,55,78.3,0,
2025-06-30,16:55:00,cool,compressorCoolStage1On,hold,Home,78,78,78.5,54,90.5,0,300,0,0,300,,78.7,54,78.4,0,
2025-06-30,17:00:00,cool,compressorCoolStage1On,hold,Home,78,78,78.2,52,89.9,0,300,0,0,300,,78.5,52,78,0,
2025-06-30,17:05:00,cool,compressorCoolStage1On,hold,Home,78,78,77.9,52,89.9,0,105,0,0,150,,78.3,52,77.6,0,
2025-06-30,17:10:00,cool,compressorCoolOff,hold,Home,78,78,77.8,53,89.9,0,0,0,0,0,,78.2,53,77.4,0,
2025-06-30,17:15:00,cool,compressorCoolOff,hold,Home,78,78,77.8,55,89.9,0,0,0,0,0,,78.3,55,77.3,0,
2025-06-30,17:20:00,cool,compressorCoolOff,hold,Home,78,78,78,56,89.9,0,0,0,0,0,,78.5,56,77.6,0,
2025-06-30,17:25:00,cool,compressorCoolOff,hold,Home,78,78,78.2,56,89.9,0,0,0,0,0,,78.6,56,77.8,0,
2025-06-30,17:30:00,cool,compressorCoolOff,hold,Home,78,78,78.4,57,88.9,0,165,0,0,165,,78.7,57,78.2,0,
2025-06-30,17:35:00,cool,compressorCoolStage1On,hold,Home,78,78,78.5,55,88.9,0,300,0,0,300,,78.7,55,78.3,0,
2025-06-30,17:40:00,cool,compressorCoolStage1On,hold,Home,78,78,78.3,53,88.9,0,300,0,0,300,,78.6,53,78.1,0,
2025-06-30,17:45:00,cool,compressorCoolStage1On,hold,Home,78,78,78,53,88.9,0,105,0,0,150,,78.3,53,77.7,0,
2025-06-30,17:50:00,cool,compressorCoolOff,hold,Home,78,78,77.8,53,88.9,0,0,0,0,0,,78.2,53,77.5,0,
2025-06-30,17:55:00,cool,compressorCoolOff,hold,Home,78,78,77.9,55,88.9,0,0,0,0,0,,78.3,55,77.5,0,
2025-06-30,18:00:00,cool,compressorCoolOff,hold,Home,78,78,78,56,88.6,0,0,0,0,0,,78.4,56,77.7,0,
2025-06-30,18:05:00,cool,compressorCoolOff,hold,Home,78,78,78.3,56,88.6,0,0,0,0,0,,78.6,56,78,0,
2025-06-30,18:10:00,cool,compressorCoolOff,hold,Home,78,78,78.4,57,88.6,0,30,0,0,30,,78.7,57,78.2,0,
2025-06-30,18:15:00,cool,compressorCoolStage1On,hold,Home,78,78,78.6,56,88.6,0,300,0,0,300,,78.8,56,78.4,0,
2025-06-30,18:20:00,cool,compressorCoolStage1On,hold,Home,78,78,78.5,54,88.6,0,300,0,0,300,,78.7,54,78.4,0,
2025-06-30,18:25:00,cool,compressorCoolStage1On,hold,Home,78,78,78.1,52,88.6,0,285,0,0,300,,78.4,52,77.9,0,
2025-06-30,18:30:00,cool,compressorCoolOff,hold,Home,78,78,77.8,52,87,0,0,0,0,30,,78.1,52,77.5,0,
2025-06-30,18:35:00,cool,compressorCoolOff,hold,Home,78,78,77.7,53,87,0,0,0,0,0,,78.1,53,77.3,0,
2025-06-30,18:40:00,cool,compressorCoolOff,hold,Home,78,78,77.8,55,87,0,0,0,0,0,,78.2,55,77.4,0,
2025-06-30,18:45:00,cool,compressorCoolOff,hold,Home,78,78,78,57,87,0,0,0,0,0,,78.4,57,77.7,0,
2025-06-30,18:50:00,cool,compressorCoolOff,hold,Home,78,78,78.3,57,87,0,0,0,0,0,,78.5,57,78,0,
2025-06-30,18:55:00,cool,compressorCoolOff,hold,Home,78,78,78.4,57,87,0,60,0,0,60,,78.6,57,78.2,0,
2025-06-30,19:00:00,cool,compressorCoolStage1On,hold,Home,78,78,78.5,56,87,0,300,0,0,300,,78.7,56,78.4,0,
2025-06-30,19:05:00,cool,compressorCoolStage1On,hold,Home,78,78,78.4,54,87,0,300,0,0,300,,78.6,54,78.4,0,
2025-06-30,19:10:00,cool,compressorCoolStage1On,hold,Home,78,78,78.3,52,87,0,300,0,0,300,,78.3,52,78.4,0,
2025-06-30,19:15:00,cool,compressorCoolStage1On,hold,Home,78,78,77.8,52,87,0,60,0,0,105,,78,52,77.6,0,
2025-06-30,19:20:00,cool,compressorCoolOff,hold,Home,78,78,77.5,53,87,0,0,0,0,0,,77.9,53,77.2,0,
2025-06-30,19:25:00,cool,compressorCoolOff,hold,Home,78,78,77.7,54,87,0,0,0,0,0,,78.1,54,77.3,0,
2025-06-30,19:30:00,cool,compressorCoolOff,hold,Home,78,78,77.9,55,87,0,0,0,0,0,,78.3,55,77.5,0,
2025-06-30,19:35:00,cool,compressorCoolOff,hold,Home,78,78,78,56,87,0,0,0,0,0,,78.5,56,77.7,0,
2025-06-30,19:40:00,cool,compressorCoolOff,hold,Home,78,78,78.3,56,87,0,0,0,0,0,,78.6,56,78,0,
2025-06-30,19:45:00,cool,compressorCoolOff,hold,Home,78,78,78.4,57,87,0,30,0,0,30,,78.6,57,78.2,0,
2025-06-30,19:50:00,cool,compressorCoolStage1On,hold,Home,78,78,78.6,57,87,0,300,0,0,300,,78.7,57,78.6,0,
2025-06-30,19:55:00,cool,compressorCoolStage1On,hold,Home,78,78,78.5,54,87,0,300,0,0,300,,78.6,54,78.6,0,
2025-06-30,20:00:00,cool,compressorCoolStage1On,hold,Home,78,78,78.2,53,82.6,0,300,0,0,300,,78.3,53,78.2,0,
2025-06-30,20:05:00,cool,compressorCoolStage1On,hold,Home,78,78,77.8,52,82.6,0,60,0,0,105,,78,52,77.7,0,
2025-06-30,20:10:00,cool,compressorCoolOff,hold,Home,78,78,77.6,53,82.6,0,0,0,0,0,,77.9,53,77.3,0,
2025-06-30,20:15:00,cool,compressorCoolOff,hold,Home,78,78,77.7,54,82.6,0,0,0,0,0,,78.1,54,77.4,0,
2025-06-30,20:20:00,cool,compressorCoolOff,hold,Home,78,78,77.9,56,82.6,0,0,0,0,0,,78.3,56,77.6,0,
2025-06-30,20:25:00,cool,compressorCoolOff,hold,Home,78,78,78.1,56,82.6,0,0,0,0,0,,78.4,56,77.9,0,
2025-06-30,20:30:00,cool,compressorCoolOff,hold,Home,78,78,78.3,56,83,0,90,0,0,90,,78.5,56,78.2,0,
2025-06-30,20:35:00,cool,compressorCoolStage1On,hold,Home,78,78,78.4,55,83,0,300,0,0,300,,78.5,55,78.3,0,
2025-06-30,20:40:00,cool,compressorCoolStage1On,hold,Home,78,78,78.2,53,83,0,300,0,0,300,,78.3,53,78.2,0,
2025-06-30,20:45:00,cool,compressorCoolOff,hold,Home,78,78,77.8,52,83,0,0,0,0,45,,78,52,77.6,0,
2025-06-30,20:50:00,cool,compressorCoolOff,hold,Home,78,78,77.6,53,83,0,0,0,0,0,,78,53,77.3,0,
2025-06-30,20:55:00,cool,compressorCoolOff,hold,Home,78,78,77.7,55,83,0,0,0,0,0,,78.1,55,77.4,0,
2025-06-30,21:00:00,cool,compressorCoolOff,hold,Home,78,78,77.9,56,81.9,0,0,0,0,0,,78.2,56,77.6,0,
2025-06-30,21:05:00,cool,compressorCoolOff,hold,Home,78,78,78,57,81.9,0,0,0,0,0,,78.3,57,77.9,0,
2025-06-30,21:10:00,cool,compressorCoolOff,hold,Home,78,78,78.2,57,81.9,0,0,0,0,0,,78.4,57,78,0,
2025-06-30,21:15:00,cool,compressorCoolOff,hold,Home,78,78,78.3,57,81.9,0,0,0,0,0,,78.5,57,78.2,0,
2025-06-30,21:20:00,cool,compressorCoolOff,hold,Home,78,78,78.4,57,81.9,0,75,0,0,75,,78.5,57,78.2,0,
2025-06-30,21:25:00,cool,compressorCoolStage1On,hold,Home,78,78,78.5,56,81.9,0,300,0,0,300,,78.6,56,78.4,0,
2025-06-30,21:30:00,cool,compressorCoolStage1On,hold,Home,78,78,78.3,54,81.9,0,300,0,0,300,,78.4,54,78.4,0,
2025-06-30,21:35:00,cool,compressorCoolOff,hold,Home,78,78,77.9,53,81.9,0,0,0,0,45,,78.1,53,77.8,0,
2025-06-30,21:40:00,cool,compressorCoolOff,hold,Home,78,78,77.7,54,81.9,0,0,0,0,0,,78,54,77.5,0,
2025-06-30,21:45:00,cool,compressorCoolOff,hold,Home,78,78,77.8,55,81.9,0,0,0,0,0,,78.1,55,77.5,0,
2025-06-30,21:50:00,cool,compressorCoolOff,hold,Home,78,78,77.9,56,81.9,0,0,0,0,0,,78.3,56,77.7,0,
2025-06-30,21:55:00,cool,compressorCoolOff,hold,Home,78,78,78.1,56,81.9,0,0,0,0,0,,78.4,56,77.8,0,
2025-06-30,22:00:00,cool,compressorCoolOff,hold,Home,78,78,78.1,56,81.8,0,0,0,0,0,,78.4,56,77.9,0,
2025-06-30,22:05:00,cool,compressorCoolOff,hold,Home,78,78,78.2,56,81.8,0,0,0,0,0,,78.5,56,78,0,
2025-06-30,22:10:00,cool,compressorCoolOff,hold,Home,78,78,78.4,56,81.8,0,0,0,0,0,,78.6,56,78.2,0,
2025-06-30,22:15:00,cool,compressorCoolOff,hold,Home,78,78,78.4,56,81.8,0,60,0,0,60,,78.6,56,78.2,0,
2025-06-30,22:20:00,cool,compressorCoolStage1On,hold,Home,78,78,78.4,56,81.8,0,300,0,0,300,,78.7,56,78.3,0,
2025-06-30,22:25:00,cool,compressorCoolStage1On,hold,Home,78,78,78.3,54,81.8,0,300,0,0,300,,78.5,54,78.2,0,
2025-06-30,22:30:00,cool,compressorCoolStage1On,hold,Home,78,78,78,53,81.8,0,30,0,0,75,,78.2,53,77.8,0,
2025-06-30,22:35:00,cool,compressorCoolOff,hold,Home,78,78,77.7,53,81.8,0,0,0,0,0,,78.1,53,77.3,0,
2025-06-30,22:40:00,cool,compressorCoolOff,hold,Home,78,78,77.7,54,81.8,0,0,0,0,0,,78.2,54,77.4,0,
2025-06-30,22:45:00,cool,compressorCoolOff,hold,Home,78,78,77.9,56,81.8,0,0,0,0,0,,78.2,56,77.6,0,
2025-06-30,22:50:00,cool,compressorCoolOff,hold,Home,78,78,78,57,81.8,0,0,0,0,0,,78.3,57,77.8,0,
2025-06-30,22:55:00,cool,compressorCoolOff,hold,Home,78,78,78.1,57,81.8,0,0,0,0,0,,78.4,57,77.8,0,
2025-06-30,23:00:00,cool,compressorCoolOff,hold,Home,78,78,78.2,57,80.7,0,0,0,0,0,,78.5,57,78,0,
2025-06-30,23:05:00,cool,compressorCoolOff,hold,Home,78,78,78.2,57,80.7,0,0,0,0,0,,78.5,57,78,0,
2025-06-30,23:10:00,cool,compressorCoolOff,hold,Home,78,78,78.3,57,80.7,0,15,0,0,15,,78.6,57,78,0,
2025-06-30,23:15:00,cool,compressorCoolStage1On,hold,Home,78,78,78.5,57,80.7,0,300,0,0,300,,78.6,57,78.4,0,
2025-06-30,23:20:00,cool,compressorCoolStage1On,hold,Home,78,78,78.3,55,80.7,0,300,0,0,300,,78.4,55,78.2,0,
2025-06-30,23:25:00,cool,compressorCoolStage1On,hold,Home,78,78,77.9,53,80.7,0,60,0,0,105,,78.2,53,77.7,0,
2025-06-30,23:30:00,cool,compressorCoolOff,hold,Home,78,78,77.7,54,80.9,0,0,0,0,0,,78.1,54,77.4,0,
2025-06-30,23:35:00,cool,compressorCoolOff,hold,Home,78,78,77.7,55,80.9,0,0,0,0,0,,78.1,55,77.3,0,
2025-06-30,23:40:00,cool,compressorCoolOff,hold,Home,78,78,77.8,56,80.9,0,0,0,0,0,,78.2,56,77.4,0,
2025-06-30,23:45:00,cool,compressorCoolOff,hold,Home,78,78,77.9,56,80.9,0,0,0,0,0,,78.3,56,77.5,0,
2025-06-30,23:50:00,cool,compressorCoolOff,hold,Home,78,78,78,56,80.9,0,0,0,0,0,,78.4,56,77.6,0,
2025-06-30,23:55:00,cool,compressorCoolOff,hold,Home,78,78,78.1,56,80.9,0,0,0,0,0,,78.4,56,77.8,0,
2025-07-01,00:00:00,cool,compressorCoolOff,hold,Sleep,78,78,78.1,57,80.4,0,0,0,0,0,,78.5,57,77.8,0,
2025-07-01,00:05:00,cool,compressorCoolOff,hold,Sleep,78,78,78.2,57,80.4,0,0,0,0,0,,78.5,57,78,0,
2025-07-01,00:10:00,cool,compressorCoolOff,hold,Sleep,78,78,78.3,57,80.4,0,0,0,0,0,,78.6,57,78,0,
2025-07-01,00:15:00,cool,compressorCoolOff,hold,Sleep,78,78,78.3,57,80.4,0,0,0,0,0,,78.6,57,78,0,
2025-07-01,00:20:00,cool,compressorCoolOff,hold,Sleep,78,78,78.3,57,80.4,0,0,0,0,0,,78.7,57,78.1,0,
2025-07-01,00:25:00,cool,compressorCoolOff,hold,Sleep,78,78,78.4,57,80.4,0,0,0,0,0,,78.7,57,78.2,0,
2025-07-01,00:30:00,cool,compressorCoolOff,hold,Sleep,78,78,78.4,57,80.4,0,45,0,0,45,,78.7,57,78.2,0,
2025-07-01,00:35:00,cool,compressorCoolStage1On,hold,Sleep,78,78,78.4,57,80.4,0,300,0,0,300,,78.7,57,78.2,0,
2025-07-01,00:40:00,cool,compressorCoolStage1On,hold,Sleep,78,78,78.3,55,80.4,0,300,0,0,300,,78.5,55,78.1,0,
2025-07-01,00:45:00,cool,compressorCoolStage1On,hold,Sleep,78,78,78,53,80.4,0,90,0,0,135,,78.2,53,77.7,0,
2025-07-01,00:50:00,cool,compressorCoolOff,hold,Sleep,78,78,77.7,54,80.4,0,0,0,0,0,,78.1,54,77.3,0,
2025-07-01,00:55:00,cool,compressorCoolOff,hold,Sleep,78,78,77.6,55,80.4,0,0,0,0,0,,78.1,55,77.1,0,
2025-07-01,01:00:00,cool,compressorCoolOff,hold,Sleep,78,78,77.7,56,79.6,0,0,0,0,0,,78.3,56,77.1,0,
2025-07-01,01:05:00,cool,compressorCoolOff,hold,Sleep,78,78,77.8,56,79.6,0,0,0,0,0,,78.4,56,77.4,0,
2025-07-01,01:10:00,cool,compressorCoolOff,hold,Sleep,78,78,77.9,56,79.6,0,0,0,0,0,,78.4,56,77.5,0,
2025-07-01,01:15:00,cool,compressorCoolOff,hold,Sleep,78,78,78,56,79.6,0,0,0,0,0,,78.5,56,77.7,0,
2025-07-01,01:20:00,cool,compressorCoolOff,hold,Sleep,78,78,78.2,57,79.6,0,0,0,0,0,,78.6,57,77.8,0,
2025-07-01,01:25:00,cool,compressorCoolOff,hold,Sleep,78,78,78.2,57,79.6,0,0,0,0,0,,78.6,57,77.8,0,
2025-07-01,01:30:00,cool,compressorCoolOff,hold,Sleep,78,78,78.3,57,79.6,0,0,0,0,0,,78.6,57,78,0,
2025-07-01,01:35:00,cool,compressorCoolOff,hold,Sleep,78,78,78.3,57,79.6,0,0,0,0,0,,78.7,57,78,0,
2025-07-01,01:40:00,cool,compressorCoolOff,hold,Sleep,78,78,78.3,57,79.6,0,30,0,0,30,,78.7,57,78,0,
2025-07-01,01:45:00,cool,compressorCoolStage1On,hold,Sleep,78,78,78.4,57,79.6,0,300,0,0,300,,78.7,57,78.2,0,
2025-07-01,01:50:00,cool,compressorCoolStage1On,hold,Sleep,78,78,78.3,55,79.6,0,300,0,0,300,,78.5,55,78.2,0,
2025-07-01,01:55:00,cool,compressorCoolStage1On,hold,Sleep,78,78,77.9,54,79.6,0,30,0,0,75,,78.2,54,77.6,0,
2025-07-01,02:00:00,cool,compressorCoolOff,hold,Sleep,78,78,77.6,55,78.8,0,0,0,0,0,,78.1,55,77.2,0,
2025-07-01,02:05:00,cool,compressorCoolOff,hold,Sleep,78,78,77.7,56,78.8,0,0,0,0,0,,78.2,56,77.2,0,
2025-07-01,02:10:00,cool,compressorCoolOff,hold,Sleep,78,78,77.8,56,78.8,0,0,0,0,0,,78.3,56,77.4,0,
2025-07-01,02:15:00,cool,compressorCoolOff,hold,Sleep,78,78,77.9,56,78.8,0,0,0,0,0,,78.4,56,77.5,0,
2025-07-01,02:20:00,cool,compressorCoolOff,hold,Sleep,78,78,78,57,78.8,0,0,0,0,0,,78.4,57,77.6,0,
2025-07-01,02:25:00,cool,compressorCoolOff,hold,Sleep,78,78,78,57,78.8,0,0,0,0,0,,78.5,57,77.6,0,
2025-07-01,02:30:00,cool,compressorCoolOff,hold,Sleep,78,78,78.2,57,78.8,0,0,0,0,0,,78.6,57,77.8,0,
2025-07-01,02:35:00,cool,compressorCoolOff,hold,Sleep,78,78,78.2,57,78.8,0,0,0,0,0,,78.6,57,77.8,0,
2025-07-01,02:40:00,cool,compressorCoolOff,hold,Sleep,78,78,78.3,57,78.8,0,0,0,0,0,,78.6,57,78,0,
2025-07-01,02:45:00,cool,compressorCoolOff,hold,Sleep,78,78,78.3,58,78.8,0,0,0,0,0,,78.7,58,78,0,
2025-07-01,02:50:00,cool,compressorCoolOff,hold,Sleep,78,78,78.3,58,78.8,0,0,0,0,0,,78.7,58,78.1,0,
2025-07-01,02:55:00,cool,compressorCoolOff,hold,Sleep,78,78,78.4,58,78.8,0,60,0,0,60,,78.7,58,78.2,0,
2025-07-01,03:00:00,cool,compressorCoolStage1On,hold,Sleep,78,78,78.4,57,77.9,0,300,0,0,300,,78.7,57,78.2,0,
2025-07-01,03:05:00,cool,compressorCoolStage1On,hold,Sleep,78,78,78.2,55,77.9,0,300,0,0,300,,78.5,55,78,0,
2025-07-01,03:10:00,cool,compressorCoolStage1On,hold,Sleep,78,78,77.9,53,77.9,0,60,0,0,105,,78.2,53,77.6,0,
2025-07-01,03:15:00,cool,compressorCoolOff,hold,Sleep,78,78,77.6,54,77.9,0,0,0,0,0,,78.1,54,77.2,0,
2025-07-01,03:20:00,cool,compressorCoolOff,hold,Sleep,78,78,77.6,55,77.9,0,0,0,0,0,,78.1,55,77.1,0,
2025-07-01,03:25:00,cool,compressorCoolOff,hold,Sleep,78,78,77.8,56,77.9,0,0,0,0,0,,78.3,56,77.3,0,
2025-07-01,03:30:00,cool,compressorCoolOff,hold,Sleep,78,78,77.9,56,78.2,0,0,0,0,0,,78.3,56,77.5,0,
2025-07-01,03:35:00,cool,compressorCoolOff,hold,Sleep,78,78,77.9,56,78.2,0,0,0,0,0,,78.4,56,77.5,0,
2025-07-01,03:40:00,cool,compressorCoolOff,hold,Sleep,78,78,78,56,78.2,0,0,0,0,0,,78.5,56,77.5,0,
2025-07-01,03:45:00,cool,compressorCoolOff,hold,Sleep,78,78,78,57,78.2,0,0,0,0,0,,78.5,57,77.7,0,
2025-07-01,03:50:00,cool,compressorCoolOff,hold,Sleep,78,78,78.1,57,78.2,0,0,0,0,0,,78.5,57,77.8,0,
2025-07-01,03:55:00,cool,compressorCoolOff,hold,Sleep,78,78,78.2,57,78.2,0,0,0,0,0,,78.6,57,77.8,0,
2025-07-01,04:00:00,cool,compressorCoolOff,hold,Sleep,78,78,78.2,57,77.8,0,0,0,0,0,,78.6,57,77.8,0,
2025-07-01,04:05:00,cool,compressorCoolOff,hold,Sleep,78,78,78.2,57,77.8,0,0,0,0,0,,78.6,57,77.8,0,
2025-07-01,04:10:00,cool,compressorCoolOff,hold,Sleep,78,78,78.3,58,77.8,0,0,0,0,0,,78.6,58,78,0,
2025-07-01,04:15:00,cool,compressorCoolOff,hold,Sleep,78,78,78.3,58,77.8,0,0,0,0,0,,78.7,58,78,0,
2025-07-01,04:20:00,cool,compressorCoolOff,hold,Sleep,78,78,78.3,58,77.8,0,0,0,0,0,,78.7,58,78,0,
2025-07-01,04:25:00,cool,compressorCoolOff,hold,Sleep,78,78,78.3,58,77.8,0,0,0,0,0,,78.7,58,78.1,0,
2025-07-01,04:30:00,cool,compressorCoolOff,hold,Sleep,78,78,78.4,58,77.8,0,0,0,0,0,,78.7,58,78.2,0,
2025-07-01,04:35:00,cool,compressorCoolOff,hold,Sleep,78,78,78.4,58,77.8,0,210,0,0,210,,78.7,58,78.2,0,
2025-07-01,04:40:00,cool,compressorCoolStage1On,hold,Sleep,78,78,78.3,57,77.8,0,300,0,0,300,,78.6,57,78.1,0,
2025-07-01,04:45:00,cool,compressorCoolStage1On,hold,Sleep,78,78,78,55,77.8,0,180,0,0,225,,78.4,55,77.8,0,
2025-07-01,04:50:00,cool,compressorCoolOff,hold,Sleep,78,78,77.7,54,77.8,0,0,0,0,0,,78.1,54,77.3,0,
2025-07-01,04:55:00,cool,compressorCoolOff,hold,Sleep,78,78,77.6,55,77.8,0,0,0,0,0,,78.1,55,77.1,0,
2025-07-01,05:00:00,cool,compressorCoolOff,hold,Sleep,78,78,77.6,56,77.4,0,0,0,0,0,,78.2,56,77.1,0,
2025-07-01,05:05:00,cool,compressorCoolOff,hold,Sleep,78,78,77.8,56,77.4,0,0,0,0,0,,78.3,56,77.3,0,
2025-07-01,05:10:00,cool,compressorCoolOff,hold,Sleep,78,78,77.8,56,77.4,0,0,0,0,0,,78.4,56,77.4,0,
2025-07-01,05:15:00,cool,compressorCoolOff,hold,Sleep,78,78,77.9,57,77.4,0,0,0,0,0,,78.4,57,77.5,0,
2025-07-01,05:20:00,cool,compressorCoolOff,hold,Sleep,78,78,77.9,57,77.4,0,0,0,0,0,,78.4,57,77.5,0,
2025-07-01,05:25:00,cool,compressorCoolOff,hold,Sleep,78,78,78,57,77.4,0,0,0,0,0,,78.5,57,77.6,0,
2025-07-01,05:30:00,cool,compressorCoolOff,hold,Sleep,78,78,78.1,57,77.4,0,0,0,0,0,,78.5,57,77.6,0,
2025-07-01,05:35:00,cool,compressorCoolOff,hold,Sleep,78,78,78.2,57,77.4,0,0,0,0,0,,78.6,57,77.8,0,
2025-07-01,05:40:00,cool,compressorCoolOff,hold,Sleep,78,78,78.2,58,77.4,0,0,0,0,0,,78.6,58,77.8,0,
2025-07-01,05:45:00,cool,compressorCoolOff,hold,Sleep,78,78,78.2,58,77.4,0,0,0,0,0,,78.6,58,77.8,0,
2025-07-01,05:50:00,cool,compressorCoolOff,hold,Sleep,78,78,78.2,58,77.4,0,0,0,0,0,,78.6,58,77.8,0,
2025-07-01,05:55:00,cool,compressorCoolOff,hold,Sleep,78,78,78.2,58,77.4,0,0,0,0,0,,78.6,58,77.8,0,
2025-07-01,06:00:00,cool,compressorCoolOff,hold,Sleep,78,78,78.2,58,76.9,0,0,0,0,0,,78.6,58,77.8,0,
2025-07-01,06:05:00,cool,compressorCoolOff,hold,Sleep,78,78,78.2,58,76.9,0,0,0,0,0,,78.6,58,77.9,0,
2025-07-01,06:10:00,cool,compressorCoolOff,hold,Sleep,78,78,78.3,58,76.9,0,0,0,0,0,,78.7,58,78,0,
2025-07-01,06:15:00,cool,compressorCoolOff,hold,Sleep,78,78,78.3,59,76.9,0,0,0,0,0,,78.7,59,78,0,
2025-07-01,06:20:00,cool,compressorCoolOff,hold,Sleep,78,78,78.3,60,76.9,0,0,0,0,0,,78.7,60,78,0,
2025-07-01,06:25:00,cool,compressorCoolOff,hold,Sleep,78,78,78.4,60,76.9,0,0,0,0,0,,78.7,60,78.2,0,
2025-07-01,06:30:00,cool,compressorCoolOff,hold,Sleep,78,78,78.4,60,77.8,0,105,0,0,105,,78.7,60,78.2,0,
2025-07-01,06:35:00,cool,compressorCoolStage1On,hold,Sleep,78,78,78.4,59,77.8,0,300,0,0,300,,78.7,59,78.2,0,
2025-07-01,06:40:00,cool,compressorCoolStage1On,hold,Sleep,78,78,78.3,56,77.8,0,300,0,0,300,,78.5,56,78.2,0,
2025-07-01,06:45:00,cool,compressorCoolStage1On,hold,Sleep,78,78,78.1,54,77.8,0,300,0,0,300,,78.2,54,78.2,0,
2025-07-01,06:50:00,cool,compressorCoolStage1On,hold,Sleep,78,78,77.4,53,77.8,0,45,0,0,90,,77.8,53,77,0,
2025-07-01,06:55:00,cool,compressorCoolOff,hold,Sleep,78,78,77.1,54,77.8,0,0,0,0,0,,77.8,54,76.6,0,
2025-07-01,07:00:00,cool,compressorCoolOff,hold,Sleep,78,78,77.2,55,78.5,0,0,0,0,0,,77.9,55,76.5,0,
2025-07-01,07:05:00,cool,compressorCoolOff,hold,Sleep,78,78,77.4,56,78.5,0,0,0,0,0,,78,56,76.8,0,
2025-07-01,07:10:00,cool,compressorCoolOff,hold,Sleep,78,78,77.6,56,78.5,0,0,0,0,0,,78.1,56,77.1,0,
2025-07-01,07:15:00,cool,compressorCoolOff,hold,Sleep,78,78,77.7,57,78.5,0,0,0,0,0,,78.2,57,77.3,0,
2025-07-01,07:20:00,cool,compressorCoolOff,hold,Sleep,78,78,77.9,57,78.5,0,0,0,0,0,,78.3,57,77.5,0,
2025-07-01,07:25:00,cool,compressorCoolOff,hold,Sleep,78,78,77.9,57,78.5,0,0,0,0,0,,78.3,57,77.5,0,
2025-07-01,07:30:00,cool,compressorCoolOff,hold,Sleep,78,78,78,58,78.5,0,0,0,0,0,,78.4,58,77.6,0,
2025-07-01,07:35:00,cool,compressorCoolOff,hold,Sleep,78,78,78,58,78.5,0,0,0,0,0,,78.4,58,77.6,0,
2025-07-01,07:40:00,cool,compressorCoolOff,hold,Sleep,78,78,78,58,78.5,0,0,0,0,0,,78.5,58,77.6,0,
2025-07-01,07:45:00,cool,compressorCoolOff,hold,Sleep,78,78,78,58,78.5,0,0,0,0,0,,78.5,58,77.7,0,
2025-07-01,07:50:00,cool,compressorCoolOff,hold,Sleep,78,78,78.1,58,78.5,0,0,0,0,0,,78.5,58,77.8,0,
2025-07-01,07:55:00,cool,compressorCoolOff,hold,Sleep,78,78,78.1,58,78.5,0,0,0,0,0,,78.5,58,77.8,0,
2025-07-01,08:00:00,cool,compressorCoolOff,hold,Home,78,78,78.2,60,80.5,0,0,0,0,0,,78.5,60,77.8,0,
2025-07-01,08:05:00,cool,compressorCoolOff,hold,Home,78,78,78.3,60,80.5,0,0,0,0,0,,78.6,60,78,0,
2025-07-01,08:10:00,cool,compressorCoolOff,hold,Home,78,78,78.3,60,80.5,0,0,0,0,0,,78.6,60,78,0,
2025-07-01,08:15:00,cool,compressorCoolOff,hold,Home,78,78,78.3,60,80.5,0,0,0,0,0,,78.6,60,78,0,
2025-07-01,08:20:00,cool,compressorCoolOff,hold,Home,78,78,78.3,60,80.5,0,0,0,0,0,,78.6,60,78.1,0,
2025-07-01,08:25:00,cool,compressorCoolOff,hold,Home,78,78,78.4,60,80.5,0,0,0,0,0,,78.7,60,78.2,0,
2025-07-01,08:30:00,cool,compressorCoolOff,hold,Home,78,78,78.4,60,80.5,0,0,0,0,0,,78.7,60,78.2,0,
2025-07-01,08:35:00,cool,compressorCoolOff,hold,Home,78,78,78.4,60,80.5,0,15,0,0,15,,78.7,60,78.2,0,
2025-07-01,08:40:00,cool,compressorCoolStage1On,hold,Home,78,78,78.5,59,80.5,0,300,0,0,300,,78.8,59,78.2,0,
2025-07-01,08:45:00,cool,compressorCoolStage1On,hold,Home,78,78,78.3,57,80.5,0,300,0,0,300,,78.6,57,78.1,0,
2025-07-01,08:50:00,cool,compressorCoolStage1On,hold,Home,78,78,78,55,80.5,0,165,0,0,210,,78.3,55,77.7,0,
2025-07-01,08:55:00,cool,compressorCoolOff,hold,Home,78,78,77.7,54,80.5,0,0,0,0,0,,78.1,54,77.3,0,
2025-07-01,09:00:00,cool,compressorCoolOff,hold,Home,78,78,77.7,56,83,0,0,0,0,0,,78.1,56,77.3,0,
2025-07-01,09:05:00,cool,compressorCoolOff,hold,Home,78,78,77.7,57,83,0,0,0,0,0,,78.2,57,77.3,0,
2025-07-01,09:10:00,cool,compressorCoolOff,hold,Home,78,78,77.8,57,83,0,0,0,0,0,,78.3,57,77.4,0,
2025-07-01,09:15:00,cool,compressorCoolOff,hold,Home,78,78,77.9,57,83,0,0,0,0,0,,78.4,57,77.5,0,
2025-07-01,09:20:00,cool,compressorCoolOff,hold,Home,78,78,78,57,83,0,0,0,0,0,,78.5,57,77.5,0,
2025-07-01,09:25:00,cool,compressorCoolOff,hold,Home,78,78,78,57,83,0,0,0,0,0,,78.5,57,77.6,0,
2025-07-01,09:30:00,cool,compressorCoolOff,hold,Home,78,78,78.1,57,84.7,0,0,0,0,0,,78.5,57,77.8,0,
2025-07-01,09:35:00,cool,compressorCoolOff,hold,Home,78,78,78.2,58,84.7,0,0,0,0,0,,78.6,58,77.8,0,
2025-07-01,09:40:00,cool,compressorCoolOff,hold,Home,78,78,78.3,58,84.7,0,0,0,0,0,,78.6,58,78,0,
2025-07-01,09:45:00,cool,compressorCoolOff,hold,Home,78,78,78.3,58,84.7,0,0,0,0,0,,78.7,58,78,0,
2025-07-01,09:50:00,cool,compressorCoolOff,hold,Home,78,78,78.4,58,84.7,0,45,0,0,45,,78.7,58,78.2,0,
2025-07-01,09:55:00,cool,compressorCoolStage1On,hold,Home,78,78,78.4,57,84.7,0,300,0,0,300,,78.7,57,78.2,0,
2025-07-01,10:00:00,cool,compressorCoolStage1On,hold,Home,78,78,78.2,56,86.2,0,300,0,0,300,,78.6,56,78,0,
2025-07-01,10:05:00,cool,compressorCoolStage1On,hold,Home,78,78,77.9,54,86.2,0,60,0,0,105,,78.3,54,77.6,0,
2025-07-01,10:10:00,cool,compressorCoolOff,hold,Home,78,78,77.6,54,86.2,0,0,0,0,0,,78.2,54,77.2,0,
2025-07-01,10:15:00,cool,compressorCoolOff,hold,Home,78,78,77.7,56,86.2,0,0,0,0,0,,78.2,56,77.2,0,
2025-07-01,10:20:00,cool,compressorCoolOff,hold,Home,78,78,77.8,56,86.2,0,0,0,0,0,,78.4,56,77.3,0,
2025-07-01,10:25:00,cool,compressorCoolOff,hold,Home,78,78,77.9,56,86.2,0,0,0,0,0,,78.4,56,77.5,0,
2025-07-01,10:30:00,cool,compressorCoolOff,hold,Home,78,78,78.1,57,86.2,0,0,0,0,0,,78.5,57,77.6,0,
2025-07-01,10:35:00,cool,compressorCoolOff,hold,Home,78,78,78.2,57,86.2,0,0,0,0,0,,78.6,57,77.8,0,
2025-07-01,10:40:00,cool,compressorCoolOff,hold,Home,78,78,78.2,58,86.2,0,0,0,0,0,,78.7,58,77.8,0,
2025-07-01,10:45:00,cool,compressorCoolOff,hold,Home,78,78,78.4,58,86.2,0,0,0,0,0,,78.8,58,78,0,
2025-07-01,10:50:00,cool,compressorCoolOff,hold,Home,78,78,78.4,59,86.2,0,285,0,0,285,,78.8,59,78.1,0,
2025-07-01,10:55:00,cool,compressorCoolStage1On,hold,Home,78,78,78.3,56,86.2,0,300,0,0,300,,78.6,56,78,0,
2025-07-01,11:00:00,cool,compressorCoolStage1On,hold,Home,78,78,77.9,55,87.8,0,90,0,0,135,,78.4,55,77.6,0,
2025-07-01,11:05:00,cool,compressorCoolOff,hold,Home,78,78,77.7,55,87.8,0,0,0,0,0,,78.2,55,77.2,0,
2025-07-01,11:10:00,cool,compressorCoolOff,hold,Home,78,78,77.7,56,87.8,0,0,0,0,0,,78.3,56,77.2,0,
2025-07-01,11:15:00,cool,compressorCoolOff,hold,Home,78,78,77.9,57,87.8,0,0,0,0,0,,78.4,57,77.3,0,
2025-07-01,11:20:00,cool,compressorCoolOff,hold,Home,78,78,78,57,87.8,0,0,0,0,0,,78.5,57,77.5,0,
2025-07-01,11:25:00,cool,compressorCoolOff,hold,Home,78,78,78.2,57,87.8,0,0,0,0,0,,78.6,57,77.8,0,
2025-07-01,11:30:00,cool,compressorCoolOff,hold,Home,78,78,78.3,57,87.8,0,15,0,0,15,,78.7,57,78,0,
2025-07-01,11:35:00,cool,compressorCoolStage1On,hold,Home,78,78,78.5,57,87.8,0,300,0,0,300,,78.8,57,78.2,0,
2025-07-01,11:40:00,cool,compressorCoolStage1On,hold,Home,78,78,78.4,56,87.8,0,300,0,0,300,,78.7,56,78.2,0,
2025-07-01,11:45:00,cool,compressorCoolStage1On,hold,Home,78,78,78.1,54,87.8,0,120,0,0,165,,78.5,54,77.7,0,
2025-07-01,11:50:00,cool,compressorCoolOff,hold,Home,78,78,77.8,54,87.8,0,0,0,0,0,,78.3,54,77.3,0,
2025-07-01,11:55:00,cool,compressorCoolOff,hold,Home,78,78,77.8,56,87.8,0,0,0,0,0,,78.4,56,77.4,0,
2025-07-01,12:00:00,cool,compressorCoolOff,hold,Home,78,78,78,57,88,0,0,0,0,0,,78.5,57,77.5,0,
2025-07-01,12:05:00,cool,compressorCoolOff,hold,Home,78,78,78.1,57,88,0,0,0,0,0,,78.6,57,77.6,0,
2025-07-01,12:10:00,cool,compressorCoolOff,hold,Home,78,78,78.2,57,88,0,0,0,0,0,,78.7,57,77.8,0,
2025-07-01,12:15:00,cool,compressorCoolOff,hold,Home,78,78,78.4,57,88,0,30,0,0,30,,78.8,57,78,0,
2025-07-01,12:20:00,cool,compressorCoolStage1On,hold,Home,78,78,78.5,56,88,0,300,0,0,300,,78.9,56,78.2,0,
2025-07-01,12:25:00,cool,compressorCoolStage1On,hold,Home,78,78,78.4,55,88,0,300,0,0,300,,78.7,55,78.2,0,
2025-07-01,12:30:00,cool,compressorCoolStage1On,hold,Home,78,78,78,54,86.7,0,60,0,0,105,,78.4,54,77.7,0,
2025-07-01,12:35:00,cool,compressorCoolOff,hold,Home,78,78,77.9,54,86.7,0,0,0,0,0,,78.3,54,77.5,0,
2025-07-01,12:40:00,cool,compressorCoolOff,hold,Home,78,78,77.9,56,86.7,0,0,0,0,0,,78.4,56,77.5,0,
2025-07-01,12:45:00,cool,compressorCoolOff,hold,Home,78,78,78.1,56,86.7,0,0,0,0,0,,78.5,56,77.6,0,
2025-07-01,12:50:00,cool,compressorCoolOff,hold,Home,78,78,78.2,57,86.7,0,0,0,0,0,,78.7,57,77.8,0,
2025-07-01,12:55:00,cool,compressorCoolOff,hold,Home,78,78,78.4,57,86.7,0,90,0,0,90,,78.8,57,78,0,
2025-07-01,13:00:00,cool,compressorCoolStage1On,hold,Home,78,78,78.5,56,85.5,0,300,0,0,300,,78.8,56,78.2,0,
2025-07-01,13:05:00,cool,compressorCoolStage1On,hold,Home,78,78,78.4,54,85.5,0,300,0,0,300,,78.7,54,78.1,0,
2025-07-01,13:10:00,cool,compressorCoolStage1On,hold,Home,78,78,78,53,85.5,0,30,0,0,75,,78.4,53,77.6,0,
2025-07-01,13:15:00,cool,compressorCoolOff,hold,Home,78,78,77.8,54,85.5,0,0,0,0,0,,78.3,54,77.3,0,
2025-07-01,13:20:00,cool,compressorCoolOff,hold,Home,78,78,77.8,55,85.5,0,0,0,0,0,,78.4,55,77.3,0,
2025-07-01,13:25:00,cool,compressorCoolOff,hold,Home,78,78,78,56,85.5,0,0,0,0,0,,78.5,56,77.5,0,
2025-07-01,13:30:00,cool,compressorCoolOff,hold,Home,78,78,78.2,56,85.5,0,0,0,0,0,,78.6,56,77.8,0,
2025-07-01,13:35:00,cool,compressorCoolOff,hold,Home,78,78,78.4,56,85.5,0,150,0,0,150,,78.7,56,78.1,0,
2025-07-01,13:40:00,cool,compressorCoolStage1On,hold,Home,78,78,78.5,55,85.5,0,300,0,0,300,,78.8,55,78.2,0,
2025-07-01,13:45:00,cool,compressorCoolStage1On,hold,Home,78,78,78.3,53,85.5,0,300,0,0,300,,78.5,53,78.1,0,
2025-07-01,13:50:00,cool,compressorCoolStage1On,hold,Home,78,78,77.9,53,85.5,0,30,0,0,75,,78.2,53,77.7,0,
2025-07-01,13:55:00,cool,compressorCoolOff,hold,Home,78,78,77.7,53,85.5,0,0,0,0,0,,78.1,53,77.3,0,
2025-07-01,14:00:00,cool,compressorCoolOff,hold,Home,78,78,77.8,55,88.1,0,0,0,0,0,,78.2,55,77.5,0,
2025-07-01,14:05:00,cool,compressorCoolOff,hold,Home,78,78,78,56,88.1,0,0,0,0,0,,78.4,56,77.7,0,
2025-07-01,14:10:00,cool,compressorCoolOff,hold,Home,78,78,78.2,56,88.1,0,0,0,0,0,,78.6,56,77.9,0,
2025-07-01,14:15:00,cool,compressorCoolOff,hold,Home,78,78,78.3,57,88.1,0,30,0,0,30,,78.7,57,78.1,0,
2025-07-01,14:20:00,cool,compressorCoolStage1On,hold,Home,78,78,78.5,56,88.1,0,300,0,0,300,,78.8,56,78.3,0,
2025-07-01,14:25:00,cool,compressorCoolStage1On,hold,Home,78,78,78.5,54,88.1,0,300,0,0,300,,78.7,54,78.3,0,
2025-07-01,14:30:00,cool,compressorCoolStage1On,hold,Home,78,78,78.2,52,88.1,0,210,0,0,255,,78.4,52,78,0,
2025-07-01,14:35:00,cool,compressorCoolOff,hold,Home,78,78,77.8,52,88.1,0,0,0,0,0,,78.2,52,77.5,0,
2025-07-01,14:40:00,cool,compressorCoolOff,hold,Home,78,78,77.7,54,88.1,0,0,0,0,0,,78.2,54,77.3,0,
2025-07-01,14:45:00,cool,compressorCoolOff,hold,Home,78,78,77.9,54,88.1,0,0,0,0,0,,78.4,54,77.5,0,
2025-07-01,14:50:00,cool,compressorCoolOff,hold,Home,78,78,78.1,54,88.1,0,0,0,0,0,,78.5,54,77.7,0,
2025-07-01,14:55:00,cool,compressorCoolOff,hold,Home,78,78,78.2,56,88.1,0,0,0,0,0,,78.6,56,77.9,0,
2025-07-01,15:00:00,cool,compressorCoolOff,hold,Home,78,78,78.3,56,89.9,0,15,0,0,15,,78.7,56,78.1,0,
2025-07-01,15:05:00,cool,compressorCoolStage1On,hold,Home,78,78,78.5,55,89.9,0,300,0,0,300,,78.8,55,78.2,0,
2025-07-01,15:10:00,cool,compressorCoolStage1On,hold,Home,78,78,78.4,54,89.9,0,300,0,0,300,,78.6,54,78.2,0,
2025-07-01,15:15:00,cool,compressorCoolStage1On,hold,Home,78,78,78.1,53,89.9,0,165,0,0,210,,78.3,53,77.9,0,
2025-07-01,15:20:00,cool,compressorCoolOff,hold,Home,78,78,77.8,53,89.9,0,0,0,0,0,,78.1,53,77.6,0,
2025-07-01,15:25:00,cool,compressorCoolOff,hold,Home,78,78,77.8,54,89.9,0,0,0,0,0,,78.1,54,77.6,0,
2025-07-01,15:30:00,,,,,,,,,89.9,0,,,,,,,,,,
2025-07-01,15:35:00,,,,,,,,,89.9,0,,,,,,,,,,
2025-07-01,15:40:00,,,,,,,,,89.9,0,,,,,,,,,,
2025-07-01,15:45:00,,,,,,,,,89.9,0,,,,,,,,,,
2025-07-01,15:50:00,cool,heatOff,hold,Home,78,78,78.2,57,89.9,0,0,0,0,0,,78.5,57,78,0,
2025-07-01,15:55:00,cool,heatOff,hold,Home,78,78,78.2,58,89.9,0,0,0,0,0,,78.5,58,78,0,
2025-07-01,16:00:00,cool,heatOff,hold,Home,78,78,78.2,58,85.6,0,0,0,0,0,,78.5,58,78.1,0,
2025-07-01,16:05:00,cool,heatOff,hold,Home,78,78,78.3,58,85.6,0,0,0,0,0,,78.5,58,78.2,0,
2025-07-01,16:10:00,cool,heatOff,hold,Home,78,78,78.3,59,85.6,0,0,0,0,0,,78.5,59,78.2,0,
2025-07-01,16:15:00,cool,heatOff,hold,Home,78,78,78.3,60,85.6,0,0,0,0,0,,78.5,60,78.2,0,
2025-07-01,16:20:00,cool,heatOff,hold,Home,78,78,78.3,60,85.6,0,0,0,0,0,,78.5,60,78.2,0,
2025-07-01,16:25:00,cool,heatOff,hold,Home,78,78,78.4,60,85.6,0,180,0,0,180,,78.5,60,78.4,0,
2025-07-01,16:30:00,cool,compressorCoolStage1On,hold,Home,78,78,78.4,58,85.6,0,300,0,0,300,,78.6,58,78.3,0,
2025-07-01,16:35:00,cool,compressorCoolStage1On,hold,Home,78,78,78.1,55,85.6,0,270,0,0,300,,78.4,55,77.9,0,
2025-07-01,16:40:00,cool,compressorCoolOff,hold,Home,78,78,77.7,55,85.6,0,0,0,0,15,,78,55,77.4,0,
2025-07-01,16:45:00,cool,compressorCoolOff,hold,Home,78,78,77.5,55,85.6,0,0,0,0,0,,78,55,77.1,0,
2025-07-01,16:50:00,cool,compressorCoolOff,hold,Home,78,78,77.7,55,85.6,0,0,0,0,0,,78.2,55,77.2,0,
2025-07-01,16:55:00,cool,compressorCoolOff,hold,Home,78,78,77.8,56,85.6,0,0,0,0,0,,78.3,56,77.3,0,
2025-07-01,17:00:00,cool,compressorCoolOff,hold,Home,78,78,77.9,57,83.5,0,0,0,0,0,,78.4,57,77.4,0,
2025-07-01,17:05:00,cool,compressorCoolOff,hold,Home,78,78,78,57,83.5,0,0,0,0,0,,78.4,57,77.7,0,
2025-07-01,17:10:00,cool,compressorCoolOff,hold,Home,78,78,78.1,58,83.5,0,0,0,0,0,,78.5,58,77.8,0,
2025-07-01,17:15:00,cool,compressorCoolOff,hold,Home,78,78,78.1,58,83.5,0,0,0,0,0,,78.5,58,77.8,0,
2025-07-01,17:20:00,cool,compressorCoolOff,hold,Home,78,78,78.1,58,83.5,0,0,0,0,0,,78.5,58,77.8,0,
2025-07-01,17:25:00,cool,compressorCoolOff,hold,Home,78,78,78.2,58,83.5,0,0,0,0,0,,78.5,58,78,0,
2025-07-01,17:30:00,cool,compressorCoolOff,hold,Home,78,78,78.3,59,79.4,0,0,0,0,0,,78.5,59,78.2,0,
2025-07-01,17:35:00,cool,compressorCoolOff,hold,Home,78,78,78.4,59,79.4,0,0,0,0,0,,78.6,59,78.2,0,
2025-07-01,17:40:00,cool,compressorCoolOff,hold,Home,78,78,78.4,59,79.4,0,0,0,0,0,,78.7,59,78.2,0,
2025-07-01,17:45:00,cool,compressorCoolOff,hold,Home,78,78,78.5,59,79.4,0,255,0,0,255,,78.7,59,78.3,0,
2025-07-01,17:50:00,cool,compressorCoolStage1On,hold,Home,78,78,78.4,57,79.4,0,300,0,0,300,,78.6,57,78.2,0,
2025-07-01,17:55:00,cool,compressorCoolStage1On,hold,Home,78,78,78.1,55,79.4,0,165,0,0,210,,78.4,55,77.8,0,
2025-07-01,18:00:00,cool,compressorCoolOff,hold,Home,78,78,77.7,55,79.8,0,0,0,0,0,,78.1,55,77.4,0,
2025-07-01,18:05:00,cool,compressorCoolOff,hold,Home,78,78,77.7,56,79.8,0,0,0,0,0,,78.2,56,77.3,0,
2025-07-01,18:10:00,cool,compressorCoolOff,hold,Home,78,78,77.8,56,79.8,0,0,0,0,0,,78.3,56,77.3,0,
2025-07-01,18:15:00,cool,compressorCoolOff,hold,Home,78,78,77.9,56,79.8,0,0,0,0,0,,78.4,56,77.5,0,
2025-07-01,18:20:00,cool,compressorCoolOff,hold,Home,78,78,78,57,79.8,0,0,0,0,0,,78.5,57,77.6,0,
2025-07-01,18:25:00,cool,compressorCoolOff,hold,Home,78,78,78,58,79.8,0,0,0,0,0,,78.5,58,77.7,0,
2025-07-01,18:30:00,cool,compressorCoolOff,hold,Home,78,78,78.1,58,79.6,0,0,0,0,0,,78.5,58,77.8,0,
2025-07-01,18:35:00,cool,compressorCoolOff,hold,Home,78,78,78.1,58,79.6,0,0,0,0,0,,78.5,58,77.9,0,
2025-07-01,18:40:00,cool,compressorCoolOff,hold,Home,78,78,78.2,58,79.6,0,0,0,0,0,,78.5,58,78,0,
2025-07-01,18:45:00,cool,compressorCoolOff,hold,Home,78,78,78.2,58,79.6,0,0,0,0,0,,78.5,58,78,0,
2025-07-01,18:50:00,cool,compressorCoolOff,hold,Home,78,78,78.2,59,79.6,0,0,0,0,0,,78.5,59,78,0,
2025-07-01,18:55:00,cool,compressorCoolOff,hold,Home,78,78,78.3,59,79.6,0,0,0,0,0,,78.5,59,78.2,0,
2025-07-01,19:00:00,cool,compressorCoolOff,hold,Home,78,78,78.4,59,79.6,0,0,0,0,0,,78.6,59,78.2,0,
2025-07-01,19:05:00,cool,compressorCoolOff,hold,Home,78,78,78.4,59,79.6,0,0,0,0,0,,78.6,59,78.2,0,
2025-07-01,19:10:00,cool,compressorCoolStage1On,hold,Home,78,78,78.5,59,79.6,0,300,0,0,300,,78.6,59,78.4,0,
2025-07-01,19:15:00,cool,compressorCoolStage1On,hold,Home,78,78,78.3,57,79.6,0,300,0,0,300,,78.5,57,78.2,0,
2025-07-01,19:20:00,cool,compressorCoolStage1On,hold,Home,78,78,77.9,55,79.6,0,60,0,0,105,,78.3,55,77.7,0,
2025-07-01,19:25:00,cool,compressorCoolOff,hold,Home,78,78,77.8,55,79.6,0,0,0,0,0,,78.1,55,77.6,0,
2025-07-01,19:30:00,cool,compressorCoolOff,hold,Home,78,78,77.8,56,79.6,0,0,0,0,0,,78.2,56,77.4,0,
2025-07-01,19:35:00,cool,compressorCoolOff,hold,Home,78,78,77.8,56,79.6,0,0,0,0,0,,78.3,56,77.3,0,
2025-07-01,19:40:00,cool,compressorCoolOff,hold,Home,78,78,77.9,57,79.6,0,0,0,0,0,,78.4,57,77.5,0,
2025-07-01,19:45:00,cool,compressorCoolOff,hold,Home,78,78,78,58,79.6,0,0,0,0,0,,78.5,58,77.6,0,
2025-07-01,19:50:00,cool,compressorCoolOff,hold,Home,78,78,78.1,58,79.6,0,0,0,0,0,,78.5,58,77.8,0,
2025-07-01,19:55:00,cool,compressorCoolOff,hold,Home,78,78,78.2,58,79.6,0,0,0,0,0,,78.5,58,78,0,
2025-07-01,20:00:00,cool,compressorCoolOff,hold,Home,78,78,78.3,58,77.8,0,0,0,0,0,,78.5,58,78.2,0,
2025-07-01,20:05:00,cool,compressorCoolOff,hold,Home,78,78,78.3,59,77.8,0,0,0,0,0,,78.5,59,78.2,0,
2025-07-01,20:10:00,cool,compressorCoolOff,hold,Home,78,78,78.3,59,77.8,0,0,0,0,0,,78.5,59,78.2,0,
2025-07-01,20:15:00,cool,compressorCoolOff,hold,Home,78,78,78.3,59,77.8,0,0,0,0,0,,78.5,59,78.3,0,
2025-07-01,20:20:00,cool,compressorCoolOff,hold,Home,78,78,78.4,59,77.8,0,90,0,0,90,,78.5,59,78.4,0,
2025-07-01,20:25:00,cool,compressorCoolStage1On,hold,Home,78,78,78.4,59,77.8,0,300,0,0,300,,78.5,59,78.3,0,
2025-07-01,20:30:00,cool,compressorCoolStage1On,hold,Home,78,78,78.2,56,77.8,0,225,0,0,270,,78.4,56,78,0,
2025-07-01,20:35:00,cool,compressorCoolOff,hold,Home,78,78,77.8,56,77.8,0,0,0,0,0,,78.2,56,77.5,0,
2025-07-01,20:40:00,cool,compressorCoolOff,hold,Home,78,78,77.7,57,77.8,0,0,0,0,0,,78.2,57,77.3,0,
2025-07-01,20:45:00,cool,compressorCoolOff,hold,Home,78,78,77.7,57,77.8,0,0,0,0,0,,78.3,57,77.3,0,
2025-07-01,20:50:00,cool,compressorCoolOff,hold,Home,78,78,77.9,58,77.8,0,0,0,0,0,,78.4,58,77.4,0,
2025-07-01,20:55:00,cool,compressorCoolOff,hold,Home,78,78,78,58,77.8,0,0,0,0,0,,78.5,58,77.5,0,
2025-07-01,21:00:00,cool,compressorCoolOff,hold,Home,78,78,78,58,76.4,0,0,0,0,0,,78.5,58,77.7,0,
2025-07-01,21:05:00,cool,compressorCoolOff,hold,Home,78,78,78.1,58,76.4,0,0,0,0,0,,78.5,58,77.8,0,
2025-07-01,21:10:00,cool,compressorCoolOff,hold,Home,78,78,78.1,59,76.4,0,0,0,0,0,,78.5,59,77.8,0,
2025-07-01,21:15:00,cool,compressorCoolOff,hold,Home,78,78,78.1,59,76.4,0,0,0,0,0,,78.5,59,77.8,0,
2025-07-01,21:20:00,cool,compressorCoolOff,hold,Home,78,78,78.1,59,76.4,0,0,0,0,0,,78.5,59,77.8,0,
2025-07-01,21:25:00,cool,compressorCoolOff,hold,Home,78,78,78.2,59,76.4,0,0,0,0,0,,78.5,59,78,0,
2025-07-01,21:30:00,cool,compressorCoolOff,hold,Home,78,78,78.2,60,76.4,0,0,0,0,0,,78.5,60,78,0,
2025-07-01,21:35:00,cool,compressorCoolOff,hold,Home,78,78,78.2,60,76.4,0,0,0,0,0,,78.5,60,78,0,
2025-07-01,21:40:00,cool,compressorCoolOff,hold,Home,78,78,78.2,61,76.4,0,0,0,0,0,,78.5,61,78,0,
2025-07-01,21:45:00,cool,compressorCoolOff,hold,Home,78,78,78.2,61,76.4,0,0,0,0,0,,78.5,61,78,0,
2025-07-01,21:50:00,cool,compressorCoolOff,hold,Home,78,78,78.2,61,76.4,0,0,0,0,0,,78.5,61,78,0,
2025-07-01,21:55:00,cool,compressorCoolOff,hold,Home,78,78,78.2,61,76.4,0,0,0,0,0,,78.5,61,78.1,0,
2025-07-01,22:00:00,cool,compressorCoolOff,hold,Home,78,78,78.3,61,75.1,0,0,0,0,0,,78.5,61,78.2,0,
2025-07-01,22:05:00,cool,compressorCoolOff,hold,Home,78,78,78.3,61,75.1,0,0,0,0,0,,78.5,61,78.2,0,
2025-07-01,22:10:00,cool,compressorCoolOff,hold,Home,78,78,78.3,61,75.1,0,0,0,0,0,,78.5,61,78.2,0,
2025-07-01,22:15:00,cool,compressorCoolOff,hold,Home,78,78,78.3,61,75.1,0,0,0,0,0,,78.5,61,78.2,0,
2025-07-01,22:20:00,cool,compressorCoolOff,hold,Home,78,78,78.4,61,75.1,0,0,0,0,0,,78.6,61,78.2,0,
2025-07-01,22:25:00,cool,compressorCoolOff,hold,Home,78,78,78.4,61,75.1,0,0,0,0,0,,78.6,61,78.2,0,
2025-07-01,22:30:00,cool,compressorCoolOff,hold,Home,78,78,78.4,61,75.1,0,0,0,0,0,,78.6,61,78.2,0,
2025-07-01,22:35:00,cool,compressorCoolOff,hold,Home,78,78,78.4,61,75.1,0,0,0,0,0,,78.6,61,78.2,0,
2025-07-01,22:40:00,cool,compressorCoolOff,hold,Home,78,78,78.4,61,75.1,0,0,0,0,0,,78.7,61,78.2,0,
2025-07-01,22:45:00,cool,compressorCoolOff,hold,Home,78,78,78.4,61,75.1,0,0,0,0,0,,78.7,61,78.2,0,
2025-07-01,22:50:00,cool,compressorCoolOff,hold,Home,78,78,78.4,62,75.1,0,150,0,0,150,,78.7,62,78.2,0,
2025-07-01,22:55:00,cool,compressorCoolStage1On,hold,Home,78,78,78.4,60,75.1,0,300,0,0,300,,78.7,60,78.1,0,
2025-07-01,23:00:00,cool,compressorCoolStage1On,hold,Home,78,78,78.1,58,74.9,0,240,0,0,285,,78.4,58,77.9,0,
2025-07-01,23:05:00,cool,compressorCoolOff,hold,Home,78,78,77.8,57,74.9,0,0,0,0,0,,78.2,57,77.4,0,
2025-07-01,23:10:00,cool,compressorCoolOff,hold,Home,78,78,77.6,57,74.9,0,0,0,0,0,,78.2,57,77.1,0,
2025-07-01,23:15:00,cool,compressorCoolOff,hold,Home,78,78,77.6,58,74.9,0,0,0,0,0,,78.2,58,77.1,0,
2025-07-01,23:20:00,cool,compressorCoolOff,hold,Home,78,78,77.7,58,74.9,0,0,0,0,0,,78.4,58,77.2,0,
2025-07-01,23:25:00,cool,compressorCoolOff,hold,Home,78,78,77.8,58,74.9,0,0,0,0,0,,78.4,58,77.3,0,
2025-07-01,23:30:00,cool,compressorCoolOff,hold,Home,78,78,77.9,58,74.3,0,0,0,0,0,,78.5,58,77.4,0,
2025-07-01,23:35:00,cool,compressorCoolOff,hold,Home,78,78,78,59,74.3,0,0,0,0,0,,78.5,59,77.5,0,
2025-07-01,23:40:00,cool,compressorCoolOff,hold,Home,78,78,78,59,74.3,0,0,0,0,0,,78.5,59,77.5,0,
2025-07-01,23:45:00,cool,compressorCoolOff,hold,Home,78,78,78,59,74.3,0,0,0,0,0,,78.5,59,77.5,0,
2025-07-01,23:50:00,cool,compressorCoolOff,hold,Home,78,78,78,59,74.3,0,0,0,0,0,,78.5,59,77.5,0,
2025-07-01,23:55:00,cool,compressorCoolOff,hold,Home,78,78,78,59,74.3,0,0,0,0,0,,78.5,59,77.5,0,
2025-07-02,00:00:00,cool,compressorCoolOff,hold,Sleep,78,78,78,60,73.8,0,0,0,0,0,,78.5,60,77.6,0,
2025-07-02,00:05:00,cool,compressorCoolOff,hold,Sleep,78,78,78,61,73.8,0,0,0,0,0,,78.5,61,77.6,0,
2025-07-02,00:10:00,cool,compressorCoolOff,hold,Sleep,78,78,78,61,73.8,0,0,0,0,0,,78.5,61,77.6,0,
2025-07-02,00:15:00,cool,compressorCoolOff,hold,Sleep,78,78,78,61,73.8,0,0,0,0,0,,78.5,61,77.6,0,
2025-07-02,00:20:00,cool,compressorCoolOff,hold,Sleep,78,78,78,61,73.8,0,0,0,0,0,,78.5,61,77.6,0,
2025-07-02,00:25:00,cool,compressorCoolOff,hold,Sleep,78,78,78,61,73.8,0,0,0,0,0,,78.5,61,77.6,0,
2025-07-02,00:30:00,cool,compressorCoolOff,hold,Sleep,78,78,78,61,73.8,0,0,0,0,0,,78.5,61,77.6,0,
2025-07-02,00:35:00,cool,compressorCoolOff,hold,Sleep,78,78,78.1,61,73.8,0,0,0,0,0,,78.5,61,77.8,0,
2025-07-02,00:40:00,cool,compressorCoolOff,hold,Sleep,78,78,78.1,61,73.8,0,0,0,0,0,,78.5,61,77.8,0,
2025-07-02,00:45:00,cool,compressorCoolOff,hold,Sleep,78,78,78.1,61,73.8,0,0,0,0,0,,78.5,61,77.8,0,
2025-07-02,00:50:00,cool,compressorCoolOff,hold,Sleep,78,78,78.1,61,73.8,0,0,0,0,0,,78.5,61,77.8,0,
2025-07-02,00:55:00,cool,compressorCoolOff,hold,Sleep,78,78,78.2,62,73.8,0,0,0,0,0,,78.6,62,77.8,0,
2025-07-02,01:00:00,cool,compressorCoolOff,hold,Sleep,78,78,78.2,62,73.5,0,0,0,0,0,,78.6,62,77.8,0,
2025-07-02,01:05:00,cool,compressorCoolOff,hold,Sleep,78,78,78.2,62,73.5,0,0,0,0,0,,78.6,62,77.8,0,
2025-07-02,01:10:00,cool,compressorCoolOff,hold,Sleep,78,78,78.2,62,73.5,0,0,0,0,0,,78.7,62,77.8,0,
2025-07-02,01:15:00,cool,compressorCoolOff,hold,Sleep,78,78,78.2,62,73.5,0,0,0,0,0,,78.7,62,77.8,0,
2025-07-02,01:20:00,cool,compressorCoolOff,hold,Sleep,78,78,78.2,62,73.5,0,0,0,0,0,,78.7,62,77.8,0,
2025-07-02,01:25:00,cool,compressorCoolOff,hold,Sleep,78,78,78.2,62,73.5,0,0,0,0,0,,78.7,62,77.8,0,
2025-07-02,01:30:00,cool,compressorCoolOff,hold,Sleep,78,78,78.2,62,73.5,0,0,0,0,0,,78.7,62,77.8,0,
2025-07-02,01:35:00,cool,compressorCoolOff,hold,Sleep,78,78,78.2,62,73.5,0,0,0,0,0,,78.7,62,77.8,0,
2025-07-02,01:40:00,cool,compressorCoolOff,hold,Sleep,78,78,78.2,62,73.5,0,0,0,0,0,,78.7,62,77.8,0,
2025-07-02,01:45:00,cool,compressorCoolOff,hold,Sleep,78,78,78.2,62,73.5,0,0,0,0,0,,78.7,62,77.8,0,
2025-07-02,01:50:00,cool,compressorCoolOff,hold,Sleep,78,78,78.2,62,73.5,0,0,0,0,0,,78.7,62,77.8,0,
2025-07-02,01:55:00,cool,compressorCoolOff,hold,Sleep,78,78,78.2,62,73.5,0,0,0,0,0,,78.7,62,77.8,0,
2025-07-02,02:00:00,cool,compressorCoolOff,hold,Sleep,78,78,78.2,62,73.2,0,0,0,0,0,,78.7,62,77.8,0,
2025-07-02,02:05:00,cool,compressorCoolOff,hold,Sleep,78,78,78.2,62,73.2,0,0,0,0,0,,78.7,62,77.8,0,
2025-07-02,02:10:00,cool,compressorCoolOff,hold,Sleep,78,78,78.2,62,73.2,0,0,0,0,0,,78.7,62,77.8,0,
2025-07-02,02:15:00,cool,compressorCoolOff,hold,Sleep,78,78,78.3,62,73.2,0,0,0,0,0,,78.8,62,77.8,0,
2025-07-02,02:20:00,cool,compressorCoolOff,hold,Sleep,78,78,78.3,62,73.2,0,0,0,0,0,,78.8,62,77.8,0,
2025-07-02,02:25:00,cool,compressorCoolOff,hold,Sleep,78,78,78.3,62,73.2,0,0,0,0,0,,78.8,62,77.8,0,
2025-07-02,02:30:00,cool,compressorCoolOff,hold,Sleep,78,78,78.3,62,72.4,0,0,0,0,0,,78.8,62,77.8,0,
2025-07-02,02:35:00,cool,compressorCoolOff,hold,Sleep,78,78,78.3,62,72.4,0,0,0,0,0,,78.8,62,77.8,0,
2025-07-02,02:40:00,cool,compressorCoolOff,hold,Sleep,78,78,78.3,62,72.4,0,0,0,0,0,,78.8,62,77.8,0,
2025-07-02,02:45:00,cool,compressorCoolOff,hold,Sleep,78,78,78.3,63,72.4,0,0,0,0,0,,78.8,63,77.8,0,
2025-07-02,02:50:00,cool,compressorCoolOff,hold,Sleep,78,78,78.3,63,72.4,0,0,0,0,0,,78.8,63,77.8,0,
2025-07-02,02:55:00,cool,compressorCoolOff,hold,Sleep,78,78,78.3,63,72.4,0,0,0,0,0,,78.8,63,77.8,0,
2025-07-02,03:00:00,cool,compressorCoolOff,hold,Sleep,78,78,78.3,63,72.4,0,0,0,0,0,,78.8,63,77.8,0,
2025-07-02,03:05:00,cool,compressorCoolOff,hold,Sleep,78,78,78.3,63,72.4,0,0,0,0,0,,78.8,63,77.8,0,
2025-07-02,03:10:00,cool,compressorCoolOff,hold,Sleep,78,78,78.3,63,72.4,0,0,0,0,0,,78.8,63,77.8,0,
2025-07-02,03:15:00,cool,compressorCoolOff,hold,Sleep,78,78,78.3,63,72.4,0,0,0,0,0,,78.8,63,77.8,0,
2025-07-02,03:20:00,cool,compressorCoolOff,hold,Sleep,78,78,78.3,63,72.4,0,0,0,0,0,,78.8,63,77.8,0,
2025-07-02,03:25:00,cool,compressorCoolOff,hold,Sleep,78,78,78.3,63,72.4,0,0,0,0,0,,78.8,63,77.8,0,
2025-07-02,03:30:00,cool,compressorCoolOff,hold,Sleep,78,78,78.3,63,72.4,0,0,0,0,0,,78.8,63,77.8,0,
2025-07-02,03:35:00,cool,compressorCoolOff,hold,Sleep,78,78,78.3,63,72.4,0,0,0,0,0,,78.8,63,77.8,0,
2025-07-02,03:40:00,cool,compressorCoolOff,hold,Sleep,78,78,78.2,63,72.4,0,0,0,0,0,,78.7,63,77.8,0,
2025-07-02,03:45:00,cool,compressorCoolOff,hold,Sleep,78,78,78.1,63,72.4,0,0,0,0,0,,78.7,63,77.6,0,
2025-07-02,03:50:00,cool,compressorCoolOff,hold,Sleep,78,78,78.1,63,72.4,0,0,0,0,0,,78.7,63,77.6,0,
2025-07-02,03:55:00,cool,compressorCoolOff,hold,Sleep,78,78,78.1,63,72.4,0,0,0,0,0,,78.7,63,77.6,0,
2025-07-02,04:00:00,cool,compressorCoolOff,hold,Sleep,78,78,78.1,63,72.4,0,0,0,0,0,,78.7,63,77.6,0,
2025-07-02,04:05:00,cool,compressorCoolOff,hold,Sleep,78,78,78.1,63,72.4,0,0,0,0,0,,78.7,63,77.6,0,
2025-07-02,04:10:00,cool,compressorCoolOff,hold,Sleep,78,78,78.1,63,72.4,0,0,0,0,0,,78.7,63,77.6,0,
2025-07-02,04:15:00,cool,compressorCoolOff,hold,Sleep,78,78,78.1,63,72.4,0,0,0,0,0,,78.7,63,77.6,0,
2025-07-02,04:20:00,cool,compressorCoolOff,hold,Sleep,78,78,78.1,63,72.4,0,0,0,0,0,,78.7,63,77.6,0,
2025-07-02,04:25:00,cool,compressorCoolOff,hold,Sleep,78,78,78.1,63,72.4,0,0,0,0,0,,78.7,63,77.6,0,
2025-07-02,04:30:00,cool,compressorCoolOff,hold,Sleep,78,78,78.1,63,72.4,0,0,0,0,0,,78.7,63,77.6,0,
2025-07-02,04:35:00,cool,compressorCoolOff,hold,Sleep,78,78,78.1,63,72.4,0,0,0,0,0,,78.7,63,77.6,0,
2025-07-02,04:40:00,cool,compressorCoolOff,hold,Sleep,78,78,78.1,63,72.4,0,0,0,0,0,,78.7,63,77.6,0,
2025-07-02,04:45:00,cool,compressorCoolOff,hold,Sleep,78,78,78.1,63,72.4,0,0,0,0,0,,78.7,63,77.6,0,
2025-07-02,04:50:00,cool,compressorCoolOff,hold,Sleep,78,78,78.1,63,72.4,0,0,0,0,0,,78.7,63,77.6,0,
2025-07-02,04:55:00,cool,compressorCoolOff,hold,Sleep,78,78,78.1,63,72.4,0,0,0,0,0,,78.7,63,77.6,0,
2025-07-02,05:00:00,cool,compressorCoolOff,hold,Sleep,78,78,78.1,63,72,0,0,0,0,0,,78.7,63,77.6,0,
2025-07-02,05:05:00,cool,compressorCoolOff,hold,Sleep,78,78,78.1,63,72,0,0,0,0,0,,78.6,63,77.6,0,
2025-07-02,05:10:00,cool,compressorCoolOff,hold,Sleep,78,78,78.1,63,72,0,0,0,0,0,,78.6,63,77.6,0,
2025-07-02,05:15:00,cool,compressorCoolOff,hold,Sleep,78,78,78.1,63,72,0,0,0,0,0,,78.6,63,77.6,0,
2025-07-02,05:20:00,cool,compressorCoolOff,hold,Sleep,78,78,78.1,63,72,0,0,0,0,0,,78.6,63,77.6,0,
2025-07-02,05:25:00,cool,compressorCoolOff,hold,Sleep,78,78,78.1,63,72,0,0,0,0,0,,78.6,63,77.6,0,
2025-07-02,05:30:00,cool,compressorCoolOff,hold,Sleep,78,78,78,63,72,0,0,0,0,0,,78.6,63,77.5,0,
2025-07-02,05:35:00,cool,compressorCoolOff,hold,Sleep,78,78,78,63,72,0,0,0,0,0,,78.6,63,77.5,0,
2025-07-02,05:40:00,cool,compressorCoolOff,hold,Sleep,78,78,78,63,72,0,0,0,0,0,,78.6,63,77.5,0,
2025-07-02,05:45:00,cool,compressorCoolOff,hold,Sleep,78,78,78,63,72,0,0,0,0,0,,78.6,63,77.5,0,
2025-07-02,05:50:00,cool,compressorCoolOff,hold,Sleep,78,78,78,63,72,0,0,0,0,0,,78.6,63,77.5,0,
2025-07-02,05:55:00,cool,compressorCoolOff,hold,Sleep,78,78,78,63,72,0,0,0,0,0,,78.6,63,77.5,0,
2025-07-02,06:00:00,cool,compressorCoolOff,hold,Sleep,78,78,78,63,71.8,0,0,0,0,0,,78.6,63,77.5,0,
2025-07-02,06:05:00,cool,compressorCoolOff,hold,Sleep,78,78,78,63,71.8,0,0,0,0,0,,78.6,63,77.5,0,
2025-07-02,06:10:00,cool,compressorCoolOff,hold,Sleep,78,78,78,63,71.8,0,0,0,0,0,,78.5,63,77.5,0,
2025-07-02,06:15:00,cool,compressorCoolOff,hold,Sleep,78,78,78,63,71.8,0,0,0,0,0,,78.5,63,77.5,0,
2025-07-02,06:20:00,cool,compressorCoolOff,hold,Sleep,78,78,78,63,71.8,0,0,0,0,0,,78.5,63,77.5,0,
2025-07-02,06:25:00,cool,compressorCoolOff,hold,Sleep,78,78,78,63,71.8,0,0,0,0,0,,78.5,63,77.5,0,
2025-07-02,06:30:00,cool,compressorCoolOff,hold,Sleep,78,78,78,63,71.7,0,0,0,0,0,,78.5,63,77.5,0,
2025-07-02,06:35:00,cool,compressorCoolOff,hold,Sleep,78,78,78,63,71.7,0,0,0,0,0,,78.5,63,77.6,0,
2025-07-02,06:40:00,cool,compressorCoolOff,hold,Sleep,78,78,78,63,71.7,0,0,0,0,0,,78.5,63,77.6,0,
2025-07-02,06:45:00,cool,compressorCoolOff,hold,Sleep,78,78,78,63,71.7,0,0,0,0,0,,78.5,63,77.6,0,
2025-07-02,06:50:00,cool,compressorCoolOff,hold,Sleep,78,78,78,63,71.7,0,0,0,0,0,,78.5,63,77.6,0,
2025-07-02,06:55:00,cool,compressorCoolOff,hold,Sleep,78,78,78,63,71.7,0,0,0,0,0,,78.5,63,77.6,0,
2025-07-02,07:00:00,cool,compressorCoolOff,hold,Sleep,78,78,78,63,71.8,0,0,0,0,0,,78.5,63,77.6,0,
2025-07-02,07:05:00,cool,compressorCoolOff,hold,Sleep,78,78,78,63,71.8,0,0,0,0,0,,78.5,63,77.6,0,
2025-07-02,07:10:00,cool,compressorCoolOff,hold,Sleep,78,78,78,63,71.8,0,0,0,0,0,,78.5,63,77.6,0,
2025-07-02,07:15:00,cool,compressorCoolOff,hold,Sleep,78,78,78,64,71.8,0,0,0,0,0,,78.5,64,77.6,0,
2025-07-02,07:20:00,cool,compressorCoolOff,hold,Sleep,78,78,78,63,71.8,0,0,0,0,0,,78.5,63,77.6,0,
2025-07-02,07:25:00,cool,compressorCoolOff,hold,Sleep,78,78,78,63,71.8,0,0,0,0,0,,78.5,63,77.6,0,
2025-07-02,07:30:00,cool,compressorCoolOff,hold,Sleep,78,78,78,63,71.8,0,0,0,0,0,,78.5,63,77.6,0,
2025-07-02,07:35:00,cool,compressorCoolOff,hold,Sleep,78,78,78,63,71.8,0,0,0,0,0,,78.5,63,77.7,0,
2025-07-02,07:40:00,cool,compressorCoolOff,hold,Sleep,78,78,78.1,64,71.8,0,0,0,0,0,,78.5,64,77.8,0,
2025-07-02,07:45:00,cool,compressorCoolOff,hold,Sleep,78,78,78.1,64,71.8,0,0,0,0,0,,78.5,64,77.8,0,
2025-07-02,07:50:00,cool,compressorCoolOff,hold,Sleep,78,78,78.1,64,71.8,0,0,0,0,0,,78.5,64,77.8,0,
2025-07-02,07:55:00,cool,compressorCoolOff,hold,Sleep,78,78,78.1,65,71.8,0,0,0,0,0,,78.5,65,77.8,0,
2025-07-02,08:00:00,cool,compressorCoolOff,hold,Home,78,78,78.1,65,72.3,0,0,0,0,0,,78.5,65,77.8,0,
2025-07-02,08:05:00,cool,compressorCoolOff,hold,Home,78,78,78.1,65,72.3,0,0,0,0,0,,78.5,65,77.8,0,
2025-07-02,08:10:00,cool,compressorCoolOff,hold,Home,78,78,78.1,65,72.3,0,0,0,0,0,,78.5,65,77.8,0,
2025-07-02,08:15:00,cool,compressorCoolOff,hold,Home,78,78,78.1,65,72.3,0,0,0,0,0,,78.5,65,77.8,0,
2025-07-02,08:20:00,cool,compressorCoolOff,hold,Home,78,78,78.1,65,72.3,0,0,0,0,0,,78.5,65,77.8,0,
2025-07-02,08:25:00,cool,compressorCoolOff,hold,Home,78,78,78.1,65,72.3,0,0,0,0,0,,78.5,65,77.8,0,
2025-07-02,08:30:00,cool,compressorCoolOff,hold,Home,78,78,78.1,65,72.3,0,0,0,0,0,,78.5,65,77.8,0,
2025-07-02,08:35:00,cool,compressorCoolOff,hold,Home,78,78,78.1,65,72.3,0,0,0,0,0,,78.5,65,77.8,0,
2025-07-02,08:40:00,cool,compressorCoolOff,hold,Home,78,78,78.1,65,72.3,0,0,0,0,0,,78.5,65,77.8,0,
2025-07-02,08:45:00,cool,compressorCoolOff,hold,Home,78,78,78.1,65,72.3,0,0,0,0,0,,78.5,65,77.8,0,
2025-07-02,08:50:00,cool,compressorCoolOff,hold,Home,78,78,78.1,65,72.3,0,0,0,0,0,,78.5,65,77.8,0,
2025-07-02,08:55:00,cool,compressorCoolOff,hold,Home,78,78,78.1,65,72.3,0,0,0,0,0,,78.5,65,77.8,0,
2025-07-02,09:00:00,cool,compressorCoolOff,hold,Home,78,78,78.1,65,73.9,0,0,0,0,0,,78.5,65,77.8,0,
2025-07-02,09:05:00,cool,compressorCoolOff,hold,Home,78,78,78.1,65,73.9,0,0,0,0,0,,78.5,65,77.8,0,
2025-07-02,09:10:00,cool,compressorCoolOff,hold,Home,78,78,78.1,65,73.9,0,0,0,0,0,,78.5,65,77.8,0,
2025-07-02,09:15:00,cool,compressorCoolOff,hold,Home,78,78,78.1,65,73.9,0,0,0,0,0,,78.5,65,77.8,0,
2025-07-02,09:20:00,cool,compressorCoolOff,hold,Home,78,78,78.1,65,73.9,0,0,0,0,0,,78.5,65,77.9,0,
2025-07-02,09:25:00,cool,compressorCoolOff,hold,Home,78,78,78.2,65,73.9,0,0,0,0,0,,78.5,65,78,0,
2025-07-02,09:30:00,cool,compressorCoolOff,hold,Home,78,78,78.3,65,73.9,0,0,0,0,0,,78.6,65,78,0,
2025-07-02,09:35:00,cool,compressorCoolOff,hold,Home,78,78,78.3,65,73.9,0,0,0,0,0,,78.6,65,78,0,
2025-07-02,09:40:00,cool,compressorCoolOff,hold,Home,78,78,78.3,65,73.9,0,0,0,0,0,,78.6,65,78,0,
2025-07-02,09:45:00,cool,compressorCoolOff,hold,Home,78,78,78.3,65,73.9,0,0,0,0,0,,78.6,65,78,0,
2025-07-02,09:50:00,cool,compressorCoolOff,hold,Home,78,78,78.3,65,73.9,0,0,0,0,0,,78.6,65,78,0,
2025-07-02,09:55:00,cool,compressorCoolOff,hold,Home,78,78,78.3,65,73.9,0,0,0,0,0,,78.7,65,78,0,
2025-07-02,10:00:00,cool,compressorCoolOff,hold,Home,78,78,78.4,65,75.1,0,0,0,0,0,,78.7,65,78.2,0,
2025-07-02,10:05:00,cool,compressorCoolOff,hold,Home,78,78,78.4,65,75.1,0,0,0,0,0,,78.7,65,78.2,0,
2025-07-02,10:10:00,cool,compressorCoolOff,hold,Home,78,78,78.4,65,75.1,0,0,0,0,0,,78.7,65,78.2,0,
2025-07-02,10:15:00,cool,compressorCoolOff,hold,Home,78,78,78.4,65,75.1,0,0,0,0,0,,78.7,65,78.2,0,
2025-07-02,10:20:00,cool,compressorCoolOff,hold,Home,78,78,78.4,65,75.1,0,60,0,0,60,,78.7,65,78.2,0,
2025-07-02,10:25:00,cool,compressorCoolStage1On,hold,Home,78,78,78.4,64,75.1,0,300,0,0,300,,78.7,64,78.2,0,
2025-07-02,10:30:00,cool,compressorCoolStage1On,hold,Home,78,78,78.2,61,73.9,0,300,0,0,300,,78.5,61,77.9,0,
2025-07-02,10:35:00,cool,compressorCoolStage1On,hold,Home,78,78,77.8,59,73.9,0,135,0,0,180,,78.3,59,77.4,0,
2025-07-02,10:40:00,cool,compressorCoolOff,hold,Home,78,78,77.5,58,73.9,0,0,0,0,0,,78.1,58,76.9,0,
2025-07-02,10:45:00,cool,compressorCoolOff,hold,Home,78,78,77.4,59,73.9,0,0,0,0,0,,78.1,59,76.7,0,
2025-07-02,10:50:00,cool,compressorCoolOff,hold,Home,78,78,77.5,60,73.9,0,0,0,0,0,,78.3,60,76.9,0,
2025-07-02,10:55:00,cool,compressorCoolOff,hold,Home,78,78,77.7,61,73.9,0,0,0,0,0,,78.4,61,77.1,0,
2025-07-02,11:00:00,cool,compressorCoolOff,hold,Home,78,78,77.8,61,74.6,0,0,0,0,0,,78.5,61,77.1,0,
2025-07-02,11:05:00,cool,compressorCoolOff,hold,Home,78,78,77.8,61,74.6,0,0,0,0,0,,78.5,61,77.1,0,
2025-07-02,11:10:00,cool,compressorCoolOff,hold,Home,78,78,77.9,61,74.6,0,0,0,0,0,,78.5,61,77.4,0,
2025-07-02,11:15:00,cool,compressorCoolOff,hold,Home,78,78,78,62,74.6,0,0,0,0,0,,78.5,62,77.5,0,
2025-07-02,11:20:00,cool,compressorCoolOff,hold,Home,78,78,78,62,74.6,0,0,0,0,0,,78.5,62,77.5,0,
2025-07-02,11:25:00,cool,compressorCoolOff,hold,Home,78,78,78,62,74.6,0,0,0,0,0,,78.5,62,77.5,0,
2025-07-02,11:30:00,cool,compressorCoolOff,hold,Home,78,78,78,62,76.1,0,0,0,0,0,,78.5,62,77.6,0,
2025-07-02,11:35:00,cool,compressorCoolOff,hold,Home,78,78,78,62,76.1,0,0,0,0,0,,78.5,62,77.6,0,
2025-07-02,11:40:00,cool,compressorCoolOff,hold,Home,78,78,78.1,62,76.1,0,0,0,0,0,,78.5,62,77.8,0,
2025-07-02,11:45:00,cool,compressorCoolOff,hold,Home,78,78,78.1,62,76.1,0,0,0,0,0,,78.5,62,77.8,0,
2025-07-02,11:50:00,cool,compressorCoolOff,hold,Home,78,78,78.1,62,76.1,0,0,0,0,0,,78.5,62,77.8,0,
2025-07-02,11:55:00,cool,compressorCoolOff,hold,Home,78,78,78.1,62,76.1,0,0,0,0,0,,78.5,62,77.8,0,
2025-07-02,12:00:00,cool,compressorCoolOff,hold,Home,78,78,78.2,63,77.5,0,0,0,0,0,,78.6,63,77.8,0,
2025-07-02,12:05:00,cool,compressorCoolOff,hold,Home,78,78,78.2,63,77.5,0,0,0,0,0,,78.6,63,77.9,0,
2025-07-02,12:10:00,cool,compressorCoolOff,hold,Home,78,78,78.3,63,77.5,0,0,0,0,0,,78.7,63,78,0,
2025-07-02,12:15:00,cool,compressorCoolOff,hold,Home,78,78,78.4,63,77.5,0,0,0,0,0,,78.8,63,78,0,
2025-07-02,12:20:00,cool,compressorCoolOff,hold,Home,78,78,78.4,63,77.5,0,0,0,0,0,,78.8,63,78,0,
2025-07-02,12:25:00,cool,compressorCoolOff,hold,Home,78,78,78.4,63,77.5,0,15,0,0,15,,78.8,63,78,0,
2025-07-02,12:30:00,cool,compressorCoolStage1On,hold,Home,78,78,78.5,62,79.4,0,300,0,0,300,,78.9,62,78.2,0,
2025-07-02,12:35:00,cool,compressorCoolStage1On,hold,Home,78,78,78.3,60,79.4,0,300,0,0,300,,78.7,60,78,0,
2025-07-02,12:40:00,cool,compressorCoolStage1On,hold,Home,78,78,77.9,58,79.4,0,45,0,0,90,,78.4,58,77.4,0,
2025-07-02,12:45:00,cool,compressorCoolOff,hold,Home,78,78,77.7,58,79.4,0,0,0,0,0,,78.4,58,77.1,0,
2025-07-02,12:50:00,cool,compressorCoolOff,hold,Home,78,78,77.8,59,79.4,0,0,0,0,0,,78.5,59,77.1,0,
2025-07-02,12:55:00,cool,compressorCoolOff,hold,Home,78,78,77.8,59,79.4,0,0,0,0,0,,78.5,59,77.2,0,
2025-07-02,13:00:00,cool,compressorCoolOff,hold,Home,78,78,77.9,59,79.9,0,0,0,0,0,,78.5,59,77.3,0,
2025-07-02,13:05:00,cool,compressorCoolOff,hold,Home,78,78,78,61,79.9,0,0,0,0,0,,78.5,61,77.5,0,
2025-07-02,13:10:00,cool,compressorCoolOff,hold,Home,78,78,78.1,60,79.9,0,0,0,0,0,,78.5,60,77.6,0,
2025-07-02,13:15:00,cool,compressorCoolOff,hold,Home,78,78,78.2,60,79.9,0,0,0,0,0,,78.6,60,77.8,0,
2025-07-02,13:20:00,cool,compressorCoolOff,hold,Home,78,78,78.2,61,79.9,0,0,0,0,0,,78.7,61,77.8,0,
2025-07-02,13:25:00,cool,compressorCoolOff,hold,Home,78,78,78.3,62,79.9,0,0,0,0,0,,78.8,62,77.9,0,
2025-07-02,13:30:00,cool,compressorCoolOff,hold,Home,78,78,78.4,62,79.9,0,0,0,0,0,,78.9,62,78,0,
2025-07-02,13:35:00,cool,compressorCoolOff,hold,Home,78,78,78.4,62,79.9,0,180,0,0,180,,78.9,62,78.1,0,
2025-07-02,13:40:00,cool,compressorCoolStage1On,hold,Home,78,78,78.4,60,79.9,0,300,0,0,300,,78.9,60,78.1,0,
2025-07-02,13:45:00,cool,compressorCoolStage1On,hold,Home,78,78,78.1,57,79.9,0,180,0,0,225,,78.5,57,77.8,0,
2025-07-02,13:50:00,cool,compressorCoolOff,hold,Home,78,78,77.9,57,79.9,0,0,0,0,0,,78.5,57,77.4,0,
2025-07-02,13:55:00,cool,compressorCoolOff,hold,Home,78,78,77.8,58,79.9,0,0,0,0,0,,78.5,58,77.1,0,
2025-07-02,14:00:00,cool,compressorCoolOff,hold,Home,78,78,77.9,59,82,0,0,0,0,0,,78.5,59,77.3,0,
2025-07-02,14:05:00,cool,compressorCoolOff,hold,Home,78,78,78,59,82,0,0,0,0,0,,78.5,59,77.5,0,
2025-07-02,14:10:00,cool,compressorCoolOff,hold,Home,78,78,78,59,82,0,0,0,0,0,,78.6,59,77.5,0,
2025-07-02,14:15:00,cool,compressorCoolOff,hold,Home,78,78,78.2,59,82,0,0,0,0,0,,78.7,59,77.7,0,
2025-07-02,14:20:00,cool,compressorCoolOff,hold,Home,78,78,78.3,60,82,0,0,0,0,0,,78.8,60,77.8,0,
2025-07-02,14:25:00,cool,compressorCoolOff,hold,Home,78,78,78.3,60,82,0,0,0,0,0,,78.8,60,77.9,0,
2025-07-02,14:30:00,cool,compressorCoolOff,hold,Home,78,78,78.4,60,82,0,135,0,0,135,,78.9,60,78,0,
2025-07-02,14:35:00,cool,compressorCoolStage1On,hold,Home,78,78,78.5,59,82,0,300,0,0,300,,78.9,59,78.1,0,
2025-07-02,14:40:00,cool,compressorCoolStage1On,hold,Home,78,78,78.2,57,82,0,300,0,0,300,,78.7,57,77.8,0,
2025-07-02,14:45:00,cool,compressorCoolStage1On,hold,Home,78,78,77.9,55,82,0,45,0,0,90,,78.4,55,77.5,0,
2025-07-02,14:50:00,cool,compressorCoolOff,hold,Home,78,78,77.7,56,82,0,0,0,0,0,,78.4,56,77.1,0,
2025-07-02,14:55:00,cool,compressorCoolOff,hold,Home,78,78,77.8,57,82,0,0,0,0,0,,78.5,57,77.1,0,
2025-07-02,15:00:00,cool,compressorCoolOff,hold,Home,78,78,77.9,58,83.6,0,0,0,0,0,,78.5,58,77.4,0,
2025-07-02,15:05:00,cool,compressorCoolOff,hold,Home,78,78,78,58,83.6,0,0,0,0,0,,78.5,58,77.5,0,
2025-07-02,15:10:00,cool,compressorCoolOff,hold,Home,78,78,78.1,59,83.6,0,0,0,0,0,,78.6,59,77.7,0,
2025-07-02,15:15:00,cool,compressorCoolOff,hold,Home,78,78,78.2,59,83.6,0,0,0,0,0,,78.7,59,77.8,0,
2025-07-02,15:20:00,cool,compressorCoolOff,hold,Home,78,78,78.3,59,83.6,0,0,0,0,0,,78.8,59,77.9,0,
2025-07-02,15:25:00,cool,compressorCoolOff,hold,Home,78,78,78.4,59,83.6,0,135,0,0,135,,78.8,59,78,0,
2025-07-02,15:30:00,cool,compressorCoolStage1On,hold,Home,78,78,78.4,58,83.6,0,300,0,0,300,,78.8,58,78.1,0,
2025-07-02,15:35:00,cool,compressorCoolStage1On,hold,Home,78,78,78.2,56,83.6,0,240,0,0,285,,78.5,56,77.9,0,
2025-07-02,15:40:00,cool,compressorCoolOff,hold,Home,78,78,77.9,55,83.6,0,0,0,0,0,,78.4,55,77.4,0,
2025-07-02,15:45:00,cool,compressorCoolOff,hold,Home,78,78,77.7,57,83.6,0,0,0,0,0,,78.4,57,77.1,0,
2025-07-02,15:50:00,cool,compressorCoolOff,hold,Home,78,78,77.9,58,83.6,0,0,0,0,0,,78.5,58,77.3,0,
2025-07-02,15:55:00,cool,compressorCoolOff,hold,Home,78,78,77.9,58,83.6,0,0,0,0,0,,78.5,58,77.4,0,
2025-07-02,16:00:00,cool,compressorCoolOff,hold,Home,78,78,78,58,84.3,0,0,0,0,0,,78.5,58,77.5,0,
2025-07-02,16:05:00,cool,compressorCoolOff,hold,Home,78,78,78.1,58,84.3,0,0,0,0,0,,78.6,58,77.7,0,
2025-07-02,16:10:00,cool,compressorCoolOff,hold,Home,78,78,78.2,59,84.3,0,0,0,0,0,,78.7,59,77.8,0,
2025-07-02,16:15:00,cool,compressorCoolOff,hold,Home,78,78,78.3,59,84.3,0,0,0,0,0,,78.8,59,77.9,0,
2025-07-02,16:20:00,cool,compressorCoolOff,hold,Home,78,78,78.4,59,84.3,0,120,0,0,120,,78.9,59,78,0,
2025-07-02,16:25:00,cool,compressorCoolStage1On,hold,Home,78,78,78.5,58,84.3,0,300,0,0,300,,78.9,58,78.2,0,
2025-07-02,16:30:00,cool,compressorCoolStage1On,hold,Home,78,78,78.3,56,83.9,0,270,0,0,300,,78.6,56,78.1,0,
2025-07-02,16:35:00,cool,compressorCoolOff,hold,Home,78,78,77.9,55,83.9,0,0,0,0,15,,78.5,55,77.5,0,
2025-07-02,16:40:00,cool,compressorCoolOff,hold,Home,78,78,77.8,56,83.9,0,0,0,0,0,,78.5,56,77.1,0,
2025-07-02,16:45:00,cool,compressorCoolOff,hold,Home,78,78,77.9,58,83.9,0,0,0,0,0,,78.5,58,77.3,0,
2025-07-02,16:50:00,cool,compressorCoolOff,hold,Home,78,78,77.9,58,83.9,0,0,0,0,0,,78.5,58,77.3,0,
2025-07-02,16:55:00,cool,compressorCoolOff,hold,Home,78,78,78.1,58,83.9,0,0,0,0,0,,78.6,58,77.6,0,
2025-07-02,17:00:00,cool,compressorCoolOff,hold,Home,78,78,78.2,58,84.1,0,0,0,0,0,,78.7,58,77.8,0,
2025-07-02,17:05:00,cool,compressorCoolOff,hold,Home,78,78,78.3,58,84.1,0,0,0,0,0,,78.8,58,77.9,0,
2025-07-02,17:10:00,cool,compressorCoolOff,hold,Home,78,78,78.4,59,84.1,0,165,0,0,165,,78.9,59,78,0,
2025-07-02,17:15:00,cool,compressorCoolStage1On,hold,Home,78,78,78.5,57,84.1,0,300,0,0,300,,78.9,57,78.2,0,
2025-07-02,17:20:00,cool,compressorCoolStage1On,hold,Home,78,78,78.3,55,84.1,0,240,0,0,285,,78.6,55,78,0,
2025-07-02,17:25:00,cool,compressorCoolOff,hold,Home,78,78,77.9,55,84.1,0,0,0,0,0,,78.5,55,77.4,0,
2025-07-02,17:30:00,cool,compressorCoolOff,hold,Home,78,78,77.8,56,83.3,0,0,0,0,0,,78.5,56,77.1,0,
2025-07-02,17:35:00,cool,compressorCoolOff,hold,Home,78,78,77.9,56,83.3,0,0,0,0,0,,78.5,56,77.4,0,
2025-07-02,17:40:00,cool,compressorCoolOff,hold,Home,78,78,78.1,56,83.3,0,0,0,0,0,,78.7,56,77.5,0,
2025-07-02,17:45:00,cool,compressorCoolOff,hold,Home,78,78,78.2,57,83.3,0,0,0,0,0,,78.8,57,77.7,0,
2025-07-02,17:50:00,cool,compressorCoolOff,hold,Home,78,78,78.4,58,83.3,0,180,0,0,180,,78.9,58,77.9,0,
2025-07-02,17:55:00,cool,compressorCoolStage1On,hold,Home,78,78,78.4,56,83.3,0,300,0,0,300,,78.9,56,78,0,
2025-07-02,18:00:00,cool,compressorCoolStage1On,hold,Home,78,78,78.1,55,83,0,165,0,0,210,,78.6,55,77.7,0,
2025-07-02,18:05:00,cool,compressorCoolOff,hold,Home,78,78,77.9,54,83,0,0,0,0,0,,78.5,54,77.3,0,
2025-07-02,18:10:00,cool,compressorCoolOff,hold,Home,78,78,77.8,55,83,0,0,0,0,0,,78.5,55,77.1,0,
2025-07-02,18:15:00,cool,compressorCoolOff,hold,Home,78,78,77.9,56,83,0,0,0,0,0,,78.5,56,77.3,0,
2025-07-02,18:20:00,cool,compressorCoolOff,hold,Home,78,78,78,56,83,0,0,0,0,0,,78.7,56,77.5,0,
2025-07-02,18:25:00,cool,compressorCoolOff,hold,Home,78,78,78.3,57,83,0,0,0,0,0,,78.8,57,77.8,0,
2025-07-02,18:30:00,cool,compressorCoolOff,hold,Home,78,78,78.3,58,83,0,0,0,0,0,,78.9,58,77.8,0,
2025-07-02,18:35:00,cool,compressorCoolOff,hold,Home,78,78,78.4,57,83,0,240,0,0,240,,79,57,77.9,0,
2025-07-02,18:40:00,cool,compressorCoolStage1On,hold,Home,78,78,78.4,56,83,0,300,0,0,300,,78.9,56,78,0,
2025-07-02,18:45:00,cool,compressorCoolStage1On,hold,Home,78,78,78.1,54,83,0,120,0,0,165,,78.6,54,77.7,0,
2025-07-02,18:50:00,cool,compressorCoolOff,hold,Home,78,78,77.9,54,83,0,0,0,0,0,,78.5,54,77.3,0,
2025-07-02,18:55:00,cool,compressorCoolOff,hold,Home,78,78,77.8,56,83,0,0,0,0,0,,78.5,56,77.1,0,
2025-07-02,19:00:00,cool,compressorCoolOff,hold,Home,78,78,77.9,56,83,0,0,0,0,0,,78.5,56,77.3,0,
2025-07-02,19:05:00,cool,compressorCoolOff,hold,Home,78,78,78,56,83,0,0,0,0,0,,78.6,56,77.5,0,
2025-07-02,19:10:00,cool,compressorCoolOff,hold,Home,78,78,78.1,56,83,0,0,0,0,0,,78.7,56,77.6,0,
2025-07-02,19:15:00,cool,compressorCoolOff,hold,Home,78,78,78.3,56,83,0,0,0,0,0,,78.8,56,77.8,0,
2025-07-02,19:20:00,cool,compressorCoolOff,hold,Home,78,78,78.3,58,83,0,0,0,0,0,,78.9,58,77.8,0,
2025-07-02,19:25:00,cool,compressorCoolOff,hold,Home,78,78,78.3,58,83,0,30,0,0,30,,78.9,58,77.9,0,
2025-07-02,19:30:00,cool,compressorCoolStage1On,hold,Home,78,78,78.4,57,83,0,300,0,0,300,,78.9,57,78,0,
2025-07-02,19:35:00,cool,compressorCoolStage1On,hold,Home,78,78,78.2,55,83,0,300,0,0,300,,78.7,55,77.7,0,
2025-07-02,19:40:00,cool,compressorCoolStage1On,hold,Home,78,78,77.8,54,83,0,15,0,0,60,,78.4,54,77.3,0,
2025-07-02,19:45:00,cool,compressorCoolOff,hold,Home,78,78,77.7,55,83,0,0,0,0,0,,78.4,55,77.1,0,
2025-07-02,19:50:00,cool,compressorCoolOff,hold,Home,78,78,77.8,56,83,0,0,0,0,0,,78.5,56,77.2,0,
2025-07-02,19:55:00,cool,compressorCoolOff,hold,Home,78,78,78,57,83,0,0,0,0,0,,78.5,57,77.5,0,
2025-07-02,20:00:00,cool,compressorCoolOff,hold,Home,78,78,78,58,81.7,0,0,0,0,0,,78.5,58,77.6,0,
2025-07-02,20:05:00,cool,compressorCoolOff,hold,Home,78,78,78.1,58,81.7,0,0,0,0,0,,78.5,58,77.8,0,
2025-07-02,20:10:00,cool,compressorCoolOff,hold,Home,78,78,78.2,58,81.7,0,0,0,0,0,,78.6,58,77.9,0,
2025-07-02,20:15:00,cool,compressorCoolOff,hold,Home,78,78,78.3,58,81.7,0,0,0,0,0,,78.7,58,78,0,
2025-07-02,20:20:00,cool,compressorCoolOff,hold,Home,78,78,78.4,58,81.7,0,240,0,0,240,,78.8,58,78.1,0,
2025-07-02,20:25:00,cool,compressorCoolStage1On,hold,Home,78,78,78.3,56,81.7,0,300,0,0,300,,78.6,56,78,0,
2025-07-02,20:30:00,cool,compressorCoolStage1On,hold,Home,78,78,78,55,81.7,0,120,0,0,165,,78.4,55,77.7,0,
2025-07-02,20:35:00,cool,compressorCoolOff,hold,Home,78,78,77.8,55,81.7,0,0,0,0,0,,78.3,55,77.3,0,
2025-07-02,20:40:00,cool,compressorCoolOff,hold,Home,78,78,77.7,56,81.7,0,0,0,0,0,,78.4,56,77.1,0,
2025-07-02,20:45:00,cool,compressorCoolOff,hold,Home,78,78,77.9,56,81.7,0,0,0,0,0,,78.5,56,77.3,0,
2025-07-02,20:50:00,cool,compressorCoolOff,hold,Home,78,78,78,56,81.7,0,0,0,0,0,,78.5,56,77.5,0,
2025-07-02,20:55:00,cool,compressorCoolOff,hold,Home,78,78,78,58,81.7,0,0,0,0,0,,78.5,58,77.5,0,
2025-07-02,21:00:00,cool,compressorCoolOff,hold,Home,78,78,78,58,79.1,0,0,0,0,0,,78.5,58,77.6,0,
2025-07-02,21:05:00,cool,compressorCoolOff,hold,Home,78,78,78.1,58,79.1,0,0,0,0,0,,78.5,58,77.8,0,
2025-07-02,21:10:00,cool,compressorCoolOff,hold,Home,78,78,78.1,58,79.1,0,0,0,0,0,,78.5,58,77.8,0,
2025-07-02,21:15:00,cool,compressorCoolOff,hold,Home,78,78,78.1,58,79.1,0,0,0,0,0,,78.5,58,77.8,0,
2025-07-02,21:20:00,cool,compressorCoolOff,hold,Home,78,78,78.2,58,79.1,0,0,0,0,0,,78.6,58,77.8,0,
2025-07-02,21:25:00,cool,compressorCoolOff,hold,Home,78,78,78.2,59,79.1,0,0,0,0,0,,78.6,59,77.9,0,
2025-07-02,21:30:00,cool,compressorCoolOff,hold,Home,78,78,78.3,59,79.1,0,0,0,0,0,,78.7,59,78,0,
2025-07-02,21:35:00,cool,compressorCoolOff,hold,Home,78,78,78.3,59,79.1,0,0,0,0,0,,78.7,59,78,0,
2025-07-02,21:40:00,cool,compressorCoolOff,hold,Home,78,78,78.3,59,79.1,0,0,0,0,0,,78.7,59,78,0,
2025-07-02,21:45:00,cool,compressorCoolOff,hold,Home,78,78,78.3,59,79.1,0,0,0,0,0,,78.7,59,78,0,
2025-07-02,21:50:00,cool,compressorCoolOff,hold,Home,78,78,78.4,59,79.1,0,0,0,0,0,,78.8,59,78,0,
2025-07-02,21:55:00,cool,compressorCoolOff,hold,Home,78,78,78.4,59,79.1,0,270,0,0,270,,78.8,59,78.1,0,
2025-07-02,22:00:00,cool,compressorCoolStage1On,hold,Home,78,78,78.3,57,77.8,0,300,0,0,300,,78.6,57,78,0,
2025-07-02,22:05:00,cool,compressorCoolStage1On,hold,Home,78,78,77.9,55,77.8,0,90,0,0,135,,78.4,55,77.5,0,
2025-07-02,22:10:00,cool,compressorCoolOff,hold,Home,78,78,77.6,55,77.8,0,0,0,0,0,,78.3,55,77,0,
2025-07-02,22:15:00,cool,compressorCoolOff,hold,Home,78,78,77.6,56,77.8,0,0,0,0,0,,78.3,56,76.9,0,
2025-07-02,22:20:00,cool,compressorCoolOff,hold,Home,78,78,77.8,56,77.8,0,0,0,0,0,,78.5,56,77.1,0,
2025-07-02,22:25:00,cool,compressorCoolOff,hold,Home,78,78,77.9,56,77.8,0,0,0,0,0,,78.5,56,77.3,0,
2025-07-02,22:30:00,cool,compressorCoolOff,hold,Home,78,78,78,58,77,0,0,0,0,0,,78.5,58,77.5,0,
2025-07-02,22:35:00,cool,compressorCoolOff,hold,Home,78,78,78,58,77,0,0,0,0,0,,78.5,58,77.5,0,
2025-07-02,22:40:00,cool,compressorCoolOff,hold,Home,78,78,78,58,77,0,0,0,0,0,,78.5,58,77.6,0,
2025-07-02,22:45:00,cool,compressorCoolOff,hold,Home,78,78,78,58,77,0,0,0,0,0,,78.5,58,77.6,0,
2025-07-02,22:50:00,cool,compressorCoolOff,hold,Home,78,78,78,58,77,0,0,0,0,0,,78.5,58,77.6,0,
2025-07-02,22:55:00,cool,compressorCoolOff,hold,Home,78,78,78,59,77,0,0,0,0,0,,78.5,59,77.7,0,
2025-07-02,23:00:00,cool,compressorCoolOff,hold,Home,78,78,78.1,59,76.3,0,0,0,0,0,,78.5,59,77.8,0,
2025-07-02,23:05:00,cool,compressorCoolOff,hold,Home,78,78,78.1,59,76.3,0,0,0,0,0,,78.5,59,77.8,0,
2025-07-02,23:10:00,cool,compressorCoolOff,hold,Home,78,78,78.1,59,76.3,0,0,0,0,0,,78.5,59,77.8,0,
2025-07-02,23:15:00,cool,compressorCoolOff,hold,Home,78,78,78.1,59,76.3,0,0,0,0,0,,78.5,59,77.8,0,
2025-07-02,23:20:00,cool,compressorCoolOff,hold,Home,78,78,78.2,59,76.3,0,0,0,0,0,,78.6,59,77.8,0,
2025-07-02,23:25:00,cool,compressorCoolOff,hold,Home,78,78,78.2,59,76.3,0,0,0,0,0,,78.6,59,77.8,0,
2025-07-02,23:30:00,cool,compressorCoolOff,hold,Home,78,78,78.2,59,76.3,0,0,0,0,0,,78.7,59,77.8,0,
2025-07-02,23:35:00,cool,compressorCoolOff,hold,Home,78,78,78.2,59,76.3,0,0,0,0,0,,78.7,59,77.8,0,
2025-07-02,23:40:00,cool,compressorCoolOff,hold,Home,78,78,78.2,60,76.3,0,0,0,0,0,,78.7,60,77.8,0,
2025-07-02,23:45:00,cool,compressorCoolOff,hold,Home,78,78,78.2,61,76.3,0,0,0,0,0,,78.7,61,77.8,0,
2025-07-02,23:50:00,cool,compressorCoolOff,hold,Home,78,78,78.2,61,76.3,0,0,0,0,0,,78.7,61,77.8,0,
2025-07-02,23:55:00,cool,compressorCoolOff,hold,Home,78,78,78.2,61,76.3,0,0,0,0,0,,78.7,61,77.8,0,
2025-07-03,00:00:00,cool,compressorCoolOff,hold,Sleep,78,78,78.3,61,75.5,0,0,0,0,0,,78.8,61,77.8,0,
2025-07-03,00:05:00,cool,compressorCoolOff,hold,Sleep,78,78,78.3,61,75.5,0,0,0,0,0,,78.8,61,77.8,0,
2025-07-03,00:10:00,cool,compressorCoolOff,hold,Sleep,78,78,78.3,61,75.5,0,0,0,0,0,,78.8,61,77.8,0,
2025-07-03,00:15:00,cool,compressorCoolOff,hold,Sleep,78,78,78.3,61,75.5,0,0,0,0,0,,78.8,61,77.8,0,
2025-07-03,00:20:00,cool,compressorCoolOff,hold,Sleep,78,78,78.3,61,75.5,0,0,0,0,0,,78.8,61,77.8,0,
2025-07-03,00:25:00,cool,compressorCoolOff,hold,Sleep,78,78,78.3,61,75.5,0,0,0,0,0,,78.8,61,77.8,0,
2025-07-03,00:30:00,cool,compressorCoolOff,hold,Sleep,78,78,78.3,61,75.5,0,0,0,0,0,,78.8,61,77.8,0,
2025-07-03,00:35:00,cool,compressorCoolOff,hold,Sleep,78,78,78.3,61,75.5,0,0,0,0,0,,78.8,61,77.8,0,
2025-07-03,00:40:00,cool,compressorCoolOff,hold,Sleep,78,78,78.3,61,75.5,0,0,0,0,0,,78.9,61,77.8,0,
2025-07-03,00:45:00,cool,compressorCoolOff,hold,Sleep,78,78,78.3,62,75.5,0,0,0,0,0,,78.9,62,77.8,0,
2025-07-03,00:50:00,cool,compressorCoolOff,hold,Sleep,78,78,78.3,62,75.5,0,0,0,0,0,,78.8,62,77.8,0,
2025-07-03,00:55:00,cool,compressorCoolOff,hold,Sleep,78,78,78.3,62,75.5,0,0,0,0,0,,78.9,62,77.8,0,
2025-07-03,01:00:00,cool,compressorCoolOff,hold,Sleep,78,78,78.3,62,74.1,0,0,0,0,0,,78.9,62,77.8,0,
2025-07-03,01:05:00,cool,compressorCoolOff,hold,Sleep,78,78,78.3,62,74.1,0,0,0,0,0,,78.9,62,77.8,0,
2025-07-03,01:10:00,cool,compressorCoolOff,hold,Sleep,78,78,78.3,62,74.1,0,0,0,0,0,,78.9,62,77.8,0,
2025-07-03,01:15:00,cool,compressorCoolOff,hold,Sleep,78,78,78.3,62,74.1,0,0,0,0,0,,78.9,62,77.8,0,
2025-07-03,01:20:00,cool,compressorCoolOff,hold,Sleep,78,78,78.3,62,74.1,0,0,0,0,0,,78.9,62,77.8,0,
2025-07-03,01:25:00,cool,compressorCoolOff,hold,Sleep,78,78,78.3,62,74.1,0,0,0,0,0,,78.9,62,77.8,0,
2025-07-03,01:30:00,cool,compressorCoolOff,hold,Sleep,78,78,78.3,62,74,0,0,0,0,0,,78.9,62,77.8,0,
2025-07-03,01:35:00,cool,compressorCoolOff,hold,Sleep,78,78,78.3,62,74,0,0,0,0,0,,78.9,62,77.8,0,
2025-07-03,01:40:00,cool,compressorCoolOff,hold,Sleep,78,78,78.3,62,74,0,0,0,0,0,,78.9,62,77.8,0,
2025-07-03,01:45:00,cool,compressorCoolOff,hold,Sleep,78,78,78.3,62,74,0,0,0,0,0,,78.9,62,77.8,0,
2025-07-03,01:50:00,cool,compressorCoolOff,hold,Sleep,78,78,78.3,62,74,0,0,0,0,0,,78.9,62,77.8,0,
2025-07-03,01:55:00,cool,compressorCoolOff,hold,Sleep,78,78,78.3,62,74,0,0,0,0,0,,78.9,62,77.8,0,
2025-07-03,02:00:00,cool,compressorCoolOff,hold,Sleep,78,78,78.4,62,73.6,0,0,0,0,0,,78.9,62,78,0,
2025-07-03,02:05:00,cool,compressorCoolOff,hold,Sleep,78,78,78.4,62,73.6,0,0,0,0,0,,78.9,62,78,0,
2025-07-03,02:10:00,cool,compressorCoolOff,hold,Sleep,78,78,78.4,61,73.6,0,270,0,0,270,,78.9,61,78,0,
2025-07-03,02:15:00,cool,compressorCoolStage1On,hold,Sleep,78,78,78.2,59,73.6,0,300,0,0,300,,78.7,59,77.7,0,
2025-07-03,02:20:00,cool,compressorCoolStage1On,hold,Sleep,78,78,77.8,58,73.6,0,30,0,0,75,,78.4,58,77.3,0,
2025-07-03,02:25:00,cool,compressorCoolOff,hold,Sleep,78,78,77.6,58,73.6,0,0,0,0,0,,78.4,58,77,0,
2025-07-03,02:30:00,cool,compressorCoolOff,hold,Sleep,78,78,77.6,58,73.6,0,0,0,0,0,,78.4,58,76.9,0,
2025-07-03,02:35:00,cool,compressorCoolOff,hold,Sleep,78,78,77.6,58,73.6,0,0,0,0,0,,78.4,58,76.9,0,
2025-07-03,02:40:00,cool,compressorCoolOff,hold,Sleep,78,78,77.7,58,73.6,0,0,0,0,0,,78.4,58,77.1,0,
2025-07-03,02:45:00,cool,compressorCoolOff,hold,Sleep,78,78,77.7,59,73.6,0,0,0,0,0,,78.4,59,77.1,0,
2025-07-03,02:50:00,cool,compressorCoolOff,hold,Sleep,78,78,77.7,59,73.6,0,0,0,0,0,,78.4,59,77.1,0,
2025-07-03,02:55:00,cool,compressorCoolOff,hold,Sleep,78,78,77.8,59,73.6,0,0,0,0,0,,78.5,59,77.2,0,
2025-07-03,03:00:00,cool,compressorCoolOff,hold,Sleep,78,78,77.9,60,72.9,0,0,0,0,0,,78.5,60,77.3,0,
2025-07-03,03:05:00,cool,compressorCoolOff,hold,Sleep,78,78,77.9,61,72.9,0,0,0,0,0,,78.5,61,77.3,0,
2025-07-03,03:10:00,cool,compressorCoolOff,hold,Sleep,78,78,77.9,61,72.9,0,0,0,0,0,,78.5,61,77.3,0,
2025-07-03,03:15:00,cool,compressorCoolOff,hold,Sleep,78,78,77.9,61,72.9,0,0,0,0,0,,78.5,61,77.3,0,
2025-07-03,03:20:00,cool,compressorCoolOff,hold,Sleep,78,78,77.9,61,72.9,0,0,0,0,0,,78.5,61,77.3,0,
2025-07-03,03:25:00,cool,compressorCoolOff,hold,Sleep,78,78,78,61,72.9,0,0,0,0,0,,78.5,61,77.5,0,
2025-07-03,03:30:00,cool,compressorCoolOff,hold,Sleep,78,78,78,61,72.9,0,0,0,0,0,,78.5,61,77.5,0,
2025-07-03,03:35:00,cool,compressorCoolOff,hold,Sleep,78,78,78,62,72.9,0,0,0,0,0,,78.5,62,77.5,0,
2025-07-03,03:40:00,cool,compressorCoolOff,hold,Sleep,78,78,78,62,72.9,0,0,0,0,0,,78.5,62,77.5,0,
2025-07-03,03:45:00,cool,compressorCoolOff,hold,Sleep,78,78,78,62,72.9,0,0,0,0,0,,78.5,62,77.5,0,
2025-07-03,03:50:00,cool,compressorCoolOff,hold,Sleep,78,78,78,62,72.9,0,0,0,0,0,,78.5,62,77.5,0,
2025-07-03,03:55:00,cool,compressorCoolOff,hold,Sleep,78,78,78,62,72.9,0,0,0,0,0,,78.5,62,77.5,0,
2025-07-03,04:00:00,cool,compressorCoolOff,hold,Sleep,78,78,78,62,72.3,0,0,0,0,0,,78.5,62,77.5,0,
2025-07-03,04:05:00,cool,compressorCoolOff,hold,Sleep,78,78,78,62,72.3,0,0,0,0,0,,78.5,62,77.5,0,
2025-07-03,04:10:00,cool,compressorCoolOff,hold,Sleep,78,78,78,62,72.3,0,0,0,0,0,,78.5,62,77.5,0,
2025-07-03,04:15:00,cool,compressorCoolOff,hold,Sleep,78,78,78,62,72.3,0,0,0,0,0,,78.5,62,77.5,0,
2025-07-03,04:20:00,cool,compressorCoolOff,hold,Sleep,78,78,78,62,72.3,0,0,0,0,0,,78.5,62,77.5,0,
2025-07-03,04:25:00,cool,compressorCoolOff,hold,Sleep,78,78,78,62,72.3,0,0,0,0,0,,78.5,62,77.5,0,
2025-07-03,04:30:00,cool,compressorCoolOff,hold,Sleep,78,78,78,62,71.3,0,0,0,0,0,,78.5,62,77.5,0,
2025-07-03,04:35:00,cool,compressorCoolOff,hold,Sleep,78,78,78,62,71.3,0,0,0,0,0,,78.5,62,77.5,0,
2025-07-03,04:40:00,cool,compressorCoolOff,hold,Sleep,78,78,78,62,71.3,0,0,0,0,0,,78.5,62,77.5,0,
2025-07-03,04:45:00,cool,compressorCoolOff,hold,Sleep,78,78,78,62,71.3,0,0,0,0,0,,78.5,62,77.5,0,
2025-07-03,04:50:00,cool,compressorCoolOff,hold,Sleep,78,78,78,62,71.3,0,0,0,0,0,,78.5,62,77.5,0,
2025-07-03,04:55:00,cool,compressorCoolOff,hold,Sleep,78,78,78,62,71.3,0,0,0,0,0,,78.5,62,77.5,0,
2025-07-03,05:00:00,cool,compressorCoolOff,hold,Sleep,78,78,78,62,70.8,0,0,0,0,0,,78.5,62,77.5,0,
2025-07-03,05:05:00,cool,compressorCoolOff,hold,Sleep,78,78,78,62,70.8,0,0,0,0,0,,78.5,62,77.5,0,
2025-07-03,05:10:00,cool,compressorCoolOff,hold,Sleep,78,78,78,62,70.8,0,0,0,0,0,,78.5,62,77.5,0,
2025-07-03,05:15:00,cool,compressorCoolOff,hold,Sleep,78,78,78,62,70.8,0,0,0,0,0,,78.5,62,77.5,0,
2025-07-03,05:20:00,cool,compressorCoolOff,hold,Sleep,78,78,78,62,70.8,0,0,0,0,0,,78.5,62,77.5,0,
2025-07-03,05:25:00,cool,compressorCoolOff,hold,Sleep,78,78,78,62,70.8,0,0,0,0,0,,78.5,62,77.5,0,
2025-07-03,05:30:00,cool,compressorCoolOff,hold,Sleep,78,78,78,62,70.8,0,0,0,0,0,,78.5,62,77.5,0,
2025-07-03,05:35:00,cool,compressorCoolOff,hold,Sleep,78,78,78,62,70.8,0,0,0,0,0,,78.5,62,77.5,0,
2025-07-03,05:40:00,cool,compressorCoolOff,hold,Sleep,78,78,78,62,70.8,0,0,0,0,0,,78.5,62,77.5,0,
2025-07-03,05:45:00,cool,compressorCoolOff,hold,Sleep,78,78,78,63,70.8,0,0,0,0,0,,78.5,63,77.5,0,
2025-07-03,05:50:00,cool,compressorCoolOff,hold,Sleep,78,78,78,63,70.8,0,0,0,0,0,,78.5,63,77.5,0,
2025-07-03,05:55:00,cool,compressorCoolOff,hold,Sleep,78,78,78,63,70.8,0,0,0,0,0,,78.5,63,77.5,0,
2025-07-03,06:00:00,cool,compressorCoolOff,hold,Sleep,78,78,78,63,70.6,0,0,0,0,0,,78.5,63,77.5,0,
2025-07-03,06:05:00,cool,compressorCoolOff,hold,Sleep,78,78,78,63,70.6,0,0,0,0,0,,78.5,63,77.5,0,
2025-07-03,06:10:00,cool,compressorCoolOff,hold,Sleep,78,78,78,63,70.6,0,0,0,0,0,,78.5,63,77.5,0,
2025-07-03,06:15:00,cool,compressorCoolOff,hold,Sleep,78,78,78,63,70.6,0,0,0,0,0,,78.5,63,77.5,0,
2025-07-03,06:20:00,cool,compressorCoolOff,hold,Sleep,78,78,78,63,70.6,0,0,0,0,0,,78.5,63,77.5,0,
2025-07-03,06:25:00,cool,compressorCoolOff,hold,Sleep,78,78,78,63,70.6,0,0,0,0,0,,78.5,63,77.5,0,
2025-07-03,06:30:00,cool,compressorCoolOff,hold,Sleep,78,78,78,63,70.6,0,0,0,0,0,,78.5,63,77.5,0,
2025-07-03,06:35:00,cool,compressorCoolOff,hold,Sleep,78,78,78,63,70.6,0,0,0,0,0,,78.5,63,77.6,0,
2025-07-03,06:40:00,cool,compressorCoolOff,hold,Sleep,78,78,78,63,70.6,0,0,0,0,0,,78.5,63,77.5,0,
2025-07-03,06:45:00,cool,compressorCoolOff,hold,Sleep,78,78,78,63,70.6,0,0,0,0,0,,78.5,63,77.5,0,
2025-07-03,06:50:00,cool,compressorCoolOff,hold,Sleep,78,78,78,63,70.6,0,0,0,0,0,,78.5,63,77.5,0,
2025-07-03,06:55:00,cool,compressorCoolOff,hold,Sleep,78,78,78,63,70.6,0,0,0,0,0,,78.5,63,77.5,0,
2025-07-03,07:00:00,cool,compressorCoolOff,hold,Sleep,78,78,78,63,72,0,0,0,0,0,,78.5,63,77.5,0,
2025-07-03,07:05:00,cool,compressorCoolOff,hold,Sleep,78,78,78,63,72,0,0,0,0,0,,78.5,63,77.5,0,
2025-07-03,07:10:00,cool,compressorCoolOff,hold,Sleep,78,78,78,63,72,0,0,0,0,0,,78.5,63,77.5,0,
2025-07-03,07:15:00,cool,compressorCoolOff,hold,Sleep,78,78,78,63,72,0,0,0,0,0,,78.5,63,77.5,0,
2025-07-03,07:20:00,cool,compressorCoolOff,hold,Sleep,78,78,78,63,72,0,0,0,0,0,,78.5,63,77.5,0,
2025-07-03,07:25:00,cool,compressorCoolOff,hold,Sleep,78,78,78,63,72,0,0,0,0,0,,78.5,63,77.5,0,
2025-07-03,07:30:00,cool,compressorCoolOff,hold,Sleep,78,78,78,63,72,0,0,0,0,0,,78.5,63,77.5,0,
2025-07-03,07:35:00,cool,compressorCoolOff,hold,Sleep,78,78,78,63,72,0,0,0,0,0,,78.5,63,77.5,0,
2025-07-03,07:40:00,cool,compressorCoolOff,hold,Sleep,78,78,78,63,72,0,0,0,0,0,,78.5,63,77.5,0,
2025-07-03,07:45:00,cool,compressorCoolOff,hold,Sleep,78,78,78,63,72,0,0,0,0,0,,78.5,63,77.5,0,
2025-07-03,07:50:00,cool,compressorCoolOff,hold,Sleep,78,78,78,63,72,0,0,0,0,0,,78.5,63,77.5,0,
2025-07-03,07:55:00,cool,compressorCoolOff,hold,Sleep,78,78,78,63,72,0,0,0,0,0,,78.5,63,77.5,0,
2025-07-03,08:00:00,cool,compressorCoolOff,hold,Home,78,78,78,63,75,0,0,0,0,0,,78.5,63,77.5,0,
2025-07-03,08:05:00,cool,compressorCoolOff,hold,Home,78,78,78,63,75,0,0,0,0,0,,78.5,63,77.5,0,
2025-07-03,08:10:00,cool,compressorCoolOff,hold,Home,78,78,78,63,75,0,0,0,0,0,,78.5,63,77.5,0,
2025-07-03,08:15:00,cool,compressorCoolOff,hold,Home,78,78,78,63,75,0,0,0,0,0,,78.5,63,77.5,0,
2025-07-03,08:20:00,cool,compressorCoolOff,hold,Home,78,78,78,63,75,0,0,0,0,0,,78.5,63,77.5,0,
2025-07-03,08:25:00,cool,compressorCoolOff,hold,Home,78,78,78,63,75,0,0,0,0,0,,78.5,63,77.5,0,
2025-07-03,08:30:00,cool,compressorCoolOff,hold,Home,78,78,78,63,77.8,0,0,0,0,0,,78.5,63,77.5,0,
2025-07-03,08:35:00,cool,compressorCoolOff,hold,Home,78,78,78,63,77.8,0,0,0,0,0,,78.5,63,77.5,0,
2025-07-03,08:40:00,cool,compressorCoolOff,hold,Home,78,78,78,63,77.8,0,0,0,0,0,,78.5,63,77.5,0,
2025-07-03,08:45:00,cool,compressorCoolOff,hold,Home,78,78,78,63,77.8,0,0,0,0,0,,78.5,63,77.5,0,
2025-07-03,08:50:00,cool,compressorCoolOff,hold,Home,78,78,78,63,77.8,0,0,0,0,0,,78.5,63,77.5,0,
2025-07-03,08:55:00,cool,compressorCoolOff,hold,Home,78,78,78,63,77.8,0,0,0,0,0,,78.5,63,77.5,0,
2025-07-03,09:00:00,cool,compressorCoolOff,hold,Home,78,78,78,63,79.2,0,0,0,0,0,,78.5,63,77.5,0,
2025-07-03,09:05:00,cool,compressorCoolOff,hold,Home,78,78,78,63,79.2,0,0,0,0,0,,78.5,63,77.5,0,
2025-07-03,09:10:00,cool,compressorCoolOff,hold,Home,78,78,78,63,79.2,0,0,0,0,0,,78.5,63,77.5,0,
2025-07-03,09:15:00,cool,compressorCoolOff,hold,Home,78,78,78,63,79.2,0,0,0,0,0,,78.5,63,77.5,0,
2025-07-03,09:20:00,cool,compressorCoolOff,hold,Home,78,78,78,63,79.2,0,0,0,0,0,,78.5,63,77.5,0,
2025-07-03,09:25:00,cool,compressorCoolOff,hold,Home,78,78,78,63,79.2,0,0,0,0,0,,78.5,63,77.5,0,
2025-07-03,09:30:00,cool,compressorCoolOff,hold,Home,78,78,78,63,79.2,0,0,0,0,0,,78.5,63,77.5,0,
2025-07-03,09:35:00,cool,compressorCoolOff,hold,Home,78,78,78,63,79.2,0,0,0,0,0,,78.5,63,77.6,0,
2025-07-03,09:40:00,cool,compressorCoolOff,hold,Home,78,78,78,63,79.2,0,0,0,0,0,,78.5,63,77.6,0,
2025-07-03,09:45:00,cool,compressorCoolOff,hold,Home,78,78,78,63,79.2,0,0,0,0,0,,78.5,63,77.6,0,
2025-07-03,09:50:00,cool,compressorCoolOff,hold,Home,78,78,78,63,79.2,0,0,0,0,0,,78.5,63,77.6,0,
2025-07-03,09:55:00,cool,compressorCoolOff,hold,Home,78,78,78,63,79.2,0,0,0,0,0,,78.5,63,77.6,0,
2025-07-03,10:00:00,cool,compressorCoolOff,hold,Home,78,78,78,63,82,0,0,0,0,0,,78.5,63,77.6,0,
2025-07-03,10:05:00,cool,compressorCoolOff,hold,Home,78,78,78,63,82,0,0,0,0,0,,78.5,63,77.6,0,
2025-07-03,10:10:00,cool,compressorCoolOff,hold,Home,78,78,78,63,82,0,0,0,0,0,,78.5,63,77.6,0,
2025-07-03,10:15:00,cool,compressorCoolOff,hold,Home,78,78,78.1,63,82,0,0,0,0,0,,78.6,63,77.6,0,
2025-07-03,10:20:00,cool,compressorCoolOff,hold,Home,78,78,78.1,63,82,0,0,0,0,0,,78.6,63,77.6,0,
2025-07-03,10:25:00,cool,compressorCoolOff,hold,Home,78,78,78.1,63,82,0,0,0,0,0,,78.7,63,77.6,0,
2025-07-03,10:30:00,cool,compressorCoolOff,hold,Home,78,78,78.1,63,82,0,0,0,0,0,,78.7,63,77.6,0,
2025-07-03,10:35:00,cool,compressorCoolOff,hold,Home,78,78,78.1,63,82,0,0,0,0,0,,78.7,63,77.6,0,
2025-07-03,10:40:00,cool,compressorCoolOff,hold,Home,78,78,78.2,63,82,0,0,0,0,0,,78.8,63,77.6,0,
2025-07-03,10:45:00,cool,compressorCoolOff,hold,Home,78,78,78.2,63,82,0,0,0,0,0,,78.8,63,77.7,0,
2025-07-03,10:50:00,cool,compressorCoolOff,hold,Home,78,78,78.3,63,82,0,0,0,0,0,,78.8,63,77.8,0,
2025-07-03,10:55:00,cool,compressorCoolOff,hold,Home,78,78,78.3,63,82,0,0,0,0,0,,78.9,63,77.8,0,
2025-07-03,11:00:00,cool,compressorCoolOff,hold,Home,78,78,78.3,63,84,0,0,0,0,0,,78.9,63,77.8,0,
2025-07-03,11:05:00,cool,compressorCoolOff,hold,Home,78,78,78.4,63,84,0,0,0,0,0,,79,63,77.8,0,
2025-07-03,11:10:00,cool,compressorCoolOff,hold,Home,78,78,78.4,63,84,0,0,0,0,0,,79,63,77.8,0,
2025-07-03,11:15:00,cool,compressorCoolOff,hold,Home,78,78,78.4,63,84,0,0,0,0,0,,79.1,63,77.8,0,
2025-07-03,11:20:00,cool,compressorCoolOff,hold,Home,78,78,78.4,63,84,0,0,0,0,0,,79.1,63,77.8,0,
2025-07-03,11:25:00,cool,compressorCoolOff,hold,Home,78,78,78.4,63,84,0,0,0,0,0,,79.1,63,77.8,0,
2025-07-03,11:30:00,cool,compressorCoolOff,hold,Home,78,78,78.4,63,84,0,0,0,0,0,,79.1,63,77.8,0,
2025-07-03,11:35:00,cool,compressorCoolOff,hold,Home,78,78,78.4,63,84,0,105,0,0,105,,79.1,63,77.8,0,
2025-07-03,11:40:00,cool,compressorCoolStage1On,hold,Home,78,78,78.4,62,84,0,300,0,0,300,,79.1,62,77.8,0,
2025-07-03,11:45:00,cool,compressorCoolStage1On,hold,Home,78,78,78.2,59,84,0,225,0,0,270,,78.9,59,77.6,0,
2025-07-03,11:50:00,cool,compressorCoolOff,hold,Home,78,78,77.8,58,84,0,0,0,0,0,,78.5,58,77.2,0,
2025-07-03,11:55:00,cool,compressorCoolOff,hold,Home,78,78,77.8,59,84,0,0,0,0,0,,78.5,59,77.1,0,
2025-07-03,12:00:00,cool,compressorCoolOff,hold,Home,78,78,77.9,60,85.3,0,0,0,0,0,,78.7,60,77.1,0,
2025-07-03,12:05:00,cool,compressorCoolOff,hold,Home,78,78,78,59,85.3,0,0,0,0,0,,78.8,59,77.3,0,
2025-07-03,12:10:00,cool,compressorCoolOff,hold,Home,78,78,78.1,59,85.3,0,0,0,0,0,,78.9,59,77.3,0,
2025-07-03,12:15:00,cool,compressorCoolOff,hold,Home,78,78,78.1,59,85.3,0,0,0,0,0,,79,59,77.4,0,
2025-07-03,12:20:00,cool,compressorCoolOff,hold,Home,78,78,78.2,60,85.3,0,0,0,0,0,,79,60,77.5,0,
2025-07-03,12:25:00,cool,compressorCoolOff,hold,Home,78,78,78.3,60,85.3,0,0,0,0,0,,79.1,60,77.7,0,
2025-07-03,12:30:00,cool,compressorCoolOff,hold,Home,78,78,78.4,60,85.9,0,195,0,0,195,,79.1,60,77.8,0,
2025-07-03,12:35:00,cool,compressorCoolStage1On,hold,Home,78,78,78.4,59,85.9,0,300,0,0,300,,79.1,59,77.8,0,
2025-07-03,12:40:00,cool,compressorCoolStage1On,hold,Home,78,78,78.2,57,85.9,0,210,0,0,255,,78.8,57,77.6,0,
2025-07-03,12:45:00,cool,compressorCoolOff,hold,Home,78,78,77.8,56,85.9,0,0,0,0,0,,78.5,56,77.2,0,
2025-07-03,12:50:00,cool,compressorCoolOff,hold,Home,78,78,77.7,58,85.9,0,0,0,0,0,,78.5,58,76.9,0,
2025-07-03,12:55:00,cool,compressorCoolOff,hold,Home,78,78,77.8,58,85.9,0,0,0,0,0,,78.6,58,77.1,0,
2025-07-03,13:00:00,cool,compressorCoolOff,hold,Home,78,78,78,58,86.5,0,0,0,0,0,,78.8,58,77.3,0,
2025-07-03,13:05:00,cool,compressorCoolOff,hold,Home,78,78,78.1,58,86.5,0,0,0,0,0,,78.9,58,77.4,0,
2025-07-03,13:10:00,cool,compressorCoolOff,hold,Home,78,78,78.2,59,86.5,0,0,0,0,0,,79,59,77.5,0,
2025-07-03,13:15:00,cool,compressorCoolOff,hold,Home,78,78,78.2,59,86.5,0,0,0,0,0,,79,59,77.5,0,
2025-07-03,13:20:00,cool,compressorCoolOff,hold,Home,78,78,78.3,59,86.5,0,0,0,0,0,,79.1,59,77.7,0,
2025-07-03,13:25:00,cool,compressorCoolOff,hold,Home,78,78,78.4,59,86.5,0,165,0,0,165,,79.1,59,77.8,0,
2025-07-03,13:30:00,cool,compressorCoolStage1On,hold,Home,78,78,78.4,58,87.2,0,300,0,0,300,,79.1,58,77.8,0,
2025-07-03,13:35:00,cool,compressorCoolStage1On,hold,Home,78,78,78.2,56,87.2,0,225,0,0,270,,78.8,56,77.6,0,
2025-07-03,13:40:00,cool,compressorCoolOff,hold,Home,78,78,77.8,55,87.2,0,0,0,0,0,,78.5,55,77.2,0,
2025-07-03,13:45:00,cool,compressorCoolOff,hold,Home,78,78,77.8,57,87.2,0,0,0,0,0,,78.5,57,77.1,0,
2025-07-03,13:50:00,cool,compressorCoolOff,hold,Home,78,78,77.8,58,87.2,0,0,0,0,0,,78.7,58,77.1,0,
2025-07-03,13:55:00,cool,compressorCoolOff,hold,Home,78,78,78.1,58,87.2,0,0,0,0,0,,78.8,58,77.4,0,
2025-07-03,14:00:00,cool,compressorCoolOff,hold,Home,78,78,78.2,58,87.8,0,0,0,0,0,,78.9,58,77.5,0,
2025-07-03,14:05:00,cool,compressorCoolOff,hold,Home,78,78,78.3,58,87.8,0,0,0,0,0,,79,58,77.7,0,
2025-07-03,14:10:00,cool,compressorCoolOff,hold,Home,78,78,78.4,58,87.8,0,0,0,0,0,,79.1,58,77.8,0,
2025-07-03,14:15:00,cool,compressorCoolOff,hold,Home,78,78,78.5,58,87.8,0,210,0,0,210,,79.1,58,77.9,0,
2025-07-03,14:20:00,cool,compressorCoolStage1On,hold,Home,78,78,78.5,57,87.8,0,300,0,0,300,,79.1,57,77.9,0,
2025-07-03,14:25:00,cool,compressorCoolStage1On,hold,Home,78,78,78.2,55,87.8,0,270,0,0,300,,78.8,55,77.6,0,
2025-07-03,14:30:00,cool,compressorCoolOff,hold,Home,78,78,77.9,55,87.8,0,0,0,0,15,,78.5,55,77.4,0,
2025-07-03,14:35:00,cool,compressorCoolOff,hold,Home,78,78,77.8,56,87.8,0,0,0,0,0,,78.5,56,77.1,0,
2025-07-03,14:40:00,cool,compressorCoolOff,hold,Home,78,78,77.9,56,87.8,0,0,0,0,0,,78.5,56,77.3,0,
2025-07-03,14:45:00,cool,compressorCoolOff,hold,Home,78,78,78.1,56,87.8,0,0,0,0,0,,78.7,56,77.5,0,
2025-07-03,14:50:00,cool,compressorCoolOff,hold,Home,78,78,78.3,56,87.8,0,0,0,0,0,,78.9,56,77.7,0,
2025-07-03,14:55:00,cool,compressorCoolOff,hold,Home,78,78,78.4,58,87.8,0,0,0,0,0,,79,58,77.8,0,
2025-07-03,15:00:00,cool,compressorCoolOff,hold,Home,78,78,78.5,58,89,0,240,0,0,240,,79.1,58,78.1,0,
2025-07-03,15:05:00,cool,compressorCoolStage1On,hold,Home,78,78,78.5,56,89,0,300,0,0,300,,79,56,78,0,
2025-07-03,15:10:00,cool,compressorCoolStage1On,hold,Home,78,78,78.2,54,89,0,300,0,0,300,,78.7,54,77.7,0,
2025-07-03,15:15:00,cool,compressorCoolStage1On,hold,Home,78,78,77.9,54,89,0,15,0,0,60,,78.5,54,77.3,0,
2025-07-03,15:20:00,cool,compressorCoolOff,hold,Home,78,78,77.8,55,89,0,0,0,0,0,,78.5,55,77.1,0,
2025-07-03,15:25:00,cool,compressorCoolOff,hold,Home,78,78,77.8,55,89,0,0,0,0,0,,78.5,55,77.2,0,
2025-07-03,15:30:00,cool,compressorCoolOff,hold,Home,78,78,78,55,89,0,0,0,0,0,,78.6,55,77.5,0,
2025-07-03,15:35:00,cool,compressorCoolOff,hold,Home,78,78,78.2,56,89,0,0,0,0,0,,78.8,56,77.6,0,
2025-07-03,15:40:00,cool,compressorCoolOff,hold,Home,78,78,78.4,56,89,0,270,0,0,270,,78.9,56,78,0,
2025-07-03,15:45:00,cool,compressorCoolStage1On,hold,Home,78,78,78.4,55,89,0,300,0,0,300,,78.9,55,78,0,
2025-07-03,15:50:00,cool,compressorCoolStage1On,hold,Home,78,78,78,54,89,0,75,0,0,120,,78.5,54,77.6,0,
2025-07-03,15:55:00,cool,compressorCoolOff,hold,Home,78,78,77.9,54,89,0,0,0,0,0,,78.5,54,77.3,0,
2025-07-03,16:00:00,cool,compressorCoolOff,hold,Home,78,78,77.9,55,89.6,0,0,0,0,0,,78.5,55,77.4,0,
2025-07-03,16:05:00,cool,compressorCoolOff,hold,Home,78,78,78.1,55,89.6,0,0,0,0,0,,78.6,55,77.6,0,
2025-07-03,16:10:00,cool,compressorCoolOff,hold,Home,78,78,78.3,56,89.6,0,0,0,0,0,,78.8,56,77.8,0,
2025-07-03,16:15:00,cool,compressorCoolOff,hold,Home,78,78,78.4,56,89.6,0,210,0,0,210,,78.9,56,78,0,
2025-07-03,16:20:00,cool,compressorCoolStage1On,hold,Home,78,78,78.5,55,89.6,0,300,0,0,300,,78.9,55,78.1,0,
2025-07-03,16:25:00,cool,compressorCoolStage1On,hold,Home,78,78,78.3,54,89.6,0,300,0,0,300,,78.6,54,78,0,
2025-07-03,16:30:00,cool,compressorCoolStage1On,hold,Home,78,78,77.9,54,89.4,0,15,0,0,60,,78.4,54,77.5,0,
2025-07-03,16:35:00,cool,compressorCoolOff,hold,Home,78,78,77.7,54,89.4,0,0,0,0,0,,78.4,54,77.1,0,
2025-07-03,16:40:00,cool,compressorCoolOff,hold,Home,78,78,77.9,55,89.4,0,0,0,0,0,,78.5,55,77.4,0,
2025-07-03,16:45:00,cool,compressorCoolOff,hold,Home,78,78,78,56,89.4,0,0,0,0,0,,78.5,56,77.6,0,
2025-07-03,16:50:00,cool,compressorCoolOff,hold,Home,78,78,78.2,56,89.4,0,0,0,0,0,,78.6,56,77.8,0,
2025-07-03,16:55:00,cool,compressorCoolOff,hold,Home,78,78,78.4,57,89.4,0,90,0,0,90,,78.7,57,78,0,
2025-07-03,17:00:00,cool,compressorCoolStage1On,hold,Home,78,78,78.5,56,89.2,0,300,0,0,300,,78.9,56,78.2,0,
2025-07-03,17:05:00,cool,compressorCoolStage1On,hold,Home,78,78,78.4,54,89.2,0,300,0,0,300,,78.7,54,78.2,0,
2025-07-03,17:10:00,cool,compressorCoolStage1On,hold,Home,78,78,78.3,53,89.2,0,300,0,0,300,,78.4,53,78.2,0,
2025-07-03,17:15:00,cool,compressorCoolOff,hold,Home,78,78,77.6,53,89.2,0,0,0,0,45,,78.2,53,77.1,0,
2025-07-03,17:20:00,cool,compressorCoolOff,hold,Home,78,78,77.5,54,89.2,0,0,0,0,0,,78.2,54,76.9,0,
2025-07-03,17:25:00,cool,compressorCoolOff,hold,Home,78,78,77.7,55,89.2,0,0,0,0,0,,78.4,55,77,0,
2025-07-03,17:30:00,cool,compressorCoolOff,hold,Home,78,78,77.9,55,89.2,0,0,0,0,0,,78.5,55,77.3,0,
2025-07-03,17:35:00,cool,compressorCoolOff,hold,Home,78,78,78,55,89.2,0,0,0,0,0,,78.6,55,77.5,0,
2025-07-03,17:40:00,cool,compressorCoolOff,hold,Home,78,78,78.2,56,89.2,0,0,0,0,0,,78.7,56,77.6,0,
2025-07-03,17:45:00,cool,compressorCoolOff,hold,Home,78,78,78.3,56,89.2,0,0,0,0,0,,78.9,56,77.8,0,
2025-07-03,17:50:00,cool,compressorCoolOff,hold,Home,78,78,78.4,56,89.2,0,0,0,0,0,,79,56,77.8,0,
2025-07-03,17:55:00,cool,compressorCoolOff,hold,Home,78,78,78.4,56,89.2,0,150,0,0,150,,79.1,56,77.8,0,
2025-07-03,18:00:00,cool,compressorCoolStage1On,hold,Home,78,78,78.7,55,88.2,0,300,0,0,300,,79.1,55,78.4,0,
2025-07-03,18:05:00,cool,compressorCoolStage1On,hold,Home,78,78,78.5,54,88.2,0,300,0,0,300,,78.8,54,78.2,0,
2025-07-03,18:10:00,cool,compressorCoolStage1On,hold,Home,78,78,78,54,88.2,0,105,0,0,150,,78.5,54,77.6,0,
2025-07-03,18:15:00,cool,compressorCoolOff,hold,Home,78,78,77.9,54,88.2,0,0,0,0,0,,78.5,54,77.3,0,
2025-07-03,18:20:00,cool,compressorCoolOff,hold,Home,78,78,77.9,55,88.2,0,0,0,0,0,,78.5,55,77.4,0,
2025-07-03,18:25:00,cool,compressorCoolOff,hold,Home,78,78,78.1,55,88.2,0,0,0,0,0,,78.6,55,77.6,0,
2025-07-03,18:30:00,cool,compressorCoolOff,hold,Home,78,78,78.3,56,88.2,0,30,0,0,30,,78.8,56,77.9,0,
2025-07-03,18:35:00,cool,compressorCoolStage1On,hold,Home,78,78,78.5,55,88.2,0,300,0,0,300,,79,55,78,0,
2025-07-03,18:40:00,cool,compressorCoolStage1On,hold,Home,78,78,78.4,54,88.2,0,300,0,0,300,,78.9,54,77.9,0,
2025-07-03,18:45:00,cool,compressorCoolStage1On,hold,Home,78,78,78,52,88.2,0,255,0,0,300,,78.6,52,77.5,0,
2025-07-03,18:50:00,cool,compressorCoolOff,hold,Home,78,78,77.7,52,88.2,0,0,0,0,0,,78.4,52,77.1,0,
2025-07-03,18:55:00,cool,compressorCoolOff,hold,Home,78,78,77.6,53,88.2,0,0,0,0,0,,78.5,53,76.9,0,
2025-07-03,19:00:00,cool,compressorCoolOff,hold,Home,78,78,77.8,55,88.2,0,0,0,0,0,,78.7,55,77,0,
2025-07-03,19:05:00,cool,compressorCoolOff,hold,Home,78,78,78.1,55,88.2,0,0,0,0,0,,78.9,55,77.4,0,
2025-07-03,19:10:00,cool,compressorCoolOff,hold,Home,78,78,78.3,55,88.2,0,0,0,0,0,,79,55,77.7,0,
2025-07-03,19:15:00,cool,compressorCoolOff,hold,Home,78,78,78.5,56,88.2,0,180,0,0,180,,79.1,56,77.9,0,
2025-07-03,19:20:00,cool,compressorCoolStage1On,hold,Home,78,78,78.5,55,88.2,0,300,0,0,300,,79.1,55,78,0,
2025-07-03,19:25:00,cool,compressorCoolStage1On,hold,Home,78,78,78.2,54,88.2,0,285,0,0,300,,78.7,54,77.8,0,
2025-07-03,19:30:00,cool,compressorCoolOff,hold,Home,78,78,77.9,53,88.2,0,0,0,0,30,,78.4,53,77.4,0,
2025-07-03,19:35:00,cool,compressorCoolOff,hold,Home,78,78,77.7,54,88.2,0,0,0,0,0,,78.4,54,77.1,0,
2025-07-03,19:40:00,cool,compressorCoolOff,hold,Home,78,78,77.9,55,88.2,0,0,0,0,0,,78.5,55,77.3,0,
2025-07-03,19:45:00,cool,compressorCoolOff,hold,Home,78,78,78.1,55,88.2,0,0,0,0,0,,78.7,55,77.5,0,
2025-07-03,19:50:00,cool,compressorCoolOff,hold,Home,78,78,78.3,56,88.2,0,0,0,0,0,,78.8,56,77.8,0,
2025-07-03,19:55:00,cool,compressorCoolOff,hold,Home,78,78,78.4,56,88.2,0,165,0,0,165,,78.9,56,77.9,0,
2025-07-03,20:00:00,cool,compressorCoolStage1On,hold,Home,78,78,78.4,55,82.8,0,300,0,0,300,,78.9,55,78,0,
2025-07-03,20:05:00,cool,compressorCoolStage1On,hold,Home,78,78,78.1,53,82.8,0,240,0,0,285,,78.6,53,77.7,0,
2025-07-03,20:10:00,cool,compressorCoolOff,hold,Home,78,78,77.8,52,82.8,0,0,0,0,0,,78.4,52,77.2,0,
2025-07-03,20:15:00,cool,compressorCoolOff,hold,Home,78,78,77.7,54,82.8,0,0,0,0,0,,78.4,54,77.1,0,
2025-07-03,20:20:00,cool,compressorCoolOff,hold,Home,78,78,77.8,54,82.8,0,0,0,0,0,,78.4,54,77.3,0,
2025-07-03,20:25:00,cool,compressorCoolOff,hold,Home,78,78,78,55,82.8,0,0,0,0,0,,78.5,55,77.5,0,
2025-07-03,20:30:00,cool,compressorCoolOff,hold,Home,78,78,78.1,55,82.8,0,0,0,0,0,,78.6,55,77.6,0,
2025-07-03,20:35:00,cool,compressorCoolOff,hold,Home,78,78,78.2,55,82.8,0,0,0,0,0,,78.7,55,77.8,0,
2025-07-03,20:40:00,cool,compressorCoolOff,hold,Home,78,78,78.3,56,82.8,0,0,0,0,0,,78.8,56,77.8,0,
2025-07-03,20:45:00,cool,compressorCoolOff,hold,Home,78,78,78.4,56,82.8,0,0,0,0,0,,78.9,56,78,0,
2025-07-03,20:50:00,cool,compressorCoolStage1On,hold,Home,78,78,78.5,55,82.8,0,300,0,0,300,,78.9,55,78.1,0,
2025-07-03,20:55:00,cool,compressorCoolStage1On,hold,Home,78,78,78.3,54,82.8,0,300,0,0,300,,78.7,54,78,0,
2025-07-03,21:00:00,cool,compressorCoolStage1On,hold,Home,78,78,78,52,79.1,0,75,0,0,120,,78.4,52,77.6,0,
2025-07-03,21:05:00,cool,compressorCoolOff,hold,Home,78,78,77.7,53,79.1,0,0,0,0,0,,78.4,53,77.2,0,
2025-07-03,21:10:00,cool,compressorCoolOff,hold,Home,78,78,77.7,54,79.1,0,0,0,0,0,,78.4,54,77.2,0,
2025-07-03,21:15:00,cool,compressorCoolOff,hold,Home,78,78,77.9,55,79.1,0,0,0,0,0,,78.5,55,77.3,0,
2025-07-03,21:20:00,cool,compressorCoolOff,hold,Home,78,78,78,55,79.1,0,0,0,0,0,,78.5,55,77.5,0,
2025-07-03,21:25:00,cool,compressorCoolOff,hold,Home,78,78,78,55,79.1,0,0,0,0,0,,78.5,55,77.5,0,
2025-07-03,21:30:00,cool,compressorCoolOff,hold,Home,78,78,78.1,55,79.1,0,0,0,0,0,,78.5,55,77.8,0,
2025-07-03,21:35:00,cool,compressorCoolOff,hold,Home,78,78,78.2,56,79.1,0,0,0,0,0,,78.6,56,77.8,0,
2025-07-03,21:40:00,cool,compressorCoolOff,hold,Home,78,78,78.3,56,79.1,0,0,0,0,0,,78.7,56,78,0,
2025-07-03,21:45:00,cool,compressorCoolOff,hold,Home,78,78,78.4,56,79.1,0,270,0,0,270,,78.8,56,78.1,0,
2025-07-03,21:50:00,cool,compressorCoolStage1On,hold,Home,78,78,78.2,54,79.1,0,300,0,0,300,,78.6,54,78,0,
2025-07-03,21:55:00,cool,compressorCoolStage1On,hold,Home,78,78,78,53,79.1,0,120,0,0,165,,78.3,53,77.7,0,
2025-07-03,22:00:00,cool,compressorCoolOff,hold,Home,78,78,77.7,53,77.3,0,0,0,0,0,,78.1,53,77.3,0,
2025-07-03,22:05:00,cool,compressorCoolOff,hold,Home,78,78,77.6,54,77.3,0,0,0,0,0,,78.2,54,77.1,0,
2025-07-03,22:10:00,cool,compressorCoolOff,hold,Home,78,78,77.7,55,77.3,0,0,0,0,0,,78.4,55,77.1,0,
2025-07-03,22:15:00,cool,compressorCoolOff,hold,Home,78,78,77.8,55,77.3,0,0,0,0,0,,78.4,55,77.3,0,
2025-07-03,22:20:00,cool,compressorCoolOff,hold,Home,78,78,78,55,77.3,0,0,0,0,0,,78.5,55,77.5,0,
2025-07-03,22:25:00,cool,compressorCoolOff,hold,Home,78,78,78,55,77.3,0,0,0,0,0,,78.5,55,77.5,0,
2025-07-03,22:30:00,cool,compressorCoolOff,hold,Home,78,78,78,56,76.2,0,0,0,0,0,,78.5,56,77.7,0,
2025-07-03,22:35:00,cool,compressorCoolOff,hold,Home,78,78,78.1,56,76.2,0,0,0,0,0,,78.5,56,77.8,0,
2025-07-03,22:40:00,cool,compressorCoolOff,hold,Home,78,78,78.1,56,76.2,0,0,0,0,0,,78.5,56,77.9,0,
2025-07-03,22:45:00,cool,compressorCoolOff,hold,Home,78,78,78.2,56,76.2,0,0,0,0,0,,78.5,56,78,0,
2025-07-03,22:50:00,cool,compressorCoolOff,hold,Home,78,78,78.2,56,76.2,0,0,0,0,0,,78.5,56,78,0,
2025-07-03,22:55:00,cool,compressorCoolOff,hold,Home,78,78,78.3,58,76.2,0,0,0,0,0,,78.6,58,78,0,
2025-07-03,23:00:00,cool,compressorCoolOff,hold,Home,78,78,78.3,58,75.4,0,0,0,0,0,,78.6,58,78,0,
2025-07-03,23:05:00,cool,compressorCoolOff,hold,Home,78,78,78.3,58,75.4,0,0,0,0,0,,78.6,58,78,0,
2025-07-03,23:10:00,cool,compressorCoolOff,hold,Home,78,78,78.3,58,75.4,0,0,0,0,0,,78.6,58,78,0,
2025-07-03,23:15:00,cool,compressorCoolOff,hold,Home,78,78,78.3,58,75.4,0,0,0,0,0,,78.7,58,78,0,
2025-07-03,23:20:00,cool,compressorCoolOff,hold,Home,78,78,78.3,58,75.4,0,0,0,0,0,,78.7,58,78,0,
2025-07-03,23:25:00,cool,compressorCoolOff,hold,Home,78,78,78.3,58,75.4,0,0,0,0,0,,78.7,58,78,0,
2025-07-03,23:30:00,cool,compressorCoolOff,hold,Home,78,78,78.3,58,74.2,0,0,0,0,0,,78.7,58,78,0,
2025-07-03,23:35:00,cool,compressorCoolOff,hold,Home,78,78,78.4,58,74.2,0,0,0,0,0,,78.8,58,78,0,
2025-07-03,23:40:00,cool,compressorCoolOff,hold,Home,78,78,78.4,58,74.2,0,0,0,0,0,,78.8,58,78,0,
2025-07-03,23:45:00,cool,compressorCoolOff,hold,Home,78,78,78.4,59,74.2,0,75,0,0,75,,78.8,59,78,0,
2025-07-03,23:50:00,cool,compressorCoolStage1On,hold,Home,78,78,78.4,58,74.2,0,300,0,0,300,,78.7,58,78.1,0,
2025-07-03,23:55:00,cool,compressorCoolStage1On,hold,Home,78,78,78.1,55,74.2,0,300,0,0,300,,78.5,55,77.8,0,
2025-07-04,00:00:00,cool,compressorCoolStage1On,hold,Sleep,78,78,78,54,73.2,0,120,0,0,165,,78.3,54,77.8,0,
2025-07-04,00:05:00,cool,compressorCoolOff,hold,Sleep,78,78,77.3,54,73.2,0,0,0,0,0,,78,54,76.8,0,
2025-07-04,00:10:00,cool,compressorCoolOff,hold,Sleep,78,78,77.3,55,73.2,0,0,0,0,0,,78,55,76.7,0,
2025-07-04,00:15:00,cool,compressorCoolOff,hold,Sleep,78,78,77.4,55,73.2,0,0,0,0,0,,78.1,55,76.8,0,
2025-07-04,00:20:00,cool,compressorCoolOff,hold,Sleep,78,78,77.5,55,73.2,0,0,0,0,0,,78.2,55,76.9,0,
2025-07-04,00:25:00,cool,compressorCoolOff,hold,Sleep,78,78,77.6,56,73.2,0,0,0,0,0,,78.3,56,76.9,0,
2025-07-04,00:30:00,cool,compressorCoolOff,hold,Sleep,78,78,77.7,56,73.2,0,0,0,0,0,,78.4,56,77.1,0,
2025-07-04,00:35:00,cool,compressorCoolOff,hold,Sleep,78,78,77.8,56,73.2,0,0,0,0,0,,78.5,56,77.1,0,
2025-07-04,00:40:00,cool,compressorCoolOff,hold,Sleep,78,78,77.9,56,73.2,0,0,0,0,0,,78.5,56,77.3,0,
2025-07-04,00:45:00,cool,compressorCoolOff,hold,Sleep,78,78,77.9,56,73.2,0,0,0,0,0,,78.5,56,77.3,0,
2025-07-04,00:50:00,cool,compressorCoolOff,hold,Sleep,78,78,77.9,57,73.2,0,0,0,0,0,,78.5,57,77.3,0,
2025-07-04,00:55:00,cool,compressorCoolOff,hold,Sleep,78,78,77.9,58,73.2,0,0,0,0,0,,78.5,58,77.3,0,
2025-07-04,01:00:00,cool,compressorCoolOff,hold,Sleep,78,78,77.9,58,71.7,0,0,0,0,0,,78.5,58,77.4,0,
2025-07-04,01:05:00,cool,compressorCoolOff,hold,Sleep,78,78,78,58,71.7,0,0,0,0,0,,78.5,58,77.5,0,
2025-07-04,01:10:00,cool,compressorCoolOff,hold,Sleep,78,78,78,58,71.7,0,0,0,0,0,,78.5,58,77.5,0,
2025-07-04,01:15:00,cool,compressorCoolOff,hold,Sleep,78,78,78,58,71.7,0,0,0,0,0,,78.5,58,77.5,0,
2025-07-04,01:20:00,cool,compressorCoolOff,hold,Sleep,78,78,78,58,71.7,0,0,0,0,0,,78.5,58,77.5,0,
2025-07-04,01:25:00,cool,compressorCoolOff,hold,Sleep,78,78,78,58,71.7,0,0,0,0,0,,78.5,58,77.5,0,
2025-07-04,01:30:00,cool,compressorCoolOff,hold,Sleep,78,78,78,58,71.7,0,0,0,0,0,,78.5,58,77.5,0,
2025-07-04,01:35:00,cool,compressorCoolOff,hold,Sleep,78,78,78,58,71.7,0,0,0,0,0,,78.5,58,77.5,0,
2025-07-04,01:40:00,cool,compressorCoolOff,hold,Sleep,78,78,78,58,71.7,0,0,0,0,0,,78.5,58,77.5,0,
2025-07-04,01:45:00,cool,compressorCoolOff,hold,Sleep,78,78,78,59,71.7,0,0,0,0,0,,78.5,59,77.5,0,
2025-07-04,01:50:00,cool,compressorCoolOff,hold,Sleep,78,78,78,59,71.7,0,0,0,0,0,,78.5,59,77.5,0,
2025-07-04,01:55:00,cool,compressorCoolOff,hold,Sleep,78,78,78,59,71.7,0,0,0,0,0,,78.5,59,77.5,0,
2025-07-04,02:00:00,cool,compressorCoolOff,hold,Sleep,78,78,78,59,70.9,0,0,0,0,0,,78.5,59,77.5,0,
2025-07-04,02:05:00,cool,compressorCoolOff,hold,Sleep,78,78,78,59,70.9,0,0,0,0,0,,78.5,59,77.5,0,
2025-07-04,02:10:00,cool,compressorCoolOff,hold,Sleep,78,78,78,59,70.9,0,0,0,0,0,,78.5,59,77.5,0,
2025-07-04,02:15:00,cool,compressorCoolOff,hold,Sleep,78,78,78,59,70.9,0,0,0,0,0,,78.5,59,77.5,0,
2025-07-04,02:20:00,cool,compressorCoolOff,hold,Sleep,78,78,78,59,70.9,0,0,0,0,0,,78.5,59,77.5,0,
2025-07-04,02:25:00,cool,compressorCoolOff,hold,Sleep,78,78,78,59,70.9,0,0,0,0,0,,78.5,59,77.5,0,
2025-07-04,02:30:00,cool,compressorCoolOff,hold,Sleep,78,78,78,59,70.9,0,0,0,0,0,,78.5,59,77.5,0,
2025-07-04,02:35:00,cool,compressorCoolOff,hold,Sleep,78,78,78,59,70.9,0,0,0,0,0,,78.5,59,77.5,0,
2025-07-04,02:40:00,cool,compressorCoolOff,hold,Sleep,78,78,78,59,70.9,0,0,0,0,0,,78.5,59,77.5,0,
2025-07-04,02:45:00,cool,compressorCoolOff,hold,Sleep,78,78,78,59,70.9,0,0,0,0,0,,78.5,59,77.5,0,
2025-07-04,02:50:00,cool,compressorCoolOff,hold,Sleep,78,78,78,59,70.9,0,0,0,0,0,,78.5,59,77.5,0,
2025-07-04,02:55:00,cool,compressorCoolOff,hold,Sleep,78,78,78,59,70.9,0,0,0,0,0,,78.5,59,77.5,0,
2025-07-04,03:00:00,cool,compressorCoolOff,hold,Sleep,78,78,78,59,69.4,0,0,0,0,0,,78.5,59,77.5,0,
2025-07-04,03:05:00,cool,compressorCoolOff,hold,Sleep,78,78,78,59,69.4,0,0,0,0,0,,78.5,59,77.5,0,
2025-07-04,03:10:00,cool,compressorCoolOff,hold,Sleep,78,78,78,60,69.4,0,0,0,0,0,,78.5,60,77.5,0,
2025-07-04,03:15:00,cool,compressorCoolOff,hold,Sleep,78,78,78,60,69.4,0,0,0,0,0,,78.5,60,77.5,0,
2025-07-04,03:20:00,cool,compressorCoolOff,hold,Sleep,78,78,78,60,69.4,0,0,0,0,0,,78.5,60,77.5,0,
2025-07-04,03:25:00,cool,compressorCoolOff,hold,Sleep,78,78,78,61,69.4,0,0,0,0,0,,78.5,61,77.5,0,
2025-07-04,03:30:00,cool,compressorCoolOff,hold,Sleep,78,78,77.9,61,69.3,0,0,0,0,0,,78.5,61,77.3,0,
2025-07-04,03:35:00,cool,compressorCoolOff,hold,Sleep,78,78,77.9,61,69.3,0,0,0,0,0,,78.5,61,77.3,0,
2025-07-04,03:40:00,cool,compressorCoolOff,hold,Sleep,78,78,77.9,61,69.3,0,0,0,0,0,,78.5,61,77.3,0,
2025-07-04,03:45:00,cool,compressorCoolOff,hold,Sleep,78,78,77.9,61,69.3,0,0,0,0,0,,78.5,61,77.3,0,
2025-07-04,03:50:00,cool,compressorCoolOff,hold,Sleep,78,78,77.9,61,69.3,0,0,0,0,0,,78.5,61,77.3,0,
2025-07-04,03:55:00,cool,compressorCoolOff,hold,Sleep,78,78,77.9,61,69.3,0,0,0,0,0,,78.5,61,77.3,0,
2025-07-04,04:00:00,cool,compressorCoolOff,hold,Sleep,78,78,77.9,61,68.9,0,0,0,0,0,,78.5,61,77.3,0,
2025-07-04,04:05:00,cool,compressorCoolOff,hold,Sleep,78,78,77.8,61,68.9,0,0,0,0,0,,78.5,61,77.2,0,
2025-07-04,04:10:00,cool,compressorCoolOff,hold,Sleep,78,78,77.8,61,68.9,0,0,0,0,0,,78.5,61,77.1,0,
2025-07-04,04:15:00,cool,compressorCoolOff,hold,Sleep,78,78,77.7,61,68.9,0,0,0,0,0,,78.4,61,77.1,0,
2025-07-04,04:20:00,cool,compressorCoolOff,hold,Sleep,78,78,77.7,61,68.9,0,0,0,0,0,,78.4,61,77.1,0,
2025-07-04,04:25:00,cool,compressorCoolOff,hold,Sleep,78,78,77.7,61,68.9,0,0,0,0,0,,78.4,61,77.1,0,
2025-07-04,04:30:00,cool,compressorCoolOff,hold,Sleep,78,78,77.7,61,68.9,0,0,0,0,0,,78.4,61,77.1,0,
2025-07-04,04:35:00,cool,compressorCoolOff,hold,Sleep,78,78,77.7,61,68.9,0,0,0,0,0,,78.4,61,77.1,0,
2025-07-04,04:40:00,cool,compressorCoolOff,hold,Sleep,78,78,77.7,61,68.9,0,0,0,0,0,,78.3,61,77.1,0,
2025-07-04,04:45:00,cool,compressorCoolOff,hold,Sleep,78,78,77.7,61,68.9,0,0,0,0,0,,78.3,61,77.1,0,
2025-07-04,04:50:00,cool,compressorCoolOff,hold,Sleep,78,78,77.7,61,68.9,0,0,0,0,0,,78.3,61,77.1,0,
2025-07-04,04:55:00,cool,compressorCoolOff,hold,Sleep,78,78,77.7,61,68.9,0,0,0,0,0,,78.3,61,77.1,0,
2025-07-04,05:00:00,cool,compressorCoolOff,hold,Sleep,78,78,77.7,61,68.5,0,0,0,0,0,,78.3,61,77.1,0,
2025-07-04,05:05:00,cool,compressorCoolOff,hold,Sleep,78,78,77.7,61,68.5,0,0,0,0,0,,78.3,61,77.1,0,
2025-07-04,05:10:00,cool,compressorCoolOff,hold,Sleep,78,78,77.7,61,68.5,0,0,0,0,0,,78.3,61,77.1,0,
2025-07-04,05:15:00,cool,compressorCoolOff,hold,Sleep,78,78,77.6,61,68.5,0,0,0,0,0,,78.2,61,77.1,0,
2025-07-04,05:20:00,cool,compressorCoolOff,hold,Sleep,78,78,77.6,61,68.5,0,0,0,0,0,,78.2,61,77.1,0,
2025-07-04,05:25:00,cool,compressorCoolOff,hold,Sleep,78,78,77.6,61,68.5,0,0,0,0,0,,78.2,61,77.1,0,
2025-07-04,05:30:00,cool,compressorCoolOff,hold,Sleep,78,78,77.5,61,68.5,0,0,0,0,0,,78.2,61,76.9,0,
2025-07-04,05:35:00,cool,compressorCoolOff,hold,Sleep,78,78,77.5,61,68.5,0,0,0,0,0,,78.2,61,76.9,0,
2025-07-04,05:40:00,cool,compressorCoolOff,hold,Sleep,78,78,77.5,61,68.5,0,0,0,0,0,,78.2,61,76.9,0,
2025-07-04,05:45:00,cool,compressorCoolOff,hold,Sleep,78,78,77.5,61,68.5,0,0,0,0,0,,78.1,61,76.9,0,
2025-07-04,05:50:00,cool,compressorCoolOff,hold,Sleep,78,78,77.5,61,68.5,0,0,0,0,0,,78.1,61,76.9,0,
2025-07-04,05:55:00,cool,compressorCoolOff,hold,Sleep,78,78,77.5,61,68.5,0,0,0,0,0,,78.1,61,76.9,0,
2025-07-04,06:00:00,cool,compressorCoolOff,hold,Sleep,78,78,77.4,61,67.8,0,0,0,0,0,,78.1,61,76.7,0,
2025-07-04,06:05:00,cool,compressorCoolOff,hold,Sleep,78,78,77.4,61,67.8,0,0,0,0,0,,78.1,61,76.7,0,
2025-07-04,06:10:00,cool,compressorCoolOff,hold,Sleep,78,78,77.4,61,67.8,0,0,0,0,0,,78.1,61,76.7,0,
2025-07-04,06:15:00,cool,compressorCoolOff,hold,Sleep,78,78,77.4,61,67.8,0,0,0,0,0,,78.1,61,76.7,0,
2025-07-04,06:20:00,cool,compressorCoolOff,hold,Sleep,78,78,77.4,61,67.8,0,0,0,0,0,,78.1,61,76.7,0,
2025-07-04,06:25:00,cool,compressorCoolOff,hold,Sleep,78,78,77.4,61,67.8,0,0,0,0,0,,78.1,61,76.7,0,
2025-07-04,06:30:00,cool,compressorCoolOff,hold,Sleep,78,78,77.3,61,67,0,0,0,0,0,,78,61,76.7,0,
2025-07-04,06:35:00,cool,compressorCoolOff,hold,Sleep,78,78,77.3,61,67,0,0,0,0,0,,78,61,76.7,0,
2025-07-04,06:40:00,cool,compressorCoolOff,hold,Sleep,78,78,77.3,61,67,0,0,0,0,0,,78,61,76.7,0,
2025-07-04,06:45:00,cool,compressorCoolOff,hold,Sleep,78,78,77.3,61,67,0,0,0,0,0,,78,61,76.7,0,
2025-07-04,06:50:00,cool,compressorCoolOff,hold,Sleep,78,78,77.3,61,67,0,0,0,0,0,,78,61,76.7,0,
2025-07-04,06:55:00,cool,compressorCoolOff,hold,Sleep,78,78,77.3,61,67,0,0,0,0,0,,78,61,76.7,0,
2025-07-04,07:00:00,cool,compressorCoolOff,hold,Sleep,78,78,77.3,61,67.9,0,0,0,0,0,,78,61,76.7,0,
2025-07-04,07:05:00,cool,compressorCoolOff,hold,Sleep,78,78,77.3,61,67.9,0,0,0,0,0,,78,61,76.7,0,
2025-07-04,07:10:00,cool,compressorCoolOff,hold,Sleep,78,78,77.3,61,67.9,0,0,0,0,0,,77.9,61,76.7,0,
2025-07-04,07:15:00,cool,compressorCoolOff,hold,Sleep,78,78,77.3,61,67.9,0,0,0,0,0,,77.9,61,76.7,0,
2025-07-04,07:20:00,cool,compressorCoolOff,hold,Sleep,78,78,77.3,61,67.9,0,0,0,0,0,,77.9,61,76.7,0,
2025-07-04,07:25:00,cool,compressorCoolOff,hold,Sleep,78,78,77.3,61,67.9,0,0,0,0,0,,77.9,61,76.7,0,
2025-07-04,07:30:00,cool,compressorCoolOff,hold,Sleep,78,78,77.3,61,67.9,0,0,0,0,0,,77.9,61,76.7,0,
2025-07-04,07:35:00,cool,compressorCoolOff,hold,Sleep,78,78,77.3,62,67.9,0,0,0,0,0,,77.9,62,76.7,0,
2025-07-04,07:40:00,cool,compressorCoolOff,hold,Sleep,78,78,77.3,62,67.9,0,0,0,0,0,,77.9,62,76.7,0,
2025-07-04,07:45:00,cool,compressorCoolOff,hold,Sleep,78,78,77.2,62,67.9,0,0,0,0,0,,77.9,62,76.5,0,
2025-07-04,07:50:00,cool,compressorCoolOff,hold,Sleep,78,78,77.2,61,67.9,0,0,0,0,0,,77.9,61,76.5,0,
2025-07-04,07:55:00,cool,compressorCoolOff,hold,Sleep,78,78,77.1,61,67.9,0,0,0,0,0,,77.8,61,76.5,0,
2025-07-04,08:00:00,cool,compressorCoolOff,hold,Home,78,78,77.1,61,71.8,0,0,0,0,0,,77.8,61,76.5,0,
2025-07-04,08:05:00,cool,compressorCoolOff,hold,Home,78,78,77.1,61,71.8,0,0,0,0,0,,77.8,61,76.5,0,
2025-07-04,08:10:00,cool,compressorCoolOff,hold,Home,78,78,77.1,61,71.8,0,0,0,0,0,,77.8,61,76.5,0,
2025-07-04,08:15:00,cool,compressorCoolOff,hold,Home,78,78,77.1,61,71.8,0,0,0,0,0,,77.8,61,76.5,0,
2025-07-04,08:20:00,cool,compressorCoolOff,hold,Home,78,78,77.1,61,71.8,0,0,0,0,0,,77.8,61,76.5,0,
2025-07-04,08:25:00,cool,compressorCoolOff,hold,Home,78,78,77.1,61,71.8,0,0,0,0,0,,77.8,61,76.5,0,
2025-07-04,08:30:00,cool,compressorCoolOff,hold,Home,78,78,77.1,61,71.8,0,0,0,0,0,,77.8,61,76.5,0,
2025-07-04,08:35:00,cool,compressorCoolOff,hold,Home,78,78,77.1,62,71.8,0,0,0,0,0,,77.8,62,76.5,0,
2025-07-04,08:40:00,cool,compressorCoolOff,hold,Home,78,78,77.1,62,71.8,0,0,0,0,0,,77.8,62,76.5,0,
2025-07-04,08:45:00,cool,compressorCoolOff,hold,Home,78,78,77.1,62,71.8,0,0,0,0,0,,77.8,62,76.5,0,
2025-07-04,08:50:00,cool,compressorCoolOff,hold,Home,78,78,77.1,62,71.8,0,0,0,0,0,,77.8,62,76.5,0,
2025-07-04,08:55:00,cool,compressorCoolOff,hold,Home,78,78,77.1,62,71.8,0,0,0,0,0,,77.8,62,76.5,0,
2025-07-04,09:00:00,cool,compressorCoolOff,hold,Home,78,78,77.1,62,73.8,0,0,0,0,0,,77.8,62,76.5,0,
2025-07-04,09:05:00,cool,compressorCoolOff,hold,Home,78,78,77.1,62,73.8,0,0,0,0,0,,77.8,62,76.5,0,
2025-07-04,09:10:00,cool,compressorCoolOff,hold,Home,78,78,77.1,62,73.8,0,0,0,0,0,,77.8,62,76.5,0,
2025-07-04,09:15:00,cool,compressorCoolOff,hold,Home,78,78,77.1,61,73.8,0,0,0,0,0,,77.8,61,76.5,0,
2025-07-04,09:20:00,cool,compressorCoolOff,hold,Home,78,78,77.1,61,73.8,0,0,0,0,0,,77.8,61,76.5,0,
2025-07-04,09:25:00,cool,compressorCoolOff,hold,Home,78,78,77.1,61,73.8,0,0,0,0,0,,77.8,61,76.5,0,
2025-07-04,09:30:00,cool,compressorCoolOff,hold,Home,78,78,77.1,61,73.8,0,0,0,0,0,,77.8,61,76.5,0,
2025-07-04,09:35:00,cool,compressorCoolOff,hold,Home,78,78,77.1,61,73.8,0,0,0,0,0,,77.8,61,76.5,0,
2025-07-04,09:40:00,cool,compressorCoolOff,hold,Home,78,78,77.1,61,73.8,0,0,0,0,0,,77.8,61,76.5,0,
2025-07-04,09:45:00,cool,compressorCoolOff,hold,Home,78,78,77.1,61,73.8,0,0,0,0,0,,77.8,61,76.5,0,
2025-07-04,09:50:00,cool,compressorCoolOff,hold,Home,78,78,77.1,61,73.8,0,0,0,0,0,,77.8,61,76.5,0,
2025-07-04,09:55:00,cool,compressorCoolOff,hold,Home,78,78,77.1,61,73.8,0,0,0,0,0,,77.8,61,76.5,0,
2025-07-04,10:00:00,cool,compressorCoolOff,hold,Home,78,78,77.1,61,76.5,0,0,0,0,0,,77.8,61,76.5,0,
2025-07-04,10:05:00,cool,compressorCoolOff,hold,Home,78,78,77.1,61,76.5,0,0,0,0,0,,77.8,61,76.5,0,
2025-07-04,10:10:00,cool,compressorCoolOff,hold,Home,78,78,77.1,61,76.5,0,0,0,0,0,,77.8,61,76.5,0,
2025-07-04,10:15:00,cool,compressorCoolOff,hold,Home,78,78,77.1,61,76.5,0,0,0,0,0,,77.8,61,76.5,0,
2025-07-04,10:20:00,cool,compressorCoolOff,hold,Home,78,78,77.1,61,76.5,0,0,0,0,0,,77.8,61,76.5,0,
2025-07-04,10:25:00,cool,compressorCoolOff,hold,Home,78,78,77.1,61,76.5,0,0,0,0,0,,77.8,61,76.6,0,
2025-07-04,10:30:00,cool,compressorCoolOff,hold,Home,78,78,77.1,61,78.1,0,0,0,0,0,,77.8,61,76.6,0,
2025-07-04,10:35:00,cool,compressorCoolOff,hold,Home,78,78,77.1,61,78.1,0,0,0,0,0,,77.8,61,76.5,0,
2025-07-04,10:40:00,cool,compressorCoolOff,hold,Home,78,78,77.1,61,78.1,0,0,0,0,0,,77.8,61,76.5,0,
2025-07-04,10:45:00,cool,compressorCoolOff,hold,Home,78,78,77.1,61,78.1,0,0,0,0,0,,77.8,61,76.5,0,
2025-07-04,10:50:00,cool,compressorCoolOff,hold,Home,78,78,77.1,61,78.1,0,0,0,0,0,,77.8,61,76.5,0,
2025-07-04,10:55:00,cool,compressorCoolOff,hold,Home,78,78,77.2,61,78.1,0,0,0,0,0,,77.9,61,76.5,0,
2025-07-04,11:00:00,cool,compressorCoolOff,hold,Home,78,78,77.2,61,79.2,0,0,0,0,0,,77.9,61,76.6,0,
2025-07-04,11:05:00,cool,compressorCoolOff,hold,Home,78,78,77.3,61,79.2,0,0,0,0,0,,77.9,61,76.7,0,
2025-07-04,11:10:00,cool,compressorCoolOff,hold,Home,78,78,77.3,61,79.2,0,0,0,0,0,,77.9,61,76.7,0,
2025-07-04,11:15:00,cool,compressorCoolOff,hold,Home,78,78,77.3,61,79.2,0,0,0,0,0,,77.9,61,76.7,0,
2025-07-04,11:20:00,cool,compressorCoolOff,hold,Home,78,78,77.3,61,79.2,0,0,0,0,0,,77.9,61,76.7,0,
2025-07-04,11:25:00,cool,compressorCoolOff,hold,Home,78,78,77.3,61,79.2,0,0,0,0,0,,78,61,76.7,0,
2025-07-04,11:30:00,cool,compressorCoolOff,hold,Home,78,78,77.4,61,79.2,0,0,0,0,0,,78,61,76.9,0,
2025-07-04,11:35:00,cool,compressorCoolOff,hold,Home,78,78,77.4,61,79.2,0,0,0,0,0,,78,61,76.9,0,
2025-07-04,11:40:00,cool,compressorCoolOff,hold,Home,78,78,77.4,61,79.2,0,0,0,0,0,,78,61,76.9,0,
2025-07-04,11:45:00,cool,compressorCoolOff,hold,Home,78,78,77.4,61,79.2,0,0,0,0,0,,78,61,76.9,0,
2025-07-04,11:50:00,cool,compressorCoolOff,hold,Home,78,78,77.5,61,79.2,0,0,0,0,0,,78.1,61,77,0,
2025-07-04,11:55:00,cool,compressorCoolOff,hold,Home,78,78,77.6,61,79.2,0,0,0,0,0,,78.1,61,77.1,0,
2025-07-04,12:00:00,cool,compressorCoolOff,hold,Home,78,78,77.6,61,80.6,0,0,0,0,0,,78.1,61,77.1,0,
2025-07-04,12:05:00,cool,compressorCoolOff,hold,Home,78,78,77.6,61,80.6,0,0,0,0,0,,78.1,61,77.1,0,
2025-07-04,12:10:00,cool,compressorCoolOff,hold,Home,78,78,77.6,61,80.6,0,0,0,0,0,,78.1,61,77.1,0,
2025-07-04,12:15:00,cool,compressorCoolOff,hold,Home,78,78,77.6,61,80.6,0,0,0,0,0,,78.1,61,77.1,0,
2025-07-04,12:20:00,cool,compressorCoolOff,hold,Home,78,78,77.6,61,80.6,0,0,0,0,0,,78.2,61,77.1,0,
2025-07-04,12:25:00,cool,compressorCoolOff,hold,Home,78,78,77.6,61,80.6,0,0,0,0,0,,78.2,61,77.1,0,
2025-07-04,12:30:00,cool,compressorCoolOff,hold,Home,78,78,77.6,61,80.6,0,0,0,0,0,,78.2,61,77.1,0,
2025-07-04,12:35:00,cool,compressorCoolOff,hold,Home,78,78,77.6,61,80.6,0,0,0,0,0,,78.2,61,77.1,0,
2025-07-04,12:40:00,cool,compressorCoolOff,hold,Home,78,78,77.7,61,80.6,0,0,0,0,0,,78.3,61,77.1,0,
2025-07-04,12:45:00,cool,compressorCoolOff,hold,Home,78,78,77.7,61,80.6,0,0,0,0,0,,78.3,61,77.2,0,
2025-07-04,12:50:00,cool,compressorCoolOff,hold,Home,78,78,77.8,61,80.6,0,0,0,0,0,,78.4,61,77.3,0,
2025-07-04,12:55:00,cool,compressorCoolOff,hold,Home,78,78,77.8,61,80.6,0,0,0,0,0,,78.4,61,77.3,0,
2025-07-04,13:00:00,cool,compressorCoolOff,hold,Home,78,78,77.9,61,82.3,0,0,0,0,0,,78.5,61,77.3,0,
2025-07-04,13:05:00,cool,compressorCoolOff,hold,Home,78,78,77.9,61,82.3,0,0,0,0,0,,78.5,61,77.3,0,
2025-07-04,13:10:00,cool,compressorCoolOff,hold,Home,78,78,78,61,82.3,0,0,0,0,0,,78.5,61,77.5,0,
2025-07-04,13:15:00,cool,compressorCoolOff,hold,Home,78,78,78,61,82.3,0,0,0,0,0,,78.5,61,77.5,0,
2025-07-04,13:20:00,cool,compressorCoolOff,hold,Home,78,78,78,61,82.3,0,0,0,0,0,,78.5,61,77.5,0,
2025-07-04,13:25:00,cool,compressorCoolOff,hold,Home,78,78,78,61,82.3,0,0,0,0,0,,78.5,61,77.5,0,
2025-07-04,13:30:00,cool,compressorCoolOff,hold,Home,78,78,78,61,82.9,0,0,0,0,0,,78.5,61,77.5,0,
2025-07-04,13:35:00,cool,compressorCoolOff,hold,Home,78,78,78,61,82.9,0,0,0,0,0,,78.5,61,77.5,0,
2025-07-04,13:40:00,cool,compressorCoolOff,hold,Home,78,78,78,61,82.9,0,0,0,0,0,,78.5,61,77.6,0,
2025-07-04,13:45:00,cool,compressorCoolOff,hold,Home,78,78,78,61,82.9,0,0,0,0,0,,78.5,61,77.7,0,
2025-07-04,13:50:00,cool,compressorCoolOff,hold,Home,78,78,78.1,61,82.9,0,0,0,0,0,,78.5,61,77.8,0,
2025-07-04,13:55:00,cool,compressorCoolOff,hold,Home,78,78,78.1,61,82.9,0,0,0,0,0,,78.5,61,77.8,0,
2025-07-04,14:00:00,cool,compressorCoolOff,hold,Home,78,78,78.1,61,83.5,0,0,0,0,0,,78.5,61,77.8,0,
2025-07-04,14:05:00,cool,compressorCoolOff,hold,Home,78,78,78.1,61,83.5,0,0,0,0,0,,78.5,61,77.8,0,
2025-07-04,14:10:00,cool,compressorCoolOff,hold,Home,78,78,78.3,60,83.5,0,0,0,0,0,,78.6,60,78,0,
2025-07-04,14:15:00,cool,compressorCoolOff,hold,Home,78,78,78.3,60,83.5,0,0,0,0,0,,78.7,60,78,0,
2025-07-04,14:20:00,cool,compressorCoolOff,hold,Home,78,78,78.4,60,83.5,0,270,0,0,270,,78.7,60,78.1,0,
2025-07-04,14:25:00,cool,compressorCoolStage1On,hold,Home,78,78,78.3,58,83.5,0,300,0,0,300,,78.6,58,78,0,
2025-07-04,14:30:00,cool,compressorCoolStage1On,hold,Home,78,78,78,57,83.5,0,90,0,0,135,,78.4,57,77.6,0,
2025-07-04,14:35:00,cool,compressorCoolOff,hold,Home,78,78,77.7,57,83.5,0,0,0,0,0,,78.2,57,77.2,0,
2025-07-04,14:40:00,cool,compressorCoolOff,hold,Home,78,78,77.7,58,83.5,0,0,0,0,0,,78.3,58,77.2,0,
2025-07-04,14:45:00,cool,compressorCoolOff,hold,Home,78,78,77.9,58,83.5,0,0,0,0,0,,78.4,58,77.3,0,
2025-07-04,14:50:00,cool,compressorCoolOff,hold,Home,78,78,78,58,83.5,0,0,0,0,0,,78.5,58,77.5,0,
2025-07-04,14:55:00,cool,compressorCoolOff,hold,Home,78,78,78,59,83.5,0,0,0,0,0,,78.5,59,77.6,0,
2025-07-04,15:00:00,cool,compressorCoolOff,hold,Home,78,78,78.1,59,84.4,0,0,0,0,0,,78.5,59,77.8,0,
2025-07-04,15:05:00,cool,compressorCoolOff,hold,Home,78,78,78.1,59,84.4,0,0,0,0,0,,78.5,59,77.8,0,
2025-07-04,15:10:00,cool,compressorCoolOff,hold,Home,78,78,78.1,59,84.4,0,0,0,0,0,,78.5,59,77.8,0,
2025-07-04,15:15:00,cool,compressorCoolOff,hold,Home,78,78,78.2,59,84.4,0,0,0,0,0,,78.5,59,77.9,0,
2025-07-04,15:20:00,cool,compressorCoolOff,hold,Home,78,78,78.3,59,84.4,0,0,0,0,0,,78.6,59,78.1,0,
2025-07-04,15:25:00,cool,compressorCoolOff,hold,Home,78,78,78.4,59,84.4,0,0,0,0,0,,78.6,59,78.2,0,
2025-07-04,15:30:00,cool,compressorCoolOff,hold,Home,78,78,78.5,59,84.4,0,195,0,0,195,,78.7,59,78.2,0,
2025-07-04,15:35:00,cool,compressorCoolStage1On,hold,Home,78,78,78.5,58,84.4,0,300,0,0,300,,78.7,58,78.3,0,
2025-07-04,15:40:00,cool,compressorCoolStage1On,hold,Home,78,78,78.2,56,84.4,0,240,0,0,285,,78.4,56,78,0,
2025-07-04,15:45:00,cool,compressorCoolOff,hold,Home,78,78,77.8,55,84.4,0,0,0,0,0,,78.2,55,77.5,0,
2025-07-04,15:50:00,cool,compressorCoolOff,hold,Home,78,78,77.7,56,84.4,0,0,0,0,0,,78.2,56,77.3,0,
2025-07-04,15:55:00,cool,compressorCoolOff,hold,Home,78,78,77.9,56,84.4,0,0,0,0,0,,78.4,56,77.4,0,
2025-07-04,16:00:00,cool,compressorCoolOff,hold,Home,78,78,78,57,85.1,0,0,0,0,0,,78.5,57,77.5,0,
2025-07-04,16:05:00,cool,compressorCoolOff,hold,Home,78,78,78,58,85.1,0,0,0,0,0,,78.5,58,77.7,0,
2025-07-04,16:10:00,cool,compressorCoolOff,hold,Home,78,78,78.1,58,85.1,0,0,0,0,0,,78.5,58,77.8,0,
2025-07-04,16:15:00,cool,compressorCoolOff,hold,Home,78,78,78.1,58,85.1,0,0,0,0,0,,78.5,58,77.8,0,
2025-07-04,16:20:00,cool,compressorCoolOff,hold,Home,78,78,78.3,58,85.1,0,0,0,0,0,,78.5,58,78,0,
2025-07-04,16:25:00,cool,compressorCoolOff,hold,Home,78,78,78.4,58,85.1,0,0,0,0,0,,78.6,58,78.2,0,
2025-07-04,16:30:00,cool,compressorCoolOff,hold,Home,78,78,78.4,58,84.7,0,240,0,0,240,,78.7,58,78.2,0,
2025-07-04,16:35:00,cool,compressorCoolStage1On,hold,Home,78,78,78.4,56,84.7,0,300,0,0,300,,78.6,56,78.2,0,
2025-07-04,16:40:00,cool,compressorCoolStage1On,hold,Home,78,78,78,55,84.7,0,255,0,0,300,,78.4,55,77.8,0,
2025-07-04,16:45:00,cool,compressorCoolOff,hold,Home,78,78,77.7,54,84.7,0,0,0,0,0,,78.1,54,77.3,0,
2025-07-04,16:50:00,cool,compressorCoolOff,hold,Home,78,78,77.6,55,84.7,0,0,0,0,0,,78.1,55,77.1,0,
2025-07-04,16:55:00,cool,compressorCoolOff,hold,Home,78,78,77.8,56,84.7,0,0,0,0,0,,78.3,56,77.3,0,
2025-07-04,17:00:00,cool,compressorCoolOff,hold,Home,78,78,77.9,56,84.7,0,0,0,0,0,,78.4,56,77.5,0,
2025-07-04,17:05:00,cool,compressorCoolOff,hold,Home,78,78,78,56,84.7,0,0,0,0,0,,78.5,56,77.6,0,
2025-07-04,17:10:00,cool,compressorCoolOff,hold,Home,78,78,78.1,56,84.7,0,0,0,0,0,,78.5,56,77.8,0,
2025-07-04,17:15:00,cool,compressorCoolOff,hold,Home,78,78,78.1,56,84.7,0,0,0,0,0,,78.5,56,77.8,0,
2025-07-04,17:20:00,cool,compressorCoolOff,hold,Home,78,78,78.2,56,84.7,0,0,0,0,0,,78.5,56,78,0,
2025-07-04,17:25:00,cool,compressorCoolOff,hold,Home,78,78,78.4,57,84.7,0,0,0,0,0,,78.6,57,78.2,0,
2025-07-04,17:30:00,cool,compressorCoolOff,hold,Home,78,78,78.4,58,84.7,0,0,0,0,0,,78.7,58,78.2,0,
2025-07-04,17:35:00,cool,compressorCoolOff,hold,Home,78,78,78.5,57,84.7,0,270,0,0,270,,78.7,57,78.3,0,
2025-07-04,17:40:00,cool,compressorCoolStage1On,hold,Home,78,78,78.4,55,84.7,0,300,0,0,300,,78.6,55,78.2,0,
2025-07-04,17:45:00,cool,compressorCoolStage1On,hold,Home,78,78,78.1,54,84.7,0,105,0,0,150,,78.4,54,77.8,0,
2025-07-04,17:50:00,cool,compressorCoolOff,hold,Home,78,78,77.8,54,84.7,0,0,0,0,0,,78.3,54,77.4,0,
2025-07-04,17:55:00,cool,compressorCoolOff,hold,Home,78,78,77.9,55,84.7,0,0,0,0,0,,78.4,55,77.3,0,
2025-07-04,18:00:00,cool,compressorCoolOff,hold,Home,78,78,78,55,84.1,0,0,0,0,0,,78.5,55,77.5,0,
2025-07-04,18:05:00,cool,compressorCoolOff,hold,Home,78,78,78,55,84.1,0,0,0,0,0,,78.5,55,77.6,0,
2025-07-04,18:10:00,cool,compressorCoolOff,hold,Home,78,78,78.1,56,84.1,0,0,0,0,0,,78.5,56,77.8,0,
2025-07-04,18:15:00,cool,compressorCoolOff,hold,Home,78,78,78.2,56,84.1,0,0,0,0,0,,78.7,56,77.8,0,
2025-07-04,18:20:00,cool,compressorCoolOff,hold,Home,78,78,78.3,56,84.1,0,0,0,0,0,,78.8,56,77.9,0,
2025-07-04,18:25:00,cool,compressorCoolOff,hold,Home,78,78,78.4,56,84.1,0,0,0,0,0,,78.9,56,78,0,
2025-07-04,18:30:00,cool,compressorCoolOff,hold,Home,78,78,78.5,56,84.1,0,270,0,0,270,,78.9,56,78.1,0,
2025-07-04,18:35:00,cool,compressorCoolStage1On,hold,Home,78,78,78.4,55,84.1,0,300,0,0,300,,78.8,55,77.9,0,
2025-07-04,18:40:00,cool,compressorCoolStage1On,hold,Home,78,78,78.1,54,84.1,0,150,0,0,195,,78.5,54,77.6,0,
2025-07-04,18:45:00,cool,compressorCoolOff,hold,Home,78,78,77.9,54,84.1,0,0,0,0,0,,78.5,54,77.3,0,
2025-07-04,18:50:00,cool,compressorCoolOff,hold,Home,78,78,77.8,55,84.1,0,0,0,0,0,,78.5,55,77.1,0,
2025-07-04,18:55:00,cool,compressorCoolOff,hold,Home,78,78,77.9,55,84.1,0,0,0,0,0,,78.5,55,77.3,0,
2025-07-04,19:00:00,cool,compressorCoolOff,hold,Home,78,78,78.1,55,84.1,0,0,0,0,0,,78.7,55,77.5,0,
2025-07-04,19:05:00,cool,compressorCoolOff,hold,Home,78,78,78.2,55,84.1,0,0,0,0,0,,78.8,55,77.6,0,
2025-07-04,19:10:00,cool,compressorCoolOff,hold,Home,78,78,78.3,55,84.1,0,0,0,0,0,,78.9,55,77.8,0,
2025-07-04,19:15:00,cool,compressorCoolOff,hold,Home,78,78,78.4,56,84.1,0,0,0,0,0,,79,56,77.8,0,
2025-07-04,19:20:00,cool,compressorCoolStage1On,hold,Home,78,78,78.5,56,84.1,0,300,0,0,300,,79.1,56,77.9,0,
2025-07-04,19:25:00,cool,compressorCoolStage1On,hold,Home,78,78,78.3,54,84.1,0,300,0,0,300,,78.9,54,77.8,0,
2025-07-04,19:30:00,cool,compressorCoolStage1On,hold,Home,78,78,78,53,84.1,0,135,0,0,180,,78.5,53,77.5,0,
2025-07-04,19:35:00,cool,compressorCoolOff,hold,Home,78,78,77.7,53,84.1,0,0,0,0,0,,78.3,53,77.1,0,
2025-07-04,19:40:00,cool,compressorCoolOff,hold,Home,78,78,77.6,54,84.1,0,0,0,0,0,,78.4,54,76.9,0,
2025-07-04,19:45:00,cool,compressorCoolOff,hold,Home,78,78,77.7,55,84.1,0,0,0,0,0,,78.4,55,77.1,0,
2025-07-04,19:50:00,cool,compressorCoolOff,hold,Home,78,78,77.7,55,84.1,0,0,0,0,0,,78.4,55,77.1,0,
2025-07-04,19:55:00,cool,compressorCoolOff,hold,Home,78,78,78,55,84.1,0,0,0,0,0,,78.5,55,77.5,0,
2025-07-04,20:00:00,cool,compressorCoolOff,hold,Home,78,78,78,55,79.6,0,0,0,0,0,,78.5,55,77.5,0,
2025-07-04,20:05:00,cool,compressorCoolOff,hold,Home,78,78,78,56,79.6,0,0,0,0,0,,78.6,56,77.5,0,
2025-07-04,20:10:00,cool,compressorCoolOff,hold,Home,78,78,78.1,56,79.6,0,0,0,0,0,,78.7,56,77.6,0,
2025-07-04,20:15:00,cool,compressorCoolOff,hold,Home,78,78,78.1,56,79.6,0,0,0,0,0,,78.7,56,77.7,0,
2025-07-04,20:20:00,cool,compressorCoolOff,hold,Home,78,78,78.3,56,79.6,0,0,0,0,0,,78.8,56,77.8,0,
2025-07-04,20:25:00,cool,compressorCoolOff,hold,Home,78,78,78.3,56,79.6,0,0,0,0,0,,78.8,56,77.8,0,
2025-07-04,20:30:00,cool,compressorCoolOff,hold,Home,78,78,78.3,56,79.6,0,0,0,0,0,,78.8,56,77.8,0,
2025-07-04,20:35:00,cool,compressorCoolOff,hold,Home,78,78,78.4,56,79.6,0,0,0,0,0,,78.8,56,78,0,
2025-07-04,20:40:00,cool,compressorCoolOff,hold,Home,78,78,78.4,56,79.6,0,0,0,0,0,,78.9,56,78,0,
2025-07-04,20:45:00,cool,compressorCoolOff,hold,Home,78,78,78.4,57,79.6,0,0,0,0,0,,78.9,57,78,0,
2025-07-04,20:50:00,cool,compressorCoolOff,hold,Home,78,78,78.4,58,79.6,0,0,0,0,0,,78.8,58,78,0,
2025-07-04,20:55:00,cool,compressorCoolOff,hold,Home,78,78,78.4,57,79.6,0,270,0,0,270,,78.8,57,78.1,0,
2025-07-04,21:00:00,cool,compressorCoolStage1On,hold,Home,78,78,78.2,55,76.4,0,300,0,0,300,,78.6,55,77.8,0,
2025-07-04,21:05:00,cool,compressorCoolStage1On,hold,Home,78,78,77.9,54,76.4,0,105,0,0,150,,78.3,54,77.6,0,
2025-07-04,21:10:00,cool,compressorCoolOff,hold,Home,78,78,77.6,54,76.4,0,0,0,0,0,,78.1,54,77.2,0,
2025-07-04,21:15:00,cool,compressorCoolOff,hold,Home,78,78,77.6,54,76.4,0,0,0,0,0,,78.1,54,77.1,0,
2025-07-04,21:20:00,cool,compressorCoolOff,hold,Home,78,78,77.6,55,76.4,0,0,0,0,0,,78.1,55,77.1,0,
2025-07-04,21:25:00,cool,compressorCoolOff,hold,Home,78,78,77.7,55,76.4,0,0,0,0,0,,78.3,55,77.1,0,
2025-07-04,21:30:00,cool,compressorCoolOff,hold,Home,78,78,77.8,56,76.4,0,0,0,0,0,,78.4,56,77.3,0,
2025-07-04,21:35:00,cool,compressorCoolOff,hold,Home,78,78,77.9,56,76.4,0,0,0,0,0,,78.4,56,77.5,0,
2025-07-04,21:40:00,cool,compressorCoolOff,hold,Home,78,78,78,56,76.4,0,0,0,0,0,,78.5,56,77.5,0,
2025-07-04,21:45:00,cool,compressorCoolOff,hold,Home,78,78,78,56,76.4,0,0,0,0,0,,78.5,56,77.5,0,
2025-07-04,21:50:00,cool,compressorCoolOff,hold,Home,78,78,78,56,76.4,0,0,0,0,0,,78.5,56,77.5,0,
2025-07-04,21:55:00,cool,compressorCoolOff,hold,Home,78,78,78,56,76.4,0,0,0,0,0,,78.5,56,77.5,0,
2025-07-04,22:00:00,cool,compressorCoolOff,hold,Home,78,78,78,57,75.1,0,0,0,0,0,,78.5,57,77.6,0,
2025-07-04,22:05:00,cool,compressorCoolOff,hold,Home,78,78,78,58,75.1,0,0,0,0,0,,78.5,58,77.6,0,
2025-07-04,22:10:00,cool,compressorCoolOff,hold,Home,78,78,78,58,75.1,0,0,0,0,0,,78.5,58,77.6,0,
2025-07-04,22:15:00,cool,compressorCoolOff,hold,Home,78,78,78,58,75.1,0,0,0,0,0,,78.5,58,77.6,0,
2025-07-04,22:20:00,cool,compressorCoolOff,hold,Home,78,78,78,58,75.1,0,0,0,0,0,,78.5,58,77.6,0,
2025-07-04,22:25:00,cool,compressorCoolOff,hold,Home,78,78,78,58,75.1,0,0,0,0,0,,78.5,58,77.6,0,
2025-07-04,22:30:00,cool,compressorCoolOff,hold,Home,78,78,78,58,75.1,0,0,0,0,0,,78.5,58,77.7,0,
2025-07-04,22:35:00,cool,compressorCoolOff,hold,Home,78,78,78.1,58,75.1,0,0,0,0,0,,78.5,58,77.8,0,
2025-07-04,22:40:00,cool,compressorCoolOff,hold,Home,78,78,78.1,58,75.1,0,0,0,0,0,,78.5,58,77.8,0,
2025-07-04,22:45:00,cool,compressorCoolOff,hold,Home,78,78,78.1,58,75.1,0,0,0,0,0,,78.5,58,77.8,0,
2025-07-04,22:50:00,cool,compressorCoolOff,hold,Home,78,78,78.1,58,75.1,0,0,0,0,0,,78.5,58,77.8,0,
2025-07-04,22:55:00,cool,compressorCoolOff,hold,Home,78,78,78.1,59,75.1,0,0,0,0,0,,78.5,59,77.8,0,
2025-07-04,23:00:00,cool,compressorCoolOff,hold,Home,78,78,78.1,59,73.4,0,0,0,0,0,,78.5,59,77.8,0,
2025-07-04,23:05:00,cool,compressorCoolOff,hold,Home,78,78,78.1,59,73.4,0,0,0,0,0,,78.5,59,77.8,0,
2025-07-04,23:10:00,cool,compressorCoolOff,hold,Home,78,78,78.1,59,73.4,0,0,0,0,0,,78.5,59,77.8,0,
2025-07-04,23:15:00,cool,compressorCoolOff,hold,Home,78,78,78.1,59,73.4,0,0,0,0,0,,78.5,59,77.8,0,
2025-07-04,23:20:00,cool,compressorCoolOff,hold,Home,78,78,78.1,59,73.4,0,0,0,0,0,,78.5,59,77.8,0,
2025-07-04,23:25:00,cool,compressorCoolOff,hold,Home,78,78,78.1,59,73.4,0,0,0,0,0,,78.5,59,77.8,0,
2025-07-04,23:30:00,cool,compressorCoolOff,hold,Home,78,78,78,59,73,0,0,0,0,0,,78.5,59,77.6,0,
2025-07-04,23:35:00,cool,compressorCoolOff,hold,Home,78,78,78,59,73,0,0,0,0,0,,78.5,59,77.6,0,
2025-07-04,23:40:00,cool,compressorCoolOff,hold,Home,78,78,78,59,73,0,0,0,0,0,,78.5,59,77.6,0,
2025-07-04,23:45:00,cool,compressorCoolOff,hold,Home,78,78,78,59,73,0,0,0,0,0,,78.5,59,77.6,0,
2025-07-04,23:50:00,cool,compressorCoolOff,hold,Home,78,78,78,59,73,0,0,0,0,0,,78.5,59,77.6,0,
2025-07-04,23:55:00,cool,compressorCoolOff,hold,Home,78,78,78,59,73,0,0,0,0,0,,78.5,59,77.6,0,
2025-07-05,00:00:00,cool,compressorCoolOff,hold,Sleep,78,78,78,59,72.4,0,0,0,0,0,,78.5,59,77.6,0,
2025-07-05,00:05:00,cool,compressorCoolOff,hold,Sleep,78,78,78,59,72.4,0,0,0,0,0,,78.5,59,77.6,0,
2025-07-05,00:10:00,cool,compressorCoolOff,hold,Sleep,78,78,78,59,72.4,0,0,0,0,0,,78.5,59,77.6,0,
2025-07-05,00:15:00,cool,compressorCoolOff,hold,Sleep,78,78,78,59,72.4,0,0,0,0,0,,78.5,59,77.6,0,
2025-07-05,00:20:00,cool,compressorCoolOff,hold,Sleep,78,78,78,59,72.4,0,0,0,0,0,,78.5,59,77.6,0,
2025-07-05,00:25:00,cool,compressorCoolOff,hold,Sleep,78,78,78,59,72.4,0,0,0,0,0,,78.5,59,77.6,0,
2025-07-05,00:30:00,cool,compressorCoolOff,hold,Sleep,78,78,78,59,72.4,0,0,0,0,0,,78.5,59,77.6,0,
2025-07-05,00:35:00,cool,compressorCoolOff,hold,Sleep,78,78,78,59,72.4,0,0,0,0,0,,78.5,59,77.5,0,
2025-07-05,00:40:00,cool,compressorCoolOff,hold,Sleep,78,78,78,59,72.4,0,0,0,0,0,,78.5,59,77.5,0,
2025-07-05,00:45:00,cool,compressorCoolOff,hold,Sleep,78,78,78,59,72.4,0,0,0,0,0,,78.5,59,77.5,0,
2025-07-05,00:50:00,cool,compressorCoolOff,hold,Sleep,78,78,78,59,72.4,0,0,0,0,0,,78.5,59,77.5,0,
2025-07-05,00:55:00,cool,compressorCoolOff,hold,Sleep,78,78,78,59,72.4,0,0,0,0,0,,78.5,59,77.5,0,
2025-07-05,01:00:00,cool,compressorCoolOff,hold,Sleep,78,78,77.9,59,69.5,0,0,0,0,0,,78.4,59,77.5,0,
2025-07-05,01:05:00,cool,compressorCoolOff,hold,Sleep,78,78,77.9,60,69.5,0,0,0,0,0,,78.4,60,77.5,0,
2025-07-05,01:10:00,cool,compressorCoolOff,hold,Sleep,78,78,77.9,60,69.5,0,0,0,0,0,,78.4,60,77.5,0,
2025-07-05,01:15:00,cool,compressorCoolOff,hold,Sleep,78,78,77.9,61,69.5,0,0,0,0,0,,78.4,61,77.5,0,
2025-07-05,01:20:00,cool,compressorCoolOff,hold,Sleep,78,78,77.9,61,69.5,0,0,0,0,0,,78.4,61,77.5,0,
2025-07-05,01:25:00,cool,compressorCoolOff,hold,Sleep,78,78,77.9,61,69.5,0,0,0,0,0,,78.4,61,77.5,0,
2025-07-05,01:30:00,cool,compressorCoolOff,hold,Sleep,78,78,77.9,61,69.5,0,0,0,0,0,,78.4,61,77.5,0,
2025-07-05,01:35:00,cool,compressorCoolOff,hold,Sleep,78,78,77.9,61,69.5,0,0,0,0,0,,78.3,61,77.5,0,
2025-07-05,01:40:00,cool,compressorCoolOff,hold,Sleep,78,78,77.9,61,69.5,0,0,0,0,0,,78.3,61,77.5,0,
2025-07-05,01:45:00,cool,compressorCoolOff,hold,Sleep,78,78,77.8,61,69.5,0,0,0,0,0,,78.3,61,77.3,0,
2025-07-05,01:50:00,cool,compressorCoolOff,hold,Sleep,78,78,77.8,61,69.5,0,0,0,0,0,,78.3,61,77.3,0,
2025-07-05,01:55:00,cool,compressorCoolOff,hold,Sleep,78,78,77.8,61,69.5,0,0,0,0,0,,78.3,61,77.3,0,
2025-07-05,02:00:00,cool,compressorCoolOff,hold,Sleep,78,78,77.8,61,68.2,0,0,0,0,0,,78.3,61,77.3,0,
2025-07-05,02:05:00,cool,compressorCoolOff,hold,Sleep,78,78,77.8,61,68.2,0,0,0,0,0,,78.3,61,77.3,0,
2025-07-05,02:10:00,cool,compressorCoolOff,hold,Sleep,78,78,77.8,61,68.2,0,0,0,0,0,,78.3,61,77.3,0,
2025-07-05,02:15:00,cool,compressorCoolOff,hold,Sleep,78,78,77.8,61,68.2,0,0,0,0,0,,78.3,61,77.3,0,
2025-07-05,02:20:00,cool,compressorCoolOff,hold,Sleep,78,78,77.8,61,68.2,0,0,0,0,0,,78.3,61,77.3,0,
2025-07-05,02:25:00,cool,compressorCoolOff,hold,Sleep,78,78,77.7,61,68.2,0,0,0,0,0,,78.2,61,77.3,0,
2025-07-05,02:30:00,cool,compressorCoolOff,hold,Sleep,78,78,77.7,61,67.5,0,0,0,0,0,,78.2,61,77.3,0,
2025-07-05,02:35:00,cool,compressorCoolOff,hold,Sleep,78,78,77.7,61,67.5,0,0,0,0,0,,78.2,61,77.3,0,
2025-07-05,02:40:00,cool,compressorCoolOff,hold,Sleep,78,78,77.7,61,67.5,0,0,0,0,0,,78.2,61,77.3,0,
2025-07-05,02:45:00,cool,compressorCoolOff,hold,Sleep,78,78,77.7,61,67.5,0,0,0,0,0,,78.2,61,77.3,0,
2025-07-05,02:50:00,cool,compressorCoolOff,hold,Sleep,78,78,77.7,61,67.5,0,0,0,0,0,,78.2,61,77.3,0,
2025-07-05,02:55:00,cool,compressorCoolOff,hold,Sleep,78,78,77.7,61,67.5,0,0,0,0,0,,78.2,61,77.3,0,
2025-07-05,03:00:00,cool,compressorCoolOff,hold,Sleep,78,78,77.6,61,67.2,0,0,0,0,0,,78.2,61,77.2,0,
2025-07-05,03:05:00,cool,compressorCoolOff,hold,Sleep,78,78,77.6,61,67.2,0,0,0,0,0,,78.2,61,77.1,0,
2025-07-05,03:10:00,cool,compressorCoolOff,hold,Sleep,78,78,77.6,61,67.2,0,0,0,0,0,,78.2,61,77.1,0,
2025-07-05,03:15:00,cool,compressorCoolOff,hold,Sleep,78,78,77.6,61,67.2,0,0,0,0,0,,78.1,61,77.1,0,
2025-07-05,03:20:00,cool,compressorCoolOff,hold,Sleep,78,78,77.6,61,67.2,0,0,0,0,0,,78.1,61,77.1,0,
2025-07-05,03:25:00,cool,compressorCoolOff,hold,Sleep,78,78,77.6,61,67.2,0,0,0,0,0,,78.1,61,77.1,0,
2025-07-05,03:30:00,cool,compressorCoolOff,hold,Sleep,78,78,77.6,61,67.2,0,0,0,0,0,,78.1,61,77.1,0,
2025-07-05,03:35:00,cool,compressorCoolOff,hold,Sleep,78,78,77.6,61,67.2,0,0,0,0,0,,78.1,61,77.1,0,
2025-07-05,03:40:00,cool,compressorCoolOff,hold,Sleep,78,78,77.6,61,67.2,0,0,0,0,0,,78.1,61,77.1,0,
2025-07-05,03:45:00,cool,compressorCoolOff,hold,Sleep,78,78,77.6,61,67.2,0,0,0,0,0,,78.1,61,77.1,0,
2025-07-05,03:50:00,cool,compressorCoolOff,hold,Sleep,78,78,77.6,61,67.2,0,0,0,0,0,,78.1,61,77.1,0,
2025-07-05,03:55:00,cool,compressorCoolOff,hold,Sleep,78,78,77.6,61,67.2,0,0,0,0,0,,78.1,61,77.1,0,
2025-07-05,04:00:00,cool,compressorCoolOff,hold,Sleep,78,78,77.5,61,65.3,0,0,0,0,0,,78.1,61,77,0,
2025-07-05,04:05:00,cool,compressorCoolOff,hold,Sleep,78,78,77.5,61,65.3,0,0,0,0,0,,78.1,61,76.9,0,
2025-07-05,04:10:00,cool,compressorCoolOff,hold,Sleep,78,78,77.4,61,65.3,0,0,0,0,0,,78,61,76.9,0,
2025-07-05,04:15:00,cool,compressorCoolOff,hold,Sleep,78,78,77.4,61,65.3,0,0,0,0,0,,78,61,76.9,0,
2025-07-05,04:20:00,cool,compressorCoolOff,hold,Sleep,78,78,77.4,61,65.3,0,0,0,0,0,,78,61,76.9,0,
2025-07-05,04:25:00,cool,compressorCoolOff,hold,Sleep,78,78,77.4,61,65.3,0,0,0,0,0,,78,61,76.9,0,
2025-07-05,04:30:00,cool,compressorCoolOff,hold,Sleep,78,78,77.4,61,65.3,0,0,0,0,0,,77.9,61,76.9,0,
2025-07-05,04:35:00,cool,compressorCoolOff,hold,Sleep,78,78,77.4,61,65.3,0,0,0,0,0,,77.9,61,76.9,0,
2025-07-05,04:40:00,cool,compressorCoolOff,hold,Sleep,78,78,77.4,61,65.3,0,0,0,0,0,,77.9,61,76.9,0,
2025-07-05,04:45:00,cool,compressorCoolOff,hold,Sleep,78,78,77.4,61,65.3,0,0,0,0,0,,77.9,61,76.9,0,
2025-07-05,04:50:00,cool,compressorCoolOff,hold,Sleep,78,78,77.3,61,65.3,0,0,0,0,0,,77.9,61,76.8,0,
2025-07-05,04:55:00,cool,compressorCoolOff,hold,Sleep,78,78,77.3,61,65.3,0,0,0,0,0,,77.9,61,76.7,0,
2025-07-05,05:00:00,cool,compressorCoolOff,hold,Sleep,78,78,77.3,61,65,0,0,0,0,0,,77.9,61,76.7,0,
2025-07-05,05:05:00,cool,compressorCoolOff,hold,Sleep,78,78,77.2,61,65,0,0,0,0,0,,77.8,61,76.7,0,
2025-07-05,05:10:00,cool,compressorCoolOff,hold,Sleep,78,78,77.2,61,65,0,0,0,0,0,,77.8,61,76.7,0,
2025-07-05,05:15:00,cool,compressorCoolOff,hold,Sleep,78,78,77.2,61,65,0,0,0,0,0,,77.8,61,76.7,0,
2025-07-05,05:20:00,cool,compressorCoolOff,hold,Sleep,78,78,77.2,61,65,0,0,0,0,0,,77.8,61,76.7,0,
2025-07-05,05:25:00,cool,compressorCoolOff,hold,Sleep,78,78,77.2,61,65,0,0,0,0,0,,77.8,61,76.7,0,
2025-07-05,05:30:00,cool,compressorCoolOff,hold,Sleep,78,78,77.2,61,64.2,0,0,0,0,0,,77.8,61,76.7,0,
2025-07-05,05:35:00,cool,compressorCoolOff,hold,Sleep,78,78,77.2,61,64.2,0,0,0,0,0,,77.8,61,76.7,0,
2025-07-05,05:40:00,cool,compressorCoolOff,hold,Sleep,78,78,77.2,61,64.2,0,0,0,0,0,,77.8,61,76.7,0,
2025-07-05,05:45:00,cool,compressorCoolOff,hold,Sleep,78,78,77.2,61,64.2,0,0,0,0,0,,77.7,61,76.7,0,
2025-07-05,05:50:00,cool,compressorCoolOff,hold,Sleep,78,78,77.2,61,64.2,0,0,0,0,0,,77.7,61,76.7,0,
2025-07-05,05:55:00,cool,compressorCoolOff,hold,Sleep,78,78,77.2,61,64.2,0,0,0,0,0,,77.7,61,76.7,0,
2025-07-05,06:00:00,cool,compressorCoolOff,hold,Sleep,78,78,77.2,61,64.3,0,0,0,0,0,,77.7,61,76.7,0,
2025-07-05,06:05:00,cool,compressorCoolOff,hold,Sleep,78,78,77.2,61,64.3,0,0,0,0,0,,77.7,61,76.7,0,
2025-07-05,06:10:00,cool,compressorCoolOff,hold,Sleep,78,78,77.2,61,64.3,0,0,0,0,0,,77.7,61,76.7,0,
2025-07-05,06:15:00,cool,compressorCoolOff,hold,Sleep,78,78,77.2,61,64.3,0,0,0,0,0,,77.7,61,76.7,0,
2025-07-05,06:20:00,cool,compressorCoolOff,hold,Sleep,78,78,77.1,61,64.3,0,0,0,0,0,,77.7,61,76.5,0,
2025-07-05,06:25:00,cool,compressorCoolOff,hold,Sleep,78,78,77.1,61,64.3,0,0,0,0,0,,77.7,61,76.5,0,
2025-07-05,06:30:00,cool,compressorCoolOff,hold,Sleep,78,78,77.1,61,65.4,0,0,0,0,0,,77.7,61,76.5,0,
2025-07-05,06:35:00,cool,compressorCoolOff,hold,Sleep,78,78,77.1,61,65.4,0,0,0,0,0,,77.7,61,76.5,0,
2025-07-05,06:40:00,cool,compressorCoolOff,hold,Sleep,78,78,77,61,65.4,0,0,0,0,0,,77.6,61,76.5,0,
2025-07-05,06:45:00,cool,compressorCoolOff,hold,Sleep,78,78,77,61,65.4,0,0,0,0,0,,77.6,61,76.5,0,
2025-07-05,06:50:00,cool,compressorCoolOff,hold,Sleep,78,78,77,61,65.4,0,0,0,0,0,,77.6,61,76.5,0,
2025-07-05,06:55:00,cool,compressorCoolOff,hold,Sleep,78,78,77,61,65.4,0,0,0,0,0,,77.6,61,76.5,0,
2025-07-05,07:00:00,cool,compressorCoolOff,hold,Sleep,78,78,77,61,66.7,0,0,0,0,0,,77.6,61,76.5,0,
2025-07-05,07:05:00,cool,compressorCoolOff,hold,Sleep,78,78,77,61,66.7,0,0,0,0,0,,77.6,61,76.5,0,
2025-07-05,07:10:00,cool,compressorCoolOff,hold,Sleep,78,78,77,62,66.7,0,0,0,0,0,,77.6,62,76.5,0,
2025-07-05,07:15:00,cool,compressorCoolOff,hold,Sleep,78,78,77,62,66.7,0,0,0,0,0,,77.6,62,76.5,0,
2025-07-05,07:20:00,cool,compressorCoolOff,hold,Sleep,78,78,77,62,66.7,0,0,0,0,0,,77.6,62,76.5,0,
2025-07-05,07:25:00,cool,compressorCoolOff,hold,Sleep,78,78,77,62,66.7,0,0,0,0,0,,77.5,62,76.5,0,
2025-07-05,07:30:00,cool,compressorCoolOff,hold,Sleep,78,78,77,62,66.7,0,0,0,0,0,,77.5,62,76.5,0,
2025-07-05,07:35:00,cool,compressorCoolOff,hold,Sleep,78,78,77,62,66.7,0,0,0,0,0,,77.5,62,76.5,0,
2025-07-05,07:40:00,cool,compressorCoolOff,hold,Sleep,78,78,77,62,66.7,0,0,0,0,0,,77.5,62,76.5,0,
2025-07-05,07:45:00,cool,compressorCoolOff,hold,Sleep,78,78,77,62,66.7,0,0,0,0,0,,77.5,62,76.5,0,
2025-07-05,07:50:00,cool,compressorCoolOff,hold,Sleep,78,78,77,62,66.7,0,0,0,0,0,,77.5,62,76.5,0,
2025-07-05,07:55:00,cool,compressorCoolOff,hold,Sleep,78,78,77,62,66.7,0,0,0,0,0,,77.5,62,76.5,0,
2025-07-05,08:00:00,cool,compressorCoolOff,hold,Home,78,78,77,62,71.2,0,0,0,0,0,,77.5,62,76.5,0,
2025-07-05,08:05:00,cool,compressorCoolOff,hold,Home,78,78,77,62,71.2,0,0,0,0,0,,77.5,62,76.5,0,
2025-07-05,08:10:00,cool,compressorCoolOff,hold,Home,78,78,77,62,71.2,0,0,0,0,0,,77.5,62,76.5,0,
2025-07-05,08:15:00,cool,compressorCoolOff,hold,Home,78,78,76.9,62,71.2,0,0,0,0,0,,77.4,62,76.5,0,
2025-07-05,08:20:00,cool,compressorCoolOff,hold,Home,78,78,76.9,62,71.2,0,0,0,0,0,,77.4,62,76.5,0,
2025-07-05,08:25:00,cool,compressorCoolOff,hold,Home,78,78,77,62,71.2,0,0,0,0,0,,77.5,62,76.5,0,
2025-07-05,08:30:00,cool,compressorCoolOff,hold,Home,78,78,77,62,71.2,0,0,0,0,0,,77.5,62,76.5,0,
2025-07-05,08:35:00,cool,compressorCoolOff,hold,Home,78,78,77,62,71.2,0,0,0,0,0,,77.5,62,76.5,0,
2025-07-05,08:40:00,cool,compressorCoolOff,hold,Home,78,78,77,62,71.2,0,0,0,0,0,,77.5,62,76.5,0,
2025-07-05,08:45:00,cool,compressorCoolOff,hold,Home,78,78,77,62,71.2,0,0,0,0,0,,77.5,62,76.5,0,
2025-07-05,08:50:00,cool,compressorCoolOff,hold,Home,78,78,76.9,62,71.2,0,0,0,0,0,,77.4,62,76.5,0,
2025-07-05,08:55:00,cool,compressorCoolOff,hold,Home,78,78,76.9,62,71.2,0,0,0,0,0,,77.4,62,76.5,0,
2025-07-05,09:00:00,cool,compressorCoolOff,hold,Home,78,78,76.9,62,74.9,0,0,0,0,0,,77.4,62,76.5,0,
2025-07-05,09:05:00,cool,compressorCoolOff,hold,Home,78,78,77,62,74.9,0,0,0,0,0,,77.4,62,76.7,0,
2025-07-05,09:10:00,cool,compressorCoolOff,hold,Home,78,78,77,62,74.9,0,0,0,0,0,,77.4,62,76.7,0,
2025-07-05,09:15:00,cool,compressorCoolOff,hold,Home,78,78,77,62,74.9,0,0,0,0,0,,77.4,62,76.7,0,
2025-07-05,09:20:00,cool,compressorCoolOff,hold,Home,78,78,77.1,62,74.9,0,0,0,0,0,,77.5,62,76.7,0,
2025-07-05,09:25:00,cool,compressorCoolOff,hold,Home,78,78,77.1,62,74.9,0,0,0,0,0,,77.5,62,76.7,0,
2025-07-05,09:30:00,cool,compressorCoolOff,hold,Home,78,78,77.1,62,76.7,0,0,0,0,0,,77.5,62,76.7,0,
2025-07-05,09:35:00,cool,compressorCoolOff,hold,Home,78,78,77.1,62,76.7,0,0,0,0,0,,77.5,62,76.7,0,
2025-07-05,09:40:00,cool,compressorCoolOff,hold,Home,78,78,77.1,62,76.7,0,0,0,0,0,,77.5,62,76.7,0,
2025-07-05,09:45:00,cool,compressorCoolOff,hold,Home,78,78,77.1,62,76.7,0,0,0,0,0,,77.5,62,76.7,0,
2025-07-05,09:50:00,cool,compressorCoolOff,hold,Home,78,78,77.1,62,76.7,0,0,0,0,0,,77.5,62,76.7,0,
2025-07-05,09:55:00,cool,compressorCoolOff,hold,Home,78,78,77.1,62,76.7,0,0,0,0,0,,77.5,62,76.7,0,
2025-07-05,10:00:00,cool,compressorCoolOff,hold,Home,78,78,77.1,62,78.3,0,0,0,0,0,,77.5,62,76.7,0,
2025-07-05,10:05:00,cool,compressorCoolOff,hold,Home,78,78,77.1,62,78.3,0,0,0,0,0,,77.5,62,76.7,0,
2025-07-05,10:10:00,cool,compressorCoolOff,hold,Home,78,78,77.1,62,78.3,0,0,0,0,0,,77.5,62,76.7,0,
2025-07-05,10:15:00,cool,compressorCoolOff,hold,Home,78,78,77.1,62,78.3,0,0,0,0,0,,77.5,62,76.7,0,
2025-07-05,10:20:00,cool,compressorCoolOff,hold,Home,78,78,77.1,62,78.3,0,0,0,0,0,,77.5,62,76.7,0,
2025-07-05,10:25:00,cool,compressorCoolOff,hold,Home,78,78,77.1,62,78.3,0,0,0,0,0,,77.5,62,76.8,0,
2025-07-05,10:30:00,cool,compressorCoolOff,hold,Home,78,78,77.2,62,79.7,0,0,0,0,0,,77.6,62,76.9,0,
2025-07-05,10:35:00,cool,compressorCoolOff,hold,Home,78,78,77.2,62,79.7,0,0,0,0,0,,77.6,62,76.9,0,
2025-07-05,10:40:00,cool,compressorCoolOff,hold,Home,78,78,77.2,62,79.7,0,0,0,0,0,,77.6,62,76.9,0,
2025-07-05,10:45:00,cool,compressorCoolOff,hold,Home,78,78,77.2,62,79.7,0,0,0,0,0,,77.6,62,76.9,0,
2025-07-05,10:50:00,cool,compressorCoolOff,hold,Home,78,78,77.4,62,79.7,0,0,0,0,0,,77.7,62,77.1,0,
2025-07-05,10:55:00,cool,compressorCoolOff,hold,Home,78,78,77.4,62,79.7,0,0,0,0,0,,77.7,62,77.1,0,
2025-07-05,11:00:00,cool,compressorCoolOff,hold,Home,78,78,77.4,62,81,0,0,0,0,0,,77.7,62,77.1,0,
2025-07-05,11:05:00,cool,compressorCoolOff,hold,Home,78,78,77.4,62,81,0,0,0,0,0,,77.7,62,77.1,0,
2025-07-05,11:10:00,cool,compressorCoolOff,hold,Home,78,78,77.4,62,81,0,0,0,0,0,,77.8,62,77.1,0,
2025-07-05,11:15:00,cool,compressorCoolOff,hold,Home,78,78,77.4,62,81,0,0,0,0,0,,77.8,62,77.1,0,
2025-07-05,11:20:00,cool,compressorCoolOff,hold,Home,78,78,77.4,62,81,0,0,0,0,0,,77.8,62,77.1,0,
2025-07-05,11:25:00,cool,compressorCoolOff,hold,Home,78,78,77.5,62,81,0,0,0,0,0,,77.9,62,77.1,0,
2025-07-05,11:30:00,cool,compressorCoolOff,hold,Home,78,78,77.5,62,81,0,0,0,0,0,,77.9,62,77.1,0,
2025-07-05,11:35:00,cool,compressorCoolOff,hold,Home,78,78,77.5,61,81,0,0,0,0,0,,77.9,61,77.1,0,
2025-07-05,11:40:00,cool,compressorCoolOff,hold,Home,78,78,77.5,61,81,0,0,0,0,0,,78,61,77.1,0,
2025-07-05,11:45:00,cool,compressorCoolOff,hold,Home,78,78,77.5,61,81,0,0,0,0,0,,78,61,77.1,0,
2025-07-05,11:50:00,cool,compressorCoolOff,hold,Home,78,78,77.6,61,81,0,0,0,0,0,,78,61,77.3,0,
2025-07-05,11:55:00,cool,compressorCoolOff,hold,Home,78,78,77.7,61,81,0,0,0,0,0,,78.1,61,77.3,0,
2025-07-05,12:00:00,cool,compressorCoolOff,hold,Home,78,78,77.7,61,83.6,0,0,0,0,0,,78.1,61,77.3,0,
2025-07-05,12:05:00,cool,compressorCoolOff,hold,Home,78,78,77.7,61,83.6,0,0,0,0,0,,78.1,61,77.3,0,
2025-07-05,12:10:00,cool,compressorCoolOff,hold,Home,78,78,77.7,60,83.6,0,0,0,0,0,,78.1,60,77.3,0,
2025-07-05,12:15:00,cool,compressorCoolOff,hold,Home,78,78,77.7,60,83.6,0,0,0,0,0,,78.1,60,77.3,0,
2025-07-05,12:20:00,cool,compressorCoolOff,hold,Home,78,78,77.7,60,83.6,0,0,0,0,0,,78.2,60,77.4,0,
2025-07-05,12:25:00,cool,compressorCoolOff,hold,Home,78,78,77.8,60,83.6,0,0,0,0,0,,78.2,60,77.5,0,
2025-07-05,12:30:00,cool,compressorCoolOff,hold,Home,78,78,77.9,60,83.6,0,0,0,0,0,,78.3,60,77.5,0,
2025-07-05,12:35:00,cool,compressorCoolOff,hold,Home,78,78,77.9,60,83.6,0,0,0,0,0,,78.3,60,77.5,0,
2025-07-05,12:40:00,cool,compressorCoolOff,hold,Home,78,78,77.9,60,83.6,0,0,0,0,0,,78.3,60,77.5,0,
2025-07-05,12:45:00,cool,compressorCoolOff,hold,Home,78,78,77.9,60,83.6,0,0,0,0,0,,78.3,60,77.5,0,
2025-07-05,12:50:00,cool,compressorCoolOff,hold,Home,78,78,77.9,60,83.6,0,0,0,0,0,,78.4,60,77.5,0,
2025-07-05,12:55:00,cool,compressorCoolOff,hold,Home,78,78,78,60,83.6,0,0,0,0,0,,78.5,60,77.5,0,
2025-07-05,13:00:00,cool,compressorCoolOff,hold,Home,78,78,78,60,85.1,0,0,0,0,0,,78.5,60,77.5,0,
2025-07-05,13:05:00,cool,compressorCoolOff,hold,Home,78,78,78,60,85.1,0,0,0,0,0,,78.5,60,77.5,0,
2025-07-05,13:10:00,cool,compressorCoolOff,hold,Home,78,78,78,60,85.1,0,0,0,0,0,,78.5,60,77.6,0,
2025-07-05,13:15:00,cool,compressorCoolOff,hold,Home,78,78,78,60,85.1,0,0,0,0,0,,78.5,60,77.6,0,
2025-07-05,13:20:00,cool,compressorCoolOff,hold,Home,78,78,78,60,85.1,0,0,0,0,0,,78.5,60,77.6,0,
2025-07-05,13:25:00,cool,compressorCoolOff,hold,Home,78,78,78,60,85.1,0,0,0,0,0,,78.5,60,77.6,0,
2025-07-05,13:30:00,cool,compressorCoolOff,hold,Home,78,78,78,61,85.1,0,0,0,0,0,,78.4,61,77.6,0,
2025-07-05,13:35:00,cool,compressorCoolOff,hold,Home,78,78,78.1,61,85.1,0,0,0,0,0,,78.5,61,77.8,0,
2025-07-05,13:40:00,cool,compressorCoolOff,hold,Home,78,78,78.1,61,85.1,0,0,0,0,0,,78.5,61,77.8,0,
2025-07-05,13:45:00,cool,compressorCoolOff,hold,Home,78,78,78.1,61,85.1,0,0,0,0,0,,78.5,61,77.8,0,
2025-07-05,13:50:00,cool,compressorCoolOff,hold,Home,78,78,78.1,61,85.1,0,0,0,0,0,,78.5,61,77.8,0,
2025-07-05,13:55:00,cool,compressorCoolOff,hold,Home,78,78,78.2,61,85.1,0,0,0,0,0,,78.6,61,77.8,0,
2025-07-05,14:00:00,cool,compressorCoolOff,hold,Home,78,78,78.2,61,86.1,0,0,0,0,0,,78.6,61,77.9,0,
2025-07-05,14:05:00,cool,compressorCoolOff,hold,Home,78,78,78.3,62,86.1,0,0,0,0,0,,78.7,62,78,0,
2025-07-05,14:10:00,cool,compressorCoolOff,hold,Home,78,78,78.3,62,86.1,0,75,0,0,75,,78.7,62,78,0,
2025-07-05,14:15:00,cool,compressorCoolStage1On,hold,Home,78,78,78.4,60,86.1,0,300,0,0,300,,78.7,60,78.1,0,
2025-07-05,14:20:00,cool,compressorCoolStage1On,hold,Home,78,78,78.2,58,86.1,0,285,0,0,300,,78.5,58,77.9,0,
2025-07-05,14:25:00,cool,compressorCoolOff,hold,Home,78,78,77.9,57,86.1,0,0,0,0,30,,78.4,57,77.6,0,
2025-07-05,14:30:00,cool,compressorCoolOff,hold,Home,78,78,77.8,57,86.1,0,0,0,0,0,,78.3,57,77.3,0,
2025-07-05,14:35:00,cool,compressorCoolOff,hold,Home,78,78,77.8,58,86.1,0,0,0,0,0,,78.4,58,77.3,0,
2025-07-05,14:40:00,cool,compressorCoolOff,hold,Home,78,78,77.9,58,86.1,0,0,0,0,0,,78.5,58,77.4,0,
2025-07-05,14:45:00,cool,compressorCoolOff,hold,Home,78,78,78,59,86.1,0,0,0,0,0,,78.5,59,77.5,0,
2025-07-05,14:50:00,cool,compressorCoolOff,hold,Home,78,78,78,59,86.1,0,0,0,0,0,,78.5,59,77.7,0,
2025-07-05,14:55:00,cool,compressorCoolOff,hold,Home,78,78,78.1,59,86.1,0,0,0,0,0,,78.5,59,77.8,0,
2025-07-05,15:00:00,cool,compressorCoolOff,hold,Home,78,78,78.2,59,86.8,0,0,0,0,0,,78.6,59,77.8,0,
2025-07-05,15:05:00,cool,compressorCoolOff,hold,Home,76.6,72.4,78.3,59,86.8,0,210,0,0,210,,78.7,59,78,0,
2025-07-05,15:10:00,cool,compressorCoolStage1On,,Home,76,70,78.3,58,86.8,0,300,0,0,300,,78.7,58,77.9,0,
2025-07-05,15:15:00,cool,compressorCoolStage1On,,Home,76,70,78.1,56,86.8,0,300,0,0,300,,78.4,56,77.7,0,
2025-07-05,15:20:00,cool,compressorCoolStage1On,,Home,76,70,77.8,55,86.8,0,300,0,0,300,,78.1,55,77.5,0,
2025-07-05,15:25:00,cool,compressorCoolStage1On,,Home,76,70,77.4,55,86.8,0,300,0,0,300,,77.7,55,77.1,0,
2025-07-05,15:30:00,cool,compressorCoolStage1On,,Home,76,70,77,54,86.7,0,300,0,0,300,,77.4,54,76.7,0,
2025-07-05,15:35:00,cool,compressorCoolStage1On,,Home,76,70,76.8,54,86.7,0,300,0,0,300,,77.2,54,76.4,0,
2025-07-05,15:40:00,cool,compressorCoolStage1On,,Home,76,70,76.5,53,86.7,0,300,0,0,300,,77,53,76.1,0,
2025-07-05,15:45:00,cool,compressorCoolStage1On,,Home,76,70,76.3,53,86.7,0,300,0,0,300,,76.9,53,75.7,0,
2025-07-05,15:50:00,cool,compressorCoolStage1On,,Home,76,70,76.1,53,86.7,0,300,0,0,300,,76.8,53,75.5,0,
2025-07-05,15:55:00,cool,compressorCoolStage1On,,Home,76,70,76,53,86.7,0,180,0,0,225,,76.7,53,75.2,0,
2025-07-05,16:00:00,cool,compressorCoolOff,,Home,76,70,75.9,53,86.8,0,0,0,0,0,,76.7,53,75.1,0,
2025-07-05,16:05:00,cool,compressorCoolOff,,Home,76,70,76,53,86.8,0,0,0,0,0,,76.9,53,75.2,0,
2025-07-05,16:10:00,cool,compressorCoolOff,,Home,76,70,76.4,54,86.8,0,195,0,0,195,,77.1,54,75.8,0,
2025-07-05,16:15:00,cool,compressorCoolStage1On,,Home,76,70,76.8,53,86.8,0,300,0,0,300,,77.2,53,76.4,0,
2025-07-05,16:20:00,cool,compressorCoolStage1On,,Home,76,70,76.5,52,86.8,0,300,0,0,300,,77,52,76,0,
2025-07-05,16:25:00,cool,compressorCoolStage1On,,Home,76,70,76.2,52,86.8,0,300,0,0,300,,76.7,52,75.8,0,
2025-07-05,16:30:00,cool,compressorCoolStage1On,,Home,76,70,75.9,51,86.5,0,105,0,0,150,,76.5,51,75.5,0,
2025-07-05,16:35:00,cool,compressorCoolOff,,Home,76,70,75.8,52,86.5,0,0,0,0,0,,76.5,52,75.2,0,
2025-07-05,16:40:00,cool,compressorCoolOff,,Home,76,70,76,53,86.5,0,0,0,0,0,,76.7,53,75.4,0,
2025-07-05,16:45:00,cool,compressorCoolOff,,Home,76,70,76.3,54,86.5,0,105,0,0,105,,77,54,75.8,0,
2025-07-05,16:50:00,cool,compressorCoolStage1On,,Home,76,70,76.7,54,86.5,0,300,0,0,300,,77.1,54,76.2,0,
2025-07-05,16:55:00,cool,compressorCoolStage1On,,Home,76,70,76.7,52,86.5,0,300,0,0,300,,77.1,52,76.3,0,
2025-07-05,17:00:00,cool,compressorCoolStage1On,,Home,76,70,76.3,51,86.3,0,300,0,0,300,,76.8,51,75.9,0,
2025-07-05,17:05:00,cool,compressorCoolStage1On,,Home,76,70,76.1,51,86.3,0,300,0,0,300,,76.6,51,75.6,0,
2025-07-05,17:10:00,cool,compressorCoolStage1On,,Home,76,70,75.8,51,86.3,0,15,0,0,60,,76.5,51,75.1,0,
2025-07-05,17:15:00,cool,compressorCoolOff,,Home,76,70,75.7,53,86.3,0,0,0,0,0,,76.6,53,74.9,0,
2025-07-05,17:20:00,cool,compressorCoolOff,,Home,76,70,76,54,86.3,0,0,0,0,0,,76.8,54,75.3,0,
2025-07-05,17:25:00,cool,compressorCoolOff,,Home,76,70,76.3,55,86.3,0,0,0,0,0,,77,55,75.6,0,
2025-07-05,17:30:00,cool,compressorCoolStage1On,,Home,76,70,76.6,54,86.3,0,300,0,0,300,,77.2,54,76,0,
2025-07-05,17:35:00,cool,compressorCoolStage1On,,Home,76,70,76.6,52,86.3,0,300,0,0,300,,77.1,52,76.2,0,
2025-07-05,17:40:00,cool,compressorCoolStage1On,,Home,76,70,76.4,51,86.3,0,300,0,0,300,,76.8,51,76,0,
2025-07-05,17:45:00,cool,compressorCoolStage1On,,Home,76,70,76.1,51,86.3,0,210,0,0,255,,76.5,51,75.7,0,
2025-07-05,17:50:00,cool,compressorCoolOff,,Home,76,70,75.9,51,86.3,0,0,0,0,0,,76.4,51,75.5,0,
2025-07-05,17:55:00,cool,compressorCoolOff,,Home,76,70,75.9,52,86.3,0,0,0,0,0,,76.5,52,75.4,0,
2025-07-05,18:00:00,cool,compressorCoolOff,,Home,76,70,76.2,54,84.8,0,0,0,0,0,,76.8,54,75.8,0,
2025-07-05,18:05:00,cool,compressorCoolOff,,Home,76,70,76.3,54,84.8,0,0,0,0,0,,76.9,54,75.8,0,
2025-07-05,18:10:00,cool,compressorCoolOff,,Home,76,70,76.7,53,84.8,0,255,0,0,255,,77.1,53,76.3,0,
2025-07-05,18:15:00,cool,compressorCoolStage1On,,Home,76,70,76.8,52,84.8,0,300,0,0,300,,77.1,52,76.4,0,
2025-07-05,18:20:00,cool,compressorCoolStage1On,,Home,76,70,76.5,51,84.8,0,300,0,0,300,,76.9,51,76.2,0,
2025-07-05,18:25:00,cool,compressorCoolStage1On,,Home,76,70,76.2,51,84.8,0,300,0,0,300,,76.7,51,75.8,0,
2025-07-05,18:30:00,cool,compressorCoolStage1On,,Home,76,70,75.9,51,84.8,0,60,0,0,105,,76.5,51,75.4,0,
2025-07-05,18:35:00,cool,compressorCoolOff,,Home,76,70,75.8,52,84.8,0,0,0,0,0,,76.6,52,75.1,0,
2025-07-05,18:40:00,cool,compressorCoolOff,,Home,76,70,76,53,84.8,0,0,0,0,0,,76.9,53,75.2,0,
2025-07-05,18:45:00,cool,compressorCoolOff,,Home,76,70,76.4,54,84.8,0,75,0,0,75,,77.1,54,75.8,0,
2025-07-05,18:50:00,cool,compressorCoolStage1On,,Home,76,70,76.8,53,84.8,0,300,0,0,300,,77.2,53,76.4,0,
2025-07-05,18:55:00,cool,compressorCoolStage1On,,Home,76,70,76.7,52,84.8,0,300,0,0,300,,77.1,52,76.4,0,
2025-07-05,19:00:00,cool,compressorCoolStage1On,,Home,76,70,76.4,51,84.8,0,300,0,0,300,,76.8,51,76,0,
2025-07-05,19:05:00,cool,compressorCoolStage1On,,Home,76,70,76.1,51,84.8,0,75,0,0,120,,76.7,51,75.5,0,
2025-07-05,19:10:00,cool,compressorCoolOff,,Home,76,70,75.9,51,84.8,0,0,0,0,0,,76.7,51,75.2,0,
2025-07-05,19:15:00,cool,compressorCoolOff,,Home,76,70,76.1,52,84.8,0,0,0,0,0,,76.9,52,75.4,0,
2025-07-05,19:20:00,cool,compressorCoolOff,,Home,76,70,76.4,52,84.8,0,150,0,0,150,,77.1,52,75.8,0,
2025-07-05,19:25:00,cool,compressorCoolStage1On,,Home,76,70,76.5,51,84.8,0,300,0,0,300,,77.1,51,76,0,
2025-07-05,19:30:00,cool,compressorCoolStage1On,,Home,76,70,76.3,51,84.8,0,300,0,0,300,,76.9,51,75.8,0,
2025-07-05,19:35:00,cool,compressorCoolStage1On,,Home,76,70,76,50,84.8,0,255,0,0,300,,76.6,50,75.5,0,
2025-07-05,19:40:00,cool,compressorCoolOff,,Home,76,70,75.8,50,84.8,0,0,0,0,0,,76.4,50,75.2,0,
2025-07-05,19:45:00,cool,compressorCoolOff,,Home,76,70,75.8,51,84.8,0,0,0,0,0,,76.5,51,75.2,0,
2025-07-05,19:50:00,cool,compressorCoolOff,,Home,76,70,76.1,52,84.8,0,0,0,0,0,,76.7,52,75.5,0,
2025-07-05,19:55:00,cool,compressorCoolOff,,Home,76,70,76.3,52,84.8,0,15,0,0,15,,76.8,52,75.9,0,
2025-07-05,20:00:00,cool,compressorCoolStage1On,,Home,76,70,76.5,52,79.7,0,300,0,0,300,,77,52,76.1,0,
2025-07-05,20:05:00,cool,compressorCoolStage1On,,Home,76,70,76.4,51,79.7,0,300,0,0,300,,76.8,51,76,0,
2025-07-05,20:10:00,cool,compressorCoolStage1On,,Home,76,70,76.1,50,79.7,0,165,0,0,210,,76.5,50,75.7,0,
2025-07-05,20:15:00,cool,compressorCoolOff,,Home,76,70,75.7,50,79.7,0,0,0,0,0,,76.3,50,75.3,0,
2025-07-05,20:20:00,cool,compressorCoolOff,,Home,76,70,75.8,51,79.7,0,0,0,0,0,,76.4,51,75.2,0,
2025-07-05,20:25:00,cool,compressorCoolOff,,Home,76,70,75.9,52,79.7,0,0,0,0,0,,76.5,52,75.4,0,
2025-07-05,20:30:00,cool,compressorCoolOff,,Home,76,70,76.1,52,79.7,0,0,0,0,0,,76.7,52,75.6,0,
2025-07-05,20:35:00,cool,compressorCoolOff,,Home,76,70,76.4,52,79.7,0,0,0,0,0,,76.8,52,76,0,
2025-07-05,20:40:00,cool,compressorCoolOff,,Home,76,70,76.4,52,79.7,0,270,0,0,270,,76.9,52,76.1,0,
2025-07-05,20:45:00,cool,compressorCoolStage1On,,Home,76,70,76.4,51,79.7,0,300,0,0,300,,76.8,51,76.2,0,
2025-07-05,20:50:00,cool,compressorCoolStage1On,,Home,76,70,76.1,51,79.7,0,90,0,0,135,,76.4,51,75.7,0,
2025-07-05,20:55:00,cool,compressorCoolOff,,Home,76,70,75.8,51,79.7,0,0,0,0,0,,76.3,51,75.4,0,
2025-07-05,21:00:00,cool,compressorCoolOff,,Home,76,70,75.9,52,76.7,0,0,0,0,0,,76.4,52,75.4,0,
2025-07-05,21:05:00,cool,compressorCoolOff,,Home,76,70,76,52,76.7,0,0,0,0,0,,76.5,52,75.4,0,
2025-07-05,21:10:00,cool,compressorCoolOff,,Home,76,70,76.1,52,76.7,0,0,0,0,0,,76.7,52,75.7,0,
2025-07-05,21:15:00,cool,compressorCoolOff,,Home,76,70,76.4,52,76.7,0,30,0,0,30,,76.8,52,76,0,
2025-07-05,21:20:00,cool,compressorCoolStage1On,,Home,76,70,76.5,52,76.7,0,300,0,0,300,,76.8,52,76.2,0,
2025-07-05,21:25:00,cool,compressorCoolStage1On,,Home,76,70,76.4,51,76.7,0,300,0,0,300,,76.6,51,76.2,0,
2025-07-05,21:30:00,cool,compressorCoolStage1On,,Home,76,70,75.9,51,75.7,0,30,0,0,75,,76.3,51,75.6,0,
2025-07-05,21:35:00,cool,compressorCoolOff,,Home,76,70,75.7,51,75.7,0,0,0,0,0,,76.2,51,75.3,0,
2025-07-05,21:40:00,cool,compressorCoolOff,,Home,76,70,75.8,52,75.7,0,0,0,0,0,,76.3,52,75.3,0,
2025-07-05,21:45:00,cool,compressorCoolOff,,Home,76,70,75.9,52,75.7,0,0,0,0,0,,76.4,52,75.5,0,
2025-07-05,21:50:00,cool,compressorCoolOff,,Home,76,70,76,52,75.7,0,0,0,0,0,,76.3,52,75.7,0,
2025-07-05,21:55:00,cool,compressorCoolOff,,Home,76,70,76,52,75.7,0,0,0,0,0,,76.3,52,75.8,0,
2025-07-05,22:00:00,cool,compressorCoolOff,,Home,76,70,76.1,52,74.8,0,0,0,0,0,,76.2,52,76,0,
2025-07-05,22:05:00,cool,compressorCoolOff,,Home,76,70,76.2,53,74.8,0,0,0,0,0,,76.3,53,76.2,0,
2025-07-05,22:10:00,cool,compressorCoolOff,,Home,76,70,76.4,54,74.8,0,105,0,0,105,,76.5,54,76.4,0,
2025-07-05,22:15:00,cool,compressorCoolStage1On,,Home,76,70,76.5,53,74.8,0,300,0,0,300,,76.6,53,76.4,0,
2025-07-05,22:20:00,cool,compressorCoolStage1On,,Home,76,70,76.2,51,74.8,0,300,0,0,300,,76.4,51,76.2,0,
2025-07-05,22:25:00,cool,compressorCoolStage1On,,Home,76,70,75.8,51,74.8,0,75,0,0,120,,76,51,75.7,0,
2025-07-05,22:30:00,cool,compressorCoolOff,,Home,76,70,75.5,51,73.9,0,0,0,0,0,,75.9,51,75.3,0,
2025-07-05,22:35:00,cool,compressorCoolOff,,Home,76,70,75.5,52,73.9,0,0,0,0,0,,75.9,52,75.2,0,
2025-07-05,22:40:00,cool,compressorCoolOff,,Home,76,70,75.6,52,73.9,0,0,0,0,0,,76,52,75.3,0,
2025-07-05,22:45:00,cool,compressorCoolOff,,Home,76,70,75.8,52,73.9,0,0,0,0,0,,76.2,52,75.4,0,
2025-07-05,22:50:00,cool,compressorCoolOff,,Home,76,70,75.9,53,73.9,0,0,0,0,0,,76.3,53,75.6,0,
2025-07-05,22:55:00,cool,compressorCoolOff,,Home,76,70,76,54,73.9,0,0,0,0,0,,76.4,54,75.6,0,
2025-07-05,23:00:00,cool,compressorCoolOff,,Home,76,70,76.1,54,73.1,0,0,0,0,0,,76.4,54,75.8,0,
2025-07-05,23:05:00,cool,compressorCoolOff,,Home,76,70,76.2,54,73.1,0,0,0,0,0,,76.5,54,76,0,
2025-07-05,23:10:00,cool,compressorCoolOff,,Home,76,70,76.2,54,73.1,0,0,0,0,0,,76.5,54,76,0,
2025-07-05,23:15:00,cool,compressorCoolOff,,Home,76,70,76.2,54,73.1,0,0,0,0,0,,76.5,54,76,0,
2025-07-05,23:20:00,cool,compressorCoolOff,,Home,76,70,76.3,55,73.1,0,0,0,0,0,,76.6,55,76.1,0,
2025-07-05,23:25:00,cool,compressorCoolOff,,Home,76,70,76.4,55,73.1,0,0,0,0,0,,76.6,55,76.2,0,
2025-07-05,23:30:00,cool,compressorCoolOff,,Home,76,70,76.4,55,73.1,0,135,0,0,135,,76.6,55,76.2,0,
2025-07-05,23:35:00,cool,compressorCoolStage1On,,Home,76,70,76.4,54,73.1,0,300,0,0,300,,76.5,54,76.4,0,
2025-07-05,23:40:00,cool,compressorCoolStage1On,,Home,76,70,76.2,52,73.1,0,210,0,0,255,,76.3,52,76.1,0,
2025-07-05,23:45:00,cool,compressorCoolOff,,Home,76,70,75.7,51,73.1,0,0,0,0,0,,76,51,75.5,0,
2025-07-05,23:50:00,cool,compressorCoolOff,,Home,76,70,75.6,53,73.1,0,0,0,0,0,,76,53,75.2,0,
2025-07-05,23:55:00,cool,compressorCoolOff,,Home,76.5,68,75.7,54,73.1,0,0,0,0,0,,76.1,54,75.4,0,
2025-07-06,00:00:00,cool,compressorCoolOff,,Sleep,78,62,75.8,54,71.7,0,0,0,0,0,,76.2,54,75.4,0,
2025-07-06,00:05:00,cool,compressorCoolOff,,Sleep,78,62,75.8,54,71.7,0,0,0,0,0,,76.2,54,75.5,0,
2025-07-06,00:10:00,cool,compressorCoolOff,,Sleep,78,62,75.9,54,71.7,0,0,0,0,0,,76.2,54,75.7,0,
2025-07-06,00:15:00,cool,compressorCoolOff,,Sleep,78,62,76,54,71.7,0,0,0,0,0,,76.3,54,75.8,0,
2025-07-06,00:20:00,cool,compressorCoolOff,,Sleep,78,62,76,54,71.7,0,0,0,0,0,,76.3,54,75.8,0,
2025-07-06,00:25:00,cool,compressorCoolOff,,Sleep,78,62,76.1,55,71.7,0,0,0,0,0,,76.4,55,75.8,0,
2025-07-06,00:30:00,cool,compressorCoolOff,,Sleep,78,62,76.2,55,71.7,0,0,0,0,0,,76.4,55,76,0,
2025-07-06,00:35:00,cool,compressorCoolOff,,Sleep,78,62,76.2,55,71.7,0,0,0,0,0,,76.4,55,76,0,
2025-07-06,00:40:00,cool,compressorCoolOff,,Sleep,78,62,76.2,55,71.7,0,0,0,0,0,,76.4,55,76,0,
2025-07-06,00:45:00,cool,compressorCoolOff,,Sleep,78,62,76.2,55,71.7,0,0,0,0,0,,76.4,55,76,0,
2025-07-06,00:50:00,cool,compressorCoolOff,,Sleep,78,62,76.2,55,71.7,0,0,0,0,0,,76.5,55,76,0,
2025-07-06,00:55:00,cool,compressorCoolOff,,Sleep,78,62,76.2,55,71.7,0,0,0,0,0,,76.5,55,76.1,0,
2025-07-06,01:00:00,cool,compressorCoolOff,,Sleep,78,62,76.3,55,69.7,0,0,0,0,0,,76.5,55,76.2,0,
2025-07-06,01:05:00,cool,compressorCoolOff,,Sleep,78,62,76.3,55,69.7,0,0,0,0,0,,76.5,55,76.2,0,
2025-07-06,01:10:00,cool,compressorCoolOff,,Sleep,78,62,76.3,56,69.7,0,0,0,0,0,,76.5,56,76.2,0,
2025-07-06,01:15:00,cool,compressorCoolOff,,Sleep,78,62,76.3,57,69.7,0,0,0,0,0,,76.5,57,76.2,0,
2025-07-06,01:20:00,cool,compressorCoolOff,,Sleep,78,62,76.3,57,69.7,0,0,0,0,0,,76.5,57,76.2,0,
2025-07-06,01:25:00,cool,compressorCoolOff,,Sleep,78,62,76.4,57,69.7,0,0,0,0,0,,76.5,57,76.4,0,
2025-07-06,01:30:00,cool,compressorCoolOff,,Sleep,78,62,76.4,57,69.7,0,0,0,0,0,,76.5,57,76.4,0,
2025-07-06,01:35:00,cool,compressorCoolOff,,Sleep,78,62,76.4,57,69.7,0,0,0,0,0,,76.5,57,76.4,0,
2025-07-06,01:40:00,cool,compressorCoolOff,,Sleep,78,62,76.4,57,69.7,0,0,0,0,0,,76.5,57,76.4,0,
2025-07-06,01:45:00,cool,compressorCoolOff,,Sleep,78,62,76.5,57,69.7,0,0,0,0,0,,76.6,57,76.4,0,
2025-07-06,01:50:00,cool,compressorCoolOff,,Sleep,78,62,76.5,57,69.7,0,0,0,0,0,,76.6,57,76.4,0,
2025-07-06,01:55:00,cool,compressorCoolOff,,Sleep,78,62,76.5,57,69.7,0,0,0,0,0,,76.6,57,76.4,0,
2025-07-06,02:00:00,cool,compressorCoolOff,,Sleep,78,62,76.5,57,68.6,0,0,0,0,0,,76.6,57,76.4,0,
2025-07-06,02:05:00,cool,compressorCoolOff,,Sleep,78,62,76.5,57,68.6,0,0,0,0,0,,76.6,57,76.4,0,
2025-07-06,02:10:00,cool,compressorCoolOff,,Sleep,78,62,76.5,57,68.6,0,0,0,0,0,,76.6,57,76.4,0,
2025-07-06,02:15:00,cool,compressorCoolOff,,Sleep,78,62,76.5,57,68.6,0,0,0,0,0,,76.6,57,76.4,0,
2025-07-06,02:20:00,cool,compressorCoolOff,,Sleep,78,62,76.5,57,68.6,0,0,0,0,0,,76.6,57,76.4,0,
2025-07-06,02:25:00,cool,compressorCoolOff,,Sleep,78,62,76.5,57,68.6,0,0,0,0,0,,76.6,57,76.4,0,
2025-07-06,02:30:00,cool,compressorCoolOff,,Sleep,78,62,76.5,58,68.7,0,0,0,0,0,,76.6,58,76.4,0,
2025-07-06,02:35:00,cool,compressorCoolOff,,Sleep,78,62,76.5,58,68.7,0,0,0,0,0,,76.6,58,76.4,0,
2025-07-06,02:40:00,cool,compressorCoolOff,,Sleep,78,62,76.5,58,68.7,0,0,0,0,0,,76.6,58,76.4,0,
2025-07-06,02:45:00,cool,compressorCoolOff,,Sleep,78,62,76.5,58,68.7,0,0,0,0,0,,76.6,58,76.4,0,
2025-07-06,02:50:00,cool,compressorCoolOff,,Sleep,78,62,76.4,58,68.7,0,0,0,0,0,,76.6,58,76.2,0,
2025-07-06,02:55:00,cool,compressorCoolOff,,Sleep,78,62,76.4,58,68.7,0,0,0,0,0,,76.6,58,76.2,0,
2025-07-06,03:00:00,cool,compressorCoolOff,,Sleep,78,62,76.4,58,68.3,0,0,0,0,0,,76.6,58,76.2,0,
2025-07-06,03:05:00,cool,compressorCoolOff,,Sleep,78,62,76.4,58,68.3,0,0,0,0,0,,76.6,58,76.2,0,
2025-07-06,03:10:00,cool,compressorCoolOff,,Sleep,78,62,76.4,58,68.3,0,0,0,0,0,,76.6,58,76.2,0,
2025-07-06,03:15:00,cool,compressorCoolOff,,Sleep,78,62,76.4,58,68.3,0,0,0,0,0,,76.6,58,76.2,0,
2025-07-06,03:20:00,cool,compressorCoolOff,,Sleep,78,62,76.4,58,68.3,0,0,0,0,0,,76.6,58,76.2,0,
2025-07-06,03:25:00,cool,compressorCoolOff,,Sleep,78,62,76.2,58,68.3,0,0,0,0,0,,76.5,58,76,0,
2025-07-06,03:30:00,cool,compressorCoolOff,,Sleep,78,62,76.2,58,68.3,0,0,0,0,0,,76.5,58,76,0,
2025-07-06,03:35:00,cool,compressorCoolOff,,Sleep,78,62,76.2,58,68.3,0,0,0,0,0,,76.5,58,76,0,
2025-07-06,03:40:00,cool,compressorCoolOff,,Sleep,78,62,76.2,58,68.3,0,0,0,0,0,,76.5,58,76,0,
2025-07-06,03:45:00,cool,compressorCoolOff,,Sleep,78,62,76.2,58,68.3,0,0,0,0,0,,76.5,58,76,0,
2025-07-06,03:50:00,cool,compressorCoolOff,,Sleep,78,62,76.2,58,68.3,0,0,0,0,0,,76.5,58,76,0,
2025-07-06,03:55:00,cool,compressorCoolOff,,Sleep,78,62,76.2,58,68.3,0,0,0,0,0,,76.5,58,76,0,
2025-07-06,04:00:00,cool,compressorCoolOff,,Sleep,78,62,76.2,58,67,0,0,0,0,0,,76.5,58,76,0,
2025-07-06,04:05:00,cool,compressorCoolOff,,Sleep,78,62,76.2,58,67,0,0,0,0,0,,76.5,58,76,0,
2025-07-06,04:10:00,cool,compressorCoolOff,,Sleep,78,62,76.2,58,67,0,0,0,0,0,,76.5,58,76,0,
2025-07-06,04:15:00,cool,compressorCoolOff,,Sleep,78,62,76.2,58,67,0,0,0,0,0,,76.5,58,76,0,
2025-07-06,04:20:00,cool,compressorCoolOff,,Sleep,78,62,76.2,58,67,0,0,0,0,0,,76.5,58,76,0,
2025-07-06,04:25:00,cool,compressorCoolOff,,Sleep,78,62,76.2,58,67,0,0,0,0,0,,76.5,58,76,0,
2025-07-06,04:30:00,cool,compressorCoolOff,,Sleep,78,62,76.2,58,67,0,0,0,0,0,,76.5,58,76,0,
2025-07-06,04:35:00,cool,compressorCoolOff,,Sleep,78,62,76.2,58,67,0,0,0,0,0,,76.5,58,76,0,
2025-07-06,04:40:00,cool,compressorCoolOff,,Sleep,78,62,76.2,58,67,0,0,0,0,0,,76.5,58,76,0,
2025-07-06,04:45:00,cool,compressorCoolOff,,Sleep,78,62,76.1,58,67,0,0,0,0,0,,76.5,58,75.9,0,
2025-07-06,04:50:00,cool,compressorCoolOff,,Sleep,78,62,76.1,58,67,0,0,0,0,0,,76.5,58,75.8,0,
2025-07-06,04:55:00,cool,compressorCoolOff,,Sleep,78,62,76.1,58,67,0,0,0,0,0,,76.5,58,75.8,0,
2025-07-06,05:00:00,cool,compressorCoolOff,,Sleep,78,62,76.1,58,66.2,0,0,0,0,0,,76.5,58,75.8,0,
2025-07-06,05:05:00,cool,compressorCoolOff,,Sleep,78,62,76.1,58,66.2,0,0,0,0,0,,76.5,58,75.8,0,
2025-07-06,05:10:00,cool,compressorCoolOff,,Sleep,78,62,76.1,58,66.2,0,0,0,0,0,,76.5,58,75.8,0,
2025-07-06,05:15:00,cool,compressorCoolOff,,Sleep,78,62,76.1,58,66.2,0,0,0,0,0,,76.5,58,75.8,0,
2025-07-06,05:20:00,cool,compressorCoolOff,,Sleep,78,62,76,58,66.2,0,0,0,0,0,,76.4,58,75.6,0,
2025-07-06,05:25:00,cool,compressorCoolOff,,Sleep,78,62,76,59,66.2,0,0,0,0,0,,76.4,59,75.6,0,
2025-07-06,05:30:00,cool,compressorCoolOff,,Sleep,78,62,76,59,66.2,0,0,0,0,0,,76.4,59,75.6,0,
2025-07-06,05:35:00,cool,compressorCoolOff,,Sleep,78,62,76,59,66.2,0,0,0,0,0,,76.4,59,75.6,0,
2025-07-06,05:40:00,cool,compressorCoolOff,,Sleep,78,62,76,59,66.2,0,0,0,0,0,,76.4,59,75.6,0,
2025-07-06,05:45:00,cool,compressorCoolOff,,Sleep,78,62,76,59,66.2,0,0,0,0,0,,76.4,59,75.6,0,
2025-07-06,05:50:00,cool,compressorCoolOff,,Sleep,78,62,76,59,66.2,0,0,0,0,0,,76.4,59,75.6,0,
2025-07-06,05:55:00,cool,compressorCoolOff,,Sleep,78,62,76,59,66.2,0,0,0,0,0,,76.4,59,75.6,0,
2025-07-06,06:00:00,cool,compressorCoolOff,,Sleep,78,62,76,59,65.8,0,0,0,0,0,,76.4,59,75.6,0,
2025-07-06,06:05:00,cool,compressorCoolOff,,Sleep,78,62,76,58,65.8,0,0,0,0,0,,76.4,58,75.6,0,
2025-07-06,06:10:00,cool,compressorCoolOff,,Sleep,78,62,75.9,58,65.8,0,0,0,0,0,,76.4,58,75.4,0,
2025-07-06,06:15:00,cool,compressorCoolOff,,Sleep,78,62,75.8,58,65.8,0,0,0,0,0,,76.3,58,75.4,0,
2025-07-06,06:20:00,cool,compressorCoolOff,,Sleep,78,62,75.8,58,65.8,0,0,0,0,0,,76.3,58,75.4,0,
2025-07-06,06:25:00,cool,compressorCoolOff,,Sleep,78,62,75.8,59,65.8,0,0,0,0,0,,76.3,59,75.4,0,
2025-07-06,06:30:00,cool,compressorCoolOff,,Sleep,78,62,75.8,59,65.8,0,0,0,0,0,,76.3,59,75.4,0,
2025-07-06,06:35:00,cool,compressorCoolOff,,Sleep,78,62,75.8,59,65.8,0,0,0,0,0,,76.3,59,75.4,0,
2025-07-06,06:40:00,cool,compressorCoolOff,,Sleep,78,62,75.8,59,65.8,0,0,0,0,0,,76.3,59,75.4,0,
2025-07-06,06:45:00,cool,compressorCoolOff,,Sleep,78,62,75.8,59,65.8,0,0,0,0,0,,76.3,59,75.4,0,
2025-07-06,06:50:00,cool,compressorCoolOff,,Sleep,78,62,75.8,59,65.8,0,0,0,0,0,,76.3,59,75.4,0,
2025-07-06,06:55:00,cool,compressorCoolOff,,Sleep,78,62,75.8,59,65.8,0,0,0,0,0,,76.3,59,75.4,0,
2025-07-06,07:00:00,cool,compressorCoolOff,,Sleep,78,62,75.8,59,67.9,0,0,0,0,0,,76.3,59,75.4,0,
2025-07-06,07:05:00,cool,compressorCoolOff,,Sleep,78,62,75.8,59,67.9,0,0,0,0,0,,76.3,59,75.4,0,
2025-07-06,07:10:00,cool,compressorCoolOff,,Sleep,78,62,75.8,59,67.9,0,0,0,0,0,,76.3,59,75.4,0,
2025-07-06,07:15:00,cool,compressorCoolOff,,Sleep,78,62,75.8,59,67.9,0,0,0,0,0,,76.2,59,75.4,0,
2025-07-06,07:20:00,cool,compressorCoolOff,,Sleep,78,62,75.8,59,67.9,0,0,0,0,0,,76.2,59,75.4,0,
2025-07-06,07:25:00,cool,compressorCoolOff,,Sleep,78,62,75.8,59,67.9,0,0,0,0,0,,76.2,59,75.4,0,
2025-07-06,07:30:00,cool,compressorCoolOff,,Sleep,78,62,75.8,59,67.9,0,0,0,0,0,,76.2,59,75.4,0,
2025-07-06,07:35:00,cool,compressorCoolOff,,Sleep,78,62,75.8,59,67.9,0,0,0,0,0,,76.2,59,75.4,0,
2025-07-06,07:40:00,cool,compressorCoolOff,,Sleep,78,62,75.8,59,67.9,0,0,0,0,0,,76.2,59,75.4,0,
2025-07-06,07:45:00,cool,compressorCoolOff,,Sleep,78,62,75.8,59,67.9,0,0,0,0,0,,76.2,59,75.4,0,
2025-07-06,07:50:00,cool,compressorCoolOff,,Sleep,78,62,75.8,59,67.9,0,0,0,0,0,,76.2,59,75.4,0,
2025-07-06,07:55:00,cool,compressorCoolOff,,Sleep,77.5,64,75.8,59,67.9,0,0,0,0,0,,76.2,59,75.4,0,
2025-07-06,08:00:00,cool,compressorCoolOff,,Home,76,70,75.8,59,71.5,0,0,0,0,0,,76.2,59,75.4,0,
2025-07-06,08:05:00,cool,compressorCoolOff,,Home,76,70,75.8,59,71.5,0,0,0,0,0,,76.3,59,75.4,0,
2025-07-06,08:10:00,cool,compressorCoolOff,,Home,76,70,75.8,59,71.5,0,0,0,0,0,,76.3,59,75.4,0,
2025-07-06,08:15:00,cool,compressorCoolOff,,Home,76,70,75.9,59,71.5,0,0,0,0,0,,76.3,59,75.6,0,
2025-07-06,08:20:00,cool,compressorCoolOff,,Home,76,70,75.9,59,71.5,0,0,0,0,0,,76.3,59,75.6,0,
2025-07-06,08:25:00,cool,compressorCoolOff,,Home,76,70,75.9,59,71.5,0,0,0,0,0,,76.3,59,75.6,0,
2025-07-06,08:30:00,cool,compressorCoolOff,,Home,76,70,75.9,59,73.8,0,0,0,0,0,,76.3,59,75.6,0,
2025-07-06,08:35:00,cool,compressorCoolOff,,Home,76,70,75.9,59,73.8,0,0,0,0,0,,76.3,59,75.6,0,
2025-07-06,08:40:00,cool,compressorCoolOff,,Home,76,70,75.9,59,73.8,0,0,0,0,0,,76.3,59,75.6,0,
2025-07-06,08:45:00,cool,compressorCoolOff,,Home,76,70,76,59,73.8,0,0,0,0,0,,76.3,59,75.9,0,
2025-07-06,08:50:00,cool,compressorCoolOff,,Home,76,70,76.1,59,73.8,0,0,0,0,0,,76.3,59,76,0,
2025-07-06,08:55:00,cool,compressorCoolOff,,Home,76,70,76.2,59,73.8,0,0,0,0,0,,76.3,59,76.1,0,
2025-07-06,09:00:00,cool,compressorCoolOff,,Home,76,70,76.2,59,75.6,0,0,0,0,0,,76.3,59,76.3,0,
2025-07-06,09:05:00,cool,compressorCoolOff,,Home,76,70,76.4,59,75.6,0,0,0,0,0,,76.4,59,76.4,0,
2025-07-06,09:10:00,cool,compressorCoolOff,,Home,76,70,76.4,59,75.6,0,0,0,0,0,,76.4,59,76.4,0,
2025-07-06,09:15:00,cool,compressorCoolOff,,Home,76,70,76.3,60,75.6,0,0,0,0,0,,76.4,60,76.3,0,
2025-07-06,09:20:00,cool,compressorCoolOff,,Home,76,70,76.3,61,75.6,0,0,0,0,0,,76.4,61,76.2,0,
2025-07-06,09:25:00,cool,compressorCoolOff,,Home,76,70,76.3,61,75.6,0,0,0,0,0,,76.4,61,76.2,0,
2025-07-06,09:30:00,cool,compressorCoolOff,,Home,76,70,76.3,61,75.6,0,0,0,0,0,,76.4,61,76.2,0,
2025-07-06,09:35:00,cool,compressorCoolOff,,Home,76,70,76.3,61,75.6,0,0,0,0,0,,76.4,61,76.2,0,
2025-07-06,09:40:00,cool,compressorCoolOff,,Home,76,70,76.3,61,75.6,0,0,0,0,0,,76.4,61,76.2,0,
2025-07-06,09:45:00,cool,compressorCoolOff,,Home,76,70,76.3,60,75.6,0,0,0,0,0,,76.5,60,76.2,0,
2025-07-06,09:50:00,cool,compressorCoolOff,,Home,76,70,76.3,60,75.6,0,0,0,0,0,,76.5,60,76.2,0,
2025-07-06,09:55:00,cool,compressorCoolOff,,Home,76,70,76.3,60,75.6,0,0,0,0,0,,76.5,60,76.2,0,
2025-07-06,10:00:00,cool,compressorCoolOff,,Home,76,70,76.2,60,79.1,0,0,0,0,0,,76.5,60,76.1,0,
2025-07-06,10:05:00,cool,compressorCoolOff,,Home,76,70,76.2,60,79.1,0,0,0,0,0,,76.5,60,76,0,
2025-07-06,10:10:00,cool,compressorCoolOff,,Home,76,70,76.2,59,79.1,0,0,0,0,0,,76.5,59,76,0,
2025-07-06,10:15:00,cool,compressorCoolOff,,Home,76,70,76.3,59,79.1,0,0,0,0,0,,76.6,59,76,0,
2025-07-06,10:20:00,cool,compressorCoolOff,,Home,76,70,76.3,59,79.1,0,0,0,0,0,,76.6,59,76,0,
2025-07-06,10:25:00,cool,compressorCoolOff,,Home,76,70,76.3,59,79.1,0,0,0,0,0,,76.6,59,76,0,
2025-07-06,10:30:00,cool,compressorCoolOff,,Home,76,70,76.3,59,79.1,0,0,0,0,0,,76.7,59,76,0,
2025-07-06,10:35:00,cool,compressorCoolOff,,Home,76,70,76.3,59,79.1,0,0,0,0,0,,76.7,59,76,0,
2025-07-06,10:40:00,cool,compressorCoolOff,,Home,76,70,76.3,59,79.1,0,0,0,0,0,,76.7,59,76,0,
2025-07-06,10:45:00,cool,compressorCoolOff,,Home,76,70,76.4,59,79.1,0,0,0,0,0,,76.8,59,76,0,
2025-07-06,10:50:00,cool,compressorCoolOff,,Home,76,70,76.4,59,79.1,0,120,0,0,120,,76.8,59,76,0,
2025-07-06,10:55:00,cool,compressorCoolStage1On,,Home,76,70,76.4,58,79.1,0,300,0,0,300,,76.7,58,76.1,0,
2025-07-06,11:00:00,cool,compressorCoolStage1On,,Home,76,70,76.2,56,82.3,0,255,0,0,300,,76.5,56,75.9,0,
2025-07-06,11:05:00,cool,compressorCoolOff,,Home,76,70,75.9,55,82.3,0,0,0,0,0,,76.3,55,75.6,0,
2025-07-06,11:10:00,cool,compressorCoolOff,,Home,76,70,75.9,56,82.3,0,0,0,0,0,,76.3,56,75.6,0,
2025-07-06,11:15:00,cool,compressorCoolOff,,Home,76,70,75.9,57,82.3,0,0,0,0,0,,76.4,57,75.4,0,
2025-07-06,11:20:00,cool,compressorCoolOff,,Home,76,70,76.1,58,82.3,0,0,0,0,0,,76.5,58,75.7,0,
2025-07-06,11:25:00,cool,compressorCoolOff,,Home,76,70,76.3,58,82.3,0,0,0,0,0,,76.6,58,76,0,
2025-07-06,11:30:00,cool,compressorCoolOff,,Home,76,70,76.4,58,82.3,0,180,0,0,180,,76.6,58,76.3,0,
2025-07-06,11:35:00,cool,compressorCoolStage1On,,Home,76,70,76.4,56,82.3,0,300,0,0,300,,76.5,56,76.4,0,
2025-07-06,11:40:00,cool,compressorCoolStage1On,,Home,76,70,76.2,55,82.3,0,300,0,0,300,,76.2,55,76.2,0,
2025-07-06,11:45:00,cool,compressorCoolStage1On,,Home,76,70,75.9,54,82.3,0,15,0,0,60,,76,54,75.8,0,
2025-07-06,11:50:00,cool,compressorCoolOff,,Home,76,70,75.7,56,82.3,0,0,0,0,0,,76.1,56,75.4,0,
2025-07-06,11:55:00,cool,compressorCoolOff,,Home,76,70,75.9,57,82.3,0,0,0,0,0,,76.2,57,75.6,0,
2025-07-06,12:00:00,cool,compressorCoolOff,,Home,76,70,76.1,57,84.2,0,0,0,0,0,,76.4,57,75.8,0,
2025-07-06,12:05:00,cool,compressorCoolOff,,Home,76,70,76.1,57,84.2,0,0,0,0,0,,76.5,57,75.9,0,
2025-07-06,12:10:00,cool,compressorCoolOff,,Home,76,70,76.3,56,84.2,0,0,0,0,0,,76.6,56,76.1,0,
2025-07-06,12:15:00,cool,compressorCoolOff,,Home,76,70,76.4,56,84.2,0,210,0,0,210,,76.6,56,76.3,0,
2025-07-06,12:20:00,cool,compressorCoolStage1On,,Home,76,70,76.5,55,84.2,0,300,0,0,300,,76.6,55,76.4,0,
2025-07-06,12:25:00,cool,compressorCoolStage1On,,Home,76,70,76.2,54,84.2,0,300,0,0,300,,76.4,54,76.2,0,
2025-07-06,12:30:00,cool,compressorCoolStage1On,,Home,76,70,75.9,53,84.7,0,135,0,0,180,,76.1,53,75.8,0,
2025-07-06,12:35:00,cool,compressorCoolOff,,Home,76,70,75.7,53,84.7,0,0,0,0,0,,76,53,75.5,0,
2025-07-06,12:40:00,cool,compressorCoolOff,,Home,76,70,75.7,55,84.7,0,0,0,0,0,,76.1,55,75.4,0,
2025-07-06,12:45:00,cool,compressorCoolOff,,Home,76,70,76,56,84.7,0,0,0,0,0,,76.3,56,75.8,0,
2025-07-06,12:50:00,cool,compressorCoolOff,,Home,76,70,76.2,57,84.7,0,0,0,0,0,,76.4,57,76,0,
2025-07-06,12:55:00,cool,compressorCoolOff,,Home,76,70,76.4,56,84.7,0,75,0,0,75,,76.5,56,76.3,0,
2025-07-06,13:00:00,cool,compressorCoolStage1On,,Home,76,70,76.5,55,85.7,0,300,0,0,300,,76.6,55,76.4,0,
2025-07-06,13:05:00,cool,compressorCoolStage1On,,Home,76,70,76.3,54,85.7,0,300,0,0,300,,76.4,54,76.4,0,
2025-07-06,13:10:00,cool,compressorCoolStage1On,,Home,76,70,76,53,85.7,0,135,0,0,180,,76.1,53,76,0,
2025-07-06,13:15:00,cool,compressorCoolOff,,Home,76,70,75.8,53,85.7,0,0,0,0,0,,76,53,75.7,0,
2025-07-06,13:20:00,cool,compressorCoolOff,,Home,76,70,75.8,54,85.7,0,0,0,0,0,,76.1,54,75.6,0,
2025-07-06,13:25:00,cool,compressorCoolOff,,Home,76,70,75.9,55,85.7,0,0,0,0,0,,76.2,55,75.7,0,
2025-07-06,13:30:00,cool,compressorCoolOff,,Home,76,70,76.1,55,85.7,0,0,0,0,0,,76.4,55,76,0,
2025-07-06,13:35:00,cool,compressorCoolOff,,Home,76,70,76.2,55,85.7,0,0,0,0,0,,76.5,55,76,0,
2025-07-06,13:40:00,cool,compressorCoolOff,,Home,76,70,76.4,55,85.7,0,0,0,0,0,,76.6,55,76.2,0,
2025-07-06,13:45:00,cool,compressorCoolOff,,Home,76,70,76.4,55,85.7,0,285,0,0,285,,76.7,55,76.3,0,
2025-07-06,13:50:00,cool,compressorCoolStage1On,,Home,76,70,76.3,54,85.7,0,300,0,0,300,,76.5,54,76.2,0,
2025-07-06,13:55:00,cool,compressorCoolStage1On,,Home,76,70,76,53,85.7,0,90,0,0,135,,76.2,53,75.9,0,
2025-07-06,14:00:00,cool,compressorCoolOff,,Home,76,70,75.7,53,86.5,0,0,0,0,0,,76.1,53,75.5,0,
2025-07-06,14:05:00,cool,compressorCoolOff,,Home,76,70,75.8,54,86.5,0,0,0,0,0,,76.2,54,75.4,0,
2025-07-06,14:10:00,cool,compressorCoolOff,,Home,76,70,75.8,55,86.5,0,0,0,0,0,,76.3,55,75.4,0,
2025-07-06,14:15:00,cool,compressorCoolOff,,Home,76,70,75.9,55,86.5,0,0,0,0,0,,76.3,55,75.7,0,
2025-07-06,14:20:00,cool,compressorCoolOff,,Home,76,70,76.2,55,86.5,0,0,0,0,0,,76.4,55,76,0,
2025-07-06,14:25:00,cool,compressorCoolOff,,Home,76,70,76.3,55,86.5,0,0,0,0,0,,76.5,55,76.2,0,
2025-07-06,14:30:00,cool,compressorCoolStage1On,,Home,76,70,76.5,55,86.5,0,300,0,0,300,,76.6,55,76.4,0,
2025-07-06,14:35:00,cool,compressorCoolStage1On,,Home,76,70,76.3,54,86.5,0,300,0,0,300,,76.5,54,76.2,0,
2025-07-06,14:40:00,cool,compressorCoolStage1On,,Home,76,70,76.1,52,86.5,0,195,0,0,240,,76.3,52,75.8,0,
2025-07-06,14:45:00,cool,compressorCoolOff,,Home,76,70,75.7,52,86.5,0,0,0,0,0,,76.2,52,75.3,0,
2025-07-06,14:50:00,cool,compressorCoolOff,,Home,76,70,75.7,54,86.5,0,0,0,0,0,,76.3,54,75.3,0,
2025-07-06,14:55:00,cool,compressorCoolOff,,Home,76,70,75.9,54,86.5,0,0,0,0,0,,76.4,54,75.5,0,
2025-07-06,15:00:00,cool,compressorCoolOff,,Home,76,70,76.1,54,86.3,0,0,0,0,0,,76.6,54,75.7,0,
2025-07-06,15:05:00,cool,compressorCoolOff,,Home,76,70,76.3,55,86.3,0,0,0,0,0,,76.7,55,76,0,
2025-07-06,15:10:00,cool,compressorCoolOff,,Home,76,70,76.4,55,86.3,0,60,0,0,60,,76.7,55,76.2,0,
2025-07-06,15:15:00,cool,compressorCoolStage1On,,Home,76,70,76.5,55,86.3,0,300,0,0,300,,76.7,55,76.4,0,
2025-07-06,15:20:00,cool,compressorCoolStage1On,,Home,76,70,76.4,53,86.3,0,300,0,0,300,,76.5,53,76.4,0,
2025-07-06,15:25:00,cool,compressorCoolStage1On,,Home,76,70,76,52,86.3,0,75,0,0,120,,76.2,52,75.8,0,
2025-07-06,15:30:00,cool,compressorCoolOff,,Home,76,70,75.8,53,86.3,0,0,0,0,0,,76.2,53,75.4,0,
2025-07-06,15:35:00,cool,compressorCoolOff,,Home,76,70,75.9,54,86.3,0,0,0,0,0,,76.3,54,75.5,0,
2025-07-06,15:40:00,cool,compressorCoolOff,,Home,76,70,76.1,54,86.3,0,0,0,0,0,,76.5,54,75.7,0,
2025-07-06,15:45:00,cool,compressorCoolOff,,Home,76,70,76.2,54,86.3,0,0,0,0,0,,76.6,54,75.9,0,
2025-07-06,15:50:00,cool,compressorCoolOff,,Home,76,70,76.4,55,86.3,0,135,0,0,135,,76.7,55,76,0,
2025-07-06,15:55:00,cool,compressorCoolStage1On,,Home,76,70,76.5,54,86.3,0,300,0,0,300,,76.8,54,76.2,0,
2025-07-06,16:00:00,cool,compressorCoolStage1On,,Home,76,70,76.3,52,87.3,0,300,0,0,300,,76.6,52,76.1,0,
2025-07-06,16:05:00,cool,compressorCoolStage1On,,Home,76,70,75.9,52,87.3,0,75,0,0,120,,76.2,52,75.7,0,
2025-07-06,16:10:00,cool,compressorCoolOff,,Home,76,70,75.6,52,87.3,0,0,0,0,0,,76,52,75.2,0,
2025-07-06,16:15:00,cool,compressorCoolOff,,Home,76,70,75.6,53,87.3,0,0,0,0,0,,76.1,53,75.2,0,
2025-07-06,16:20:00,cool,compressorCoolOff,,Home,76,70,75.9,54,87.3,0,0,0,0,0,,76.3,54,75.5,0,
2025-07-06,16:25:00,cool,compressorCoolOff,,Home,76,70,76,54,87.3,0,0,0,0,0,,76.5,54,75.7,0,
2025-07-06,16:30:00,cool,compressorCoolOff,,Home,76,70,76.3,55,87.3,0,0,0,0,0,,76.6,55,76,0,
2025-07-06,16:35:00,cool,compressorCoolOff,,Home,76,70,76.4,55,87.3,0,165,0,0,165,,76.7,55,76.3,0,
2025-07-06,16:40:00,cool,compressorCoolStage1On,,Home,76,70,76.5,54,87.3,0,300,0,0,300,,76.7,54,76.4,0,
2025-07-06,16:45:00,cool,compressorCoolStage1On,,Home,76,70,76.3,52,87.3,0,300,0,0,300,,76.5,52,76.2,0,
2025-07-06,16:50:00,cool,compressorCoolStage1On,,Home,76,70,76,51,87.3,0,225,0,0,270,,76.2,51,75.8,0,
2025-07-06,16:55:00,cool,compressorCoolOff,,Home,76,70,75.6,51,87.3,0,0,0,0,0,,76,51,75.3,0,
2025-07-06,17:00:00,cool,compressorCoolOff,,Home,76,70,75.6,53,87.6,0,0,0,0,0,,76,53,75.2,0,
2025-07-06,17:05:00,cool,compressorCoolOff,,Home,76,70,75.7,54,87.6,0,0,0,0,0,,76.2,54,75.4,0,
2025-07-06,17:10:00,cool,compressorCoolOff,,Home,76,70,76,54,87.6,0,0,0,0,0,,76.3,54,75.7,0,
2025-07-06,17:15:00,cool,compressorCoolOff,,Home,76,70,76.1,54,87.6,0,0,0,0,0,,76.5,54,75.9,0,
2025-07-06,17:20:00,cool,compressorCoolOff,,Home,76,70,76.3,54,87.6,0,0,0,0,0,,76.5,54,76.1,0,
2025-07-06,17:25:00,cool,compressorCoolOff,,Home,76,70,76.4,54,87.6,0,165,0,0,165,,76.6,54,76.3,0,
2025-07-06,17:30:00,cool,compressorCoolStage1On,,Home,76,70,76.5,53,86.7,0,300,0,0,300,,76.6,53,76.4,0,
2025-07-06,17:35:00,cool,compressorCoolStage1On,,Home,76,70,76.3,52,86.7,0,300,0,0,300,,76.3,52,76.2,0,
2025-07-06,17:40:00,cool,compressorCoolStage1On,,Home,76,70,75.9,52,86.7,0,60,0,0,105,,76,52,75.9,0,
2025-07-06,17:45:00,cool,compressorCoolOff,,Home,76,70,75.7,53,86.7,0,0,0,0,0,,75.9,53,75.6,0,
2025-07-06,17:50:00,cool,compressorCoolOff,,Home,76,70,75.8,54,86.7,0,0,0,0,0,,76.1,54,75.6,0,
2025-07-06,17:55:00,cool,compressorCoolOff,,Home,76,70,76,54,86.7,0,0,0,0,0,,76.2,54,75.8,0,
2025-07-06,18:00:00,cool,compressorCoolOff,,Home,76,70,76.2,54,86.1,0,0,0,0,0,,76.4,54,76,0,
2025-07-06,18:05:00,cool,compressorCoolOff,,Home,76,70,76.3,54,86.1,0,0,0,0,0,,76.5,54,76.1,0,
2025-07-06,18:10:00,cool,compressorCoolOff,,Home,76,70,76.4,54,86.1,0,255,0,0,255,,76.6,54,76.3,0,
2025-07-06,18:15:00,cool,compressorCoolStage1On,,Home,76,70,76.4,53,86.1,0,300,0,0,300,,76.5,53,76.4,0,
2025-07-06,18:20:00,cool,compressorCoolStage1On,,Home,76,70,76.1,51,86.1,0,165,0,0,210,,76.3,51,76,0,
2025-07-06,18:25:00,cool,compressorCoolOff,,Home,76,70,75.8,52,86.1,0,0,0,0,0,,76.1,52,75.6,0,
2025-07-06,18:30:00,cool,compressorCoolOff,,Home,76,70,75.8,53,86.1,0,0,0,0,0,,76.1,53,75.6,0,
2025-07-06,18:35:00,cool,compressorCoolOff,,Home,76,70,75.9,54,86.1,0,0,0,0,0,,76.2,54,75.7,0,
2025-07-06,18:40:00,cool,compressorCoolOff,,Home,76,70,76.2,54,86.1,0,0,0,0,0,,76.3,54,76,0,
2025-07-06,18:45:00,cool,compressorCoolOff,,Home,76,70,76.4,54,86.1,0,30,0,0,30,,76.5,54,76.4,0,
2025-07-06,18:50:00,cool,compressorCoolStage1On,,Home,76,70,76.5,53,86.1,0,300,0,0,300,,76.6,53,76.5,0,
2025-07-06,18:55:00,cool,compressorCoolStage1On,,Home,76,70,76.4,52,86.1,0,300,0,0,300,,76.4,52,76.4,0,
2025-07-06,19:00:00,cool,compressorCoolStage1On,,Home,76,70,76,51,86.1,0,135,0,0,180,,76.1,51,76.1,0,
2025-07-06,19:05:00,cool,compressorCoolOff,,Home,76,70,75.8,52,86.1,0,0,0,0,0,,76,52,75.7,0,
2025-07-06,19:10:00,cool,compressorCoolOff,,Home,76,70,75.8,53,86.1,0,0,0,0,0,,76.1,53,75.7,0,
2025-07-06,19:15:00,cool,compressorCoolOff,,Home,76,70,76.1,54,86.1,0,0,0,0,0,,76.2,54,76,0,
2025-07-06,19:20:00,cool,compressorCoolOff,,Home,76,70,76.2,54,86.1,0,0,0,0,0,,76.2,54,76.2,0,
2025-07-06,19:25:00,cool,compressorCoolOff,,Home,76,70,76.3,54,86.1,0,0,0,0,0,,76.2,54,76.4,0,
2025-07-06,19:30:00,cool,compressorCoolOff,,Home,76,70,76.3,54,86.1,0,0,0,0,0,,76.3,54,76.4,0,
2025-07-06,19:35:00,cool,compressorCoolOff,,Home,76,70,76.4,55,86.1,0,30,0,0,30,,76.4,55,76.5,0,
2025-07-06,19:40:00,cool,compressorCoolStage1On,,Home,76,70,76.5,54,86.1,0,300,0,0,300,,76.4,54,76.7,0,
2025-07-06,19:45:00,cool,compressorCoolStage1On,,Home,76,70,76.4,53,86.1,0,300,0,0,300,,76.3,53,76.5,0,
2025-07-06,19:50:00,cool,compressorCoolStage1On,,Home,76,70,76.1,51,86.1,0,270,0,0,300,,76,51,76.2,0,
2025-07-06,19:55:00,cool,compressorCoolOff,,Home,76,70,75.7,51,86.1,0,0,0,0,15,,75.8,51,75.7,0,
2025-07-06,20:00:00,cool,compressorCoolOff,,Home,76,70,75.6,53,82.1,0,0,0,0,0,,75.8,53,75.4,0,
2025-07-06,20:05:00,cool,compressorCoolOff,,Home,76,70,75.7,54,82.1,0,0,0,0,0,,76,54,75.5,0,
2025-07-06,20:10:00,cool,compressorCoolOff,,Home,76,70,75.9,54,82.1,0,0,0,0,0,,76.1,54,75.7,0,
2025-07-06,20:15:00,cool,compressorCoolOff,,Home,76,70,76.1,54,82.1,0,0,0,0,0,,76.2,54,76,0,
2025-07-06,20:20:00,cool,compressorCoolOff,,Home,76,70,76.2,54,82.1,0,0,0,0,0,,76.3,54,76.2,0,
2025-07-06,20:25:00,cool,compressorCoolOff,,Home,76,70,76.3,54,82.1,0,15,0,0,15,,76.3,54,76.4,0,
2025-07-06,20:30:00,cool,compressorCoolStage1On,,Home,76,70,76.5,54,82.1,0,300,0,0,300,,76.3,54,76.7,0,
2025-07-06,20:35:00,cool,compressorCoolStage1On,,Home,76,70,76.3,53,82.1,0,300,0,0,300,,76.2,53,76.5,0,
2025-07-06,20:40:00,cool,compressorCoolStage1On,,Home,76,70,76,51,82.1,0,75,0,0,120,,76,51,76.1,0,
2025-07-06,20:45:00,cool,compressorCoolOff,,Home,76,70,75.8,52,82.1,0,0,0,0,0,,75.9,52,75.7,0,
2025-07-06,20:50:00,cool,compressorCoolOff,,Home,76,70,75.8,54,82.1,0,0,0,0,0,,76,54,75.7,0,
2025-07-06,20:55:00,cool,compressorCoolOff,,Home,76,70,76,54,82.1,0,0,0,0,0,,76.1,54,75.9,0,
2025-07-06,21:00:00,cool,compressorCoolOff,,Home,76,70,76.2,54,80,0,0,0,0,0,,76.2,54,76.2,0,
2025-07-06,21:05:00,cool,compressorCoolOff,,Home,76,70,76.3,54,80,0,60,0,0,60,,76.3,54,76.4,0,
2025-07-06,21:10:00,cool,compressorCoolStage1On,,Home,76,70,76.5,53,80,0,300,0,0,300,,76.3,53,76.7,0,
2025-07-06,21:15:00,cool,compressorCoolStage1On,,Home,76,70,76.5,52,80,0,300,0,0,300,,76.1,52,76.9,0,
2025-07-06,21:20:00,cool,compressorCoolStage1On,,Home,76,70,76.1,51,80,0,270,0,0,300,,75.8,51,76.4,0,
2025-07-06,21:25:00,cool,compressorCoolOff,,Home,76,70,75.8,51,80,0,0,0,0,15,,75.6,51,76,0,
2025-07-06,21:30:00,cool,compressorCoolOff,,Home,76,70,75.7,53,80,0,0,0,0,0,,75.6,53,75.8,0,
2025-07-06,21:35:00,cool,compressorCoolOff,,Home,76,70,75.8,54,80,0,0,0,0,0,,75.8,54,75.9,0,
2025-07-06,21:40:00,cool,compressorCoolOff,,Home,76,70,76,54,80,0,0,0,0,0,,75.9,54,76.2,0,
2025-07-06,21:45:00,cool,compressorCoolOff,,Home,76,70,76.1,54,80,0,0,0,0,0,,75.9,54,76.4,0,
2025-07-06,21:50:00,cool,compressorCoolOff,,Home,76,70,76.2,54,80,0,0,0,0,0,,76,54,76.5,0,
2025-07-06,21:55:00,cool,compressorCoolOff,,Home,76,70,76.4,54,80,0,90,0,0,90,,76.1,54,76.7,0,
2025-07-06,22:00:00,cool,compressorCoolStage1On,,Home,76,70,76.4,53,78.6,0,300,0,0,300,,76.1,53,76.8,0,
2025-07-06,22:05:00,cool,compressorCoolStage1On,,Home,76,70,76.3,52,78.6,0,300,0,0,300,,76,52,76.6,0,
2025-07-06,22:10:00,cool,compressorCoolStage1On,,Home,76,70,76,51,78.6,0,135,0,0,180,,75.7,51,76.4,0,
2025-07-06,22:15:00,cool,compressorCoolOff,,Home,76,70,75.7,51,78.6,0,0,0,0,0,,75.6,51,75.8,0,
2025-07-06,22:20:00,cool,compressorCoolOff,,Home,76,70,75.6,53,78.6,0,0,0,0,0,,75.6,53,75.6,0,
2025-07-06,22:25:00,cool,compressorCoolOff,,Home,76,70,75.8,54,78.6,0,0,0,0,0,,75.8,54,75.9,0,
2025-07-06,22:30:00,cool,compressorCoolOff,,Home,76,70,75.9,54,78.6,0,0,0,0,0,,75.9,54,76.1,0,
2025-07-06,22:35:00,cool,compressorCoolOff,,Home,76,70,76.1,54,78.6,0,0,0,0,0,,76,54,76.3,0,
2025-07-06,22:40:00,cool,compressorCoolOff,,Home,76,70,76.2,54,78.6,0,0,0,0,0,,76,54,76.4,0,
2025-07-06,22:45:00,cool,compressorCoolOff,,Home,76,70,76.3,54,78.6,0,0,0,0,0,,76.1,54,76.5,0,
2025-07-06,22:50:00,cool,compressorCoolOff,,Home,76,70,76.4,54,78.6,0,0,0,0,0,,76.1,54,76.7,0,
2025-07-06,22:55:00,cool,compressorCoolOff,,Home,76,70,76.4,55,78.6,0,45,0,0,45,,76.2,55,76.7,0,
2025-07-06,23:00:00,cool,compressorCoolStage1On,,Home,76,70,76.5,54,77.5,0,300,0,0,300,,76.2,54,76.8,0,
2025-07-06,23:05:00,cool,compressorCoolStage1On,,Home,76,70,76.3,53,77.5,0,300,0,0,300,,76.1,53,76.7,0,
2025-07-06,23:10:00,cool,compressorCoolStage1On,,Home,76,70,76.1,51,77.5,0,255,0,0,300,,75.8,51,76.4,0,
2025-07-06,23:15:00,cool,compressorCoolOff,,Home,76,70,75.7,51,77.5,0,0,0,0,0,,75.6,51,75.9,0,
2025-07-06,23:20:00,cool,compressorCoolOff,,Home,76,70,75.6,53,77.5,0,0,0,0,0,,75.6,53,75.6,0,
2025-07-06,23:25:00,cool,compressorCoolOff,,Home,76,70,75.6,54,77.5,0,0,0,0,0,,75.7,54,75.6,0,
2025-07-06,23:30:00,cool,compressorCoolOff,,Home,76,70,75.7,54,77,0,0,0,0,0,,75.8,54,75.7,0,
2025-07-06,23:35:00,cool,compressorCoolOff,,Home,76,70,75.8,54,77,0,0,0,0,0,,75.9,54,75.8,0,
2025-07-06,23:40:00,cool,compressorCoolOff,,Home,76,70,76,55,77,0,0,0,0,0,,76,55,76,0,
2025-07-06,23:45:00,cool,compressorCoolOff,,Home,76,70,76.1,55,77,0,0,0,0,0,,76,55,76.2,0,
2025-07-06,23:50:00,cool,compressorCoolOff,,Home,76,70,76.1,55,77,0,0,0,0,0,,76.1,55,76.2,0,
2025-07-06,23:55:00,cool,compressorCoolOff,,Home,76.4,68.4,76.2,55,77,0,0,0,0,0,,76.1,55,76.4,0,
2025-07-07,00:00:00,cool,compressorCoolOff,,Sleep,78,62,76.2,55,76.8,0,0,0,0,0,,76.1,55,76.4,0,
2025-07-07,00:05:00,cool,compressorCoolOff,,Sleep,78,62,76.3,55,76.8,0,0,0,0,0,,76.2,55,76.4,0,
2025-07-07,00:10:00,cool,compressorCoolOff,,Sleep,78,62,76.3,56,76.8,0,0,0,0,0,,76.2,56,76.4,0,
2025-07-07,00:15:00,cool,compressorCoolOff,,Sleep,78,62,76.3,57,76.8,0,0,0,0,0,,76.2,57,76.4,0,
2025-07-07,00:20:00,cool,compressorCoolOff,,Sleep,78,62,76.4,57,76.8,0,0,0,0,0,,76.3,57,76.5,0,
2025-07-07,00:25:00,cool,compressorCoolOff,,Sleep,78,62,76.4,57,76.8,0,0,0,0,0,,76.3,57,76.5,0,
2025-07-07,00:30:00,cool,compressorCoolOff,,Sleep,78,62,76.4,57,76.6,0,0,0,0,0,,76.3,57,76.5,0,
2025-07-07,00:35:00,cool,compressorCoolOff,,Sleep,78,62,76.4,56,76.6,0,0,0,0,0,,76.4,56,76.5,0,
2025-07-07,00:40:00,cool,compressorCoolOff,,Sleep,78,62,76.5,56,76.6,0,0,0,0,0,,76.4,56,76.7,0,
2025-07-07,00:45:00,cool,compressorCoolOff,,Sleep,78,62,76.5,56,76.6,0,0,0,0,0,,76.4,56,76.7,0,
2025-07-07,00:50:00,cool,compressorCoolOff,,Sleep,78,62,76.5,56,76.6,0,0,0,0,0,,76.4,56,76.7,0,
2025-07-07,00:55:00,cool,compressorCoolOff,,Sleep,78,62,76.5,57,76.6,0,0,0,0,0,,76.4,57,76.7,0,
2025-07-07,01:00:00,cool,compressorCoolOff,,Sleep,78,62,76.6,57,76.3,0,0,0,0,0,,76.4,57,76.8,0,
2025-07-07,01:05:00,cool,compressorCoolOff,,Sleep,78,62,76.7,57,76.3,0,0,0,0,0,,76.5,57,76.9,0,
2025-07-07,01:10:00,cool,compressorCoolOff,,Sleep,78,62,76.7,57,76.3,0,0,0,0,0,,76.5,57,76.9,0,
2025-07-07,01:15:00,cool,compressorCoolOff,,Sleep,78,62,76.7,57,76.3,0,0,0,0,0,,76.5,57,76.9,0,
2025-07-07,01:20:00,cool,compressorCoolOff,,Sleep,78,62,76.7,57,76.3,0,0,0,0,0,,76.5,57,76.9,0,
2025-07-07,01:25:00,cool,compressorCoolOff,,Sleep,78,62,76.7,57,76.3,0,0,0,0,0,,76.5,57,76.9,0,
2025-07-07,01:30:00,cool,compressorCoolOff,,Sleep,78,62,76.7,57,76.3,0,0,0,0,0,,76.6,57,76.9,0,
2025-07-07,01:35:00,cool,compressorCoolOff,,Sleep,78,62,76.7,57,76.3,0,0,0,0,0,,76.6,57,76.9,0,
2025-07-07,01:40:00,cool,compressorCoolOff,,Sleep,78,62,76.7,57,76.3,0,0,0,0,0,,76.6,57,76.9,0,
2025-07-07,01:45:00,cool,compressorCoolOff,,Sleep,78,62,76.7,57,76.3,0,0,0,0,0,,76.6,57,76.9,0,
2025-07-07,01:50:00,cool,compressorCoolOff,,Sleep,78,62,76.6,57,76.3,0,0,0,0,0,,76.6,57,76.7,0,
2025-07-07,01:55:00,cool,compressorCoolOff,,Sleep,78,62,76.6,57,76.3,0,0,0,0,0,,76.6,57,76.7,0,
2025-07-07,02:00:00,cool,compressorCoolOff,,Sleep,78,62,76.7,57,76.1,0,0,0,0,0,,76.7,57,76.7,0,
2025-07-07,02:05:00,cool,compressorCoolOff,,Sleep,78,62,76.6,57,76.1,0,0,0,0,0,,76.6,57,76.7,0,
2025-07-07,02:10:00,cool,compressorCoolOff,,Sleep,78,62,76.6,57,76.1,0,0,0,0,0,,76.6,57,76.7,0,
2025-07-07,02:15:00,cool,compressorCoolOff,,Sleep,78,62,76.6,58,76.1,0,0,0,0,0,,76.6,58,76.7,0,
2025-07-07,02:20:00,cool,compressorCoolOff,,Sleep,78,62,76.6,58,76.1,0,0,0,0,0,,76.6,58,76.7,0,
2025-07-07,02:25:00,cool,compressorCoolOff,,Sleep,78,62,76.6,58,76.1,0,0,0,0,0,,76.6,58,76.7,0,
2025-07-07,02:30:00,cool,compressorCoolOff,,Sleep,78,62,76.7,58,76.1,0,0,0,0,0,,76.7,58,76.7,0,
2025-07-07,02:35:00,cool,compressorCoolOff,,Sleep,78,62,76.7,58,76.1,0,0,0,0,0,,76.7,58,76.7,0,
2025-07-07,02:40:00,cool,compressorCoolOff,,Sleep,78,62,76.7,58,76.1,0,0,0,0,0,,76.7,58,76.7,0,
2025-07-07,02:45:00,cool,compressorCoolOff,,Sleep,78,62,76.7,58,76.1,0,0,0,0,0,,76.7,58,76.7,0,
2025-07-07,02:50:00,cool,compressorCoolOff,,Sleep,78,62,76.7,58,76.1,0,0,0,0,0,,76.7,58,76.7,0,
2025-07-07,02:55:00,cool,compressorCoolOff,,Sleep,78,62,76.7,58,76.1,0,0,0,0,0,,76.7,58,76.7,0,
2025-07-07,03:00:00,cool,compressorCoolOff,,Sleep,78,62,76.7,58,75.5,0,0,0,0,0,,76.7,58,76.7,0,
2025-07-07,03:05:00,cool,compressorCoolOff,,Sleep,78,62,76.7,58,75.5,0,0,0,0,0,,76.7,58,76.7,0,
2025-07-07,03:10:00,cool,compressorCoolOff,,Sleep,78,62,76.7,58,75.5,0,0,0,0,0,,76.8,58,76.7,0,
2025-07-07,03:15:00,cool,compressorCoolOff,,Sleep,78,62,76.7,58,75.5,0,0,0,0,0,,76.8,58,76.7,0,
2025-07-07,03:20:00,cool,compressorCoolOff,,Sleep,78,62,76.7,58,75.5,0,0,0,0,0,,76.8,58,76.7,0,
2025-07-07,03:25:00,cool,compressorCoolOff,,Sleep,78,62,76.7,58,75.5,0,0,0,0,0,,76.8,58,76.7,0,
2025-07-07,03:30:00,cool,compressorCoolOff,,Sleep,78,62,76.7,58,75.2,0,0,0,0,0,,76.8,58,76.7,0,
2025-07-07,03:35:00,cool,compressorCoolOff,,Sleep,78,62,76.7,58,75.2,0,0,0,0,0,,76.8,58,76.7,0,
2025-07-07,03:40:00,cool,compressorCoolOff,,Sleep,78,62,76.7,58,75.2,0,0,0,0,0,,76.8,58,76.7,0,
2025-07-07,03:45:00,cool,compressorCoolOff,,Sleep,78,62,76.7,58,75.2,0,0,0,0,0,,76.8,58,76.7,0,
2025-07-07,03:50:00,cool,compressorCoolOff,,Sleep,78,62,76.7,58,75.2,0,0,0,0,0,,76.8,58,76.7,0,
2025-07-07,03:55:00,cool,compressorCoolOff,,Sleep,78,62,76.7,58,75.2,0,0,0,0,0,,76.8,58,76.7,0,
2025-07-07,04:00:00,cool,compressorCoolOff,,Sleep,78,62,76.7,58,75.1,0,0,0,0,0,,76.8,58,76.7,0,
2025-07-07,04:05:00,cool,compressorCoolOff,,Sleep,78,62,76.7,58,75.1,0,0,0,0,0,,76.8,58,76.7,0,
2025-07-07,04:10:00,cool,compressorCoolOff,,Sleep,78,62,76.7,58,75.1,0,0,0,0,0,,76.8,58,76.7,0,
2025-07-07,04:15:00,cool,compressorCoolOff,,Sleep,78,62,76.8,58,75.1,0,0,0,0,0,,76.9,58,76.7,0,
2025-07-07,04:20:00,cool,compressorCoolOff,,Sleep,78,62,76.8,58,75.1,0,0,0,0,0,,76.9,58,76.7,0,
2025-07-07,04:25:00,cool,compressorCoolOff,,Sleep,78,62,76.8,58,75.1,0,0,0,0,0,,76.9,58,76.7,0,
2025-07-07,04:30:00,cool,compressorCoolOff,,Sleep,78,62,76.8,58,75.1,0,0,0,0,0,,76.9,58,76.7,0,
2025-07-07,04:35:00,cool,compressorCoolOff,,Sleep,78,62,76.8,58,75.1,0,0,0,0,0,,76.9,58,76.7,0,
2025-07-07,04:40:00,cool,compressorCoolOff,,Sleep,78,62,76.8,58,75.1,0,0,0,0,0,,76.9,58,76.7,0,
2025-07-07,04:45:00,cool,compressorCoolOff,,Sleep,78,62,76.8,58,75.1,0,0,0,0,0,,76.9,58,76.7,0,
2025-07-07,04:50:00,cool,compressorCoolOff,,Sleep,78,62,76.8,58,75.1,0,0,0,0,0,,76.9,58,76.7,0,
2025-07-07,04:55:00,cool,compressorCoolOff,,Sleep,78,62,76.8,58,75.1,0,0,0,0,0,,76.9,58,76.7,0,
2025-07-07,05:00:00,cool,compressorCoolOff,,Sleep,78,62,76.8,58,75.1,0,0,0,0,0,,76.9,58,76.7,0,
2025-07-07,05:05:00,cool,compressorCoolOff,,Sleep,78,62,76.8,58,75.1,0,0,0,0,0,,76.9,58,76.7,0,
2025-07-07,05:10:00,cool,compressorCoolOff,,Sleep,78,62,76.8,58,75.1,0,0,0,0,0,,76.9,58,76.7,0,
2025-07-07,05:15:00,cool,compressorCoolOff,,Sleep,78,62,76.8,58,75.1,0,0,0,0,0,,76.9,58,76.7,0,
2025-07-07,05:20:00,cool,compressorCoolOff,,Sleep,78,62,76.8,58,75.1,0,0,0,0,0,,76.9,58,76.7,0,
2025-07-07,05:25:00,cool,compressorCoolOff,,Sleep,78,62,76.8,58,75.1,0,0,0,0,0,,77,58,76.7,0,
2025-07-07,05:30:00,cool,compressorCoolOff,,Sleep,78,62,76.8,58,75.1,0,0,0,0,0,,77,58,76.7,0,
2025-07-07,05:35:00,cool,compressorCoolOff,,Sleep,78,62,76.8,58,75.1,0,0,0,0,0,,77,58,76.7,0,
2025-07-07,05:40:00,cool,compressorCoolOff,,Sleep,78,62,76.8,58,75.1,0,0,0,0,0,,77,58,76.7,0,
2025-07-07,05:45:00,cool,compressorCoolOff,,Sleep,78,62,76.8,58,75.1,0,0,0,0,0,,77,58,76.7,0,
2025-07-07,05:50:00,cool,compressorCoolOff,,Sleep,78,62,76.8,58,75.1,0,0,0,0,0,,77,58,76.7,0,
2025-07-07,05:55:00,cool,compressorCoolOff,,Sleep,78,62,76.8,58,75.1,0,0,0,0,0,,77,58,76.7,0,
2025-07-07,06:00:00,cool,compressorCoolOff,,Sleep,78,62,76.8,58,75.2,0,0,0,0,0,,76.9,58,76.7,0,
2025-07-07,06:05:00,cool,compressorCoolOff,,Sleep,78,62,76.8,58,75.2,0,0,0,0,0,,76.9,58,76.7,0,
2025-07-07,06:10:00,cool,compressorCoolOff,,Sleep,78,62,76.8,58,75.2,0,0,0,0,0,,77,58,76.7,0,
2025-07-07,06:15:00,cool,compressorCoolOff,,Sleep,78,62,76.8,58,75.2,0,0,0,0,0,,77,58,76.7,0,
2025-07-07,06:20:00,cool,compressorCoolOff,,Sleep,78,62,76.8,58,75.2,0,0,0,0,0,,77,58,76.7,0,
2025-07-07,06:25:00,cool,compressorCoolOff,,Sleep,78,62,76.8,58,75.2,0,0,0,0,0,,77,58,76.8,0,
2025-07-07,06:30:00,cool,compressorCoolOff,,Sleep,78,62,76.9,58,75.7,0,0,0,0,0,,77,58,76.9,0,
2025-07-07,06:35:00,cool,compressorCoolOff,,Sleep,78,62,77,58,75.7,0,0,0,0,0,,77.1,58,76.9,0,
2025-07-07,06:40:00,cool,compressorCoolOff,,Sleep,78,62,77,58,75.7,0,0,0,0,0,,77.1,58,76.9,0,
2025-07-07,06:45:00,cool,compressorCoolOff,,Sleep,78,62,77,58,75.7,0,0,0,0,0,,77.1,58,76.9,0,
2025-07-07,06:50:00,cool,compressorCoolOff,,Sleep,78,62,77,58,75.7,0,0,0,0,0,,77.1,58,76.9,0,
2025-07-07,06:55:00,cool,compressorCoolOff,,Sleep,78,62,77,58,75.7,0,0,0,0,0,,77.1,58,76.9,0,
2025-07-07,07:00:00,cool,compressorCoolOff,,Sleep,78,62,77,58,76.4,0,0,0,0,0,,77.1,58,76.9,0,
2025-07-07,07:05:00,cool,compressorCoolOff,,Sleep,78,62,77,58,76.4,0,0,0,0,0,,77.2,58,76.9,0,
2025-07-07,07:10:00,cool,compressorCoolOff,,Sleep,78,62,77,58,76.4,0,0,0,0,0,,77.2,58,76.9,0,
2025-07-07,07:15:00,cool,compressorCoolOff,,Sleep,78,62,77,58,76.4,0,0,0,0,0,,77.2,58,77,0,
2025-07-07,07:20:00,cool,compressorCoolOff,,Sleep,78,62,77,58,76.4,0,0,0,0,0,,77.1,58,77.1,0,
2025-07-07,07:25:00,cool,compressorCoolOff,,Sleep,78,62,77,58,76.4,0,0,0,0,0,,77,58,77.1,0,
2025-07-07,07:30:00,cool,compressorCoolOff,,Sleep,78,62,77.1,58,76.4,0,0,0,0,0,,77.1,58,77.1,0,
2025-07-07,07:35:00,cool,compressorCoolOff,,Sleep,78,62,77.1,58,76.4,0,15,0,0,15,,77.1,58,77.1,0,
2025-07-07,07:40:00,cool,compressorCoolStage1On,(SmartRecovery),Sleep,78,62,77.1,58,76.4,0,300,0,0,300,,77.1,58,77.1,0,
2025-07-07,07:45:00,cool,compressorCoolStage1On,(SmartRecovery),Sleep,78,62,76.9,56,76.4,0,300,0,0,300,,77,56,76.9,0,
2025-07-07,07:50:00,cool,compressorCoolStage1On,(SmartRecovery),Sleep,78,62,76.5,54,76.4,0,300,0,0,300,,76.7,54,76.4,0,
2025-07-07,07:55:00,cool,compressorCoolStage1On,(SmartRecovery),Sleep,77.6,63.6,76.1,53,76.4,0,225,0,0,270,,76.4,53,75.9,0,
2025-07-07,08:00:00,cool,compressorCoolOff,,Home,76,70,75.8,53,78.1,0,0,0,0,0,,76.2,53,75.4,0,
2025-07-07,08:05:00,cool,compressorCoolOff,,Home,76,70,75.7,54,78.1,0,0,0,0,0,,76.2,54,75.2,0,
2025-07-07,08:10:00,cool,compressorCoolOff,,Home,76,70,75.8,55,78.1,0,0,0,0,0,,76.4,55,75.2,0,
2025-07-07,08:15:00,cool,compressorCoolOff,,Home,76,70,75.9,55,78.1,0,0,0,0,0,,76.5,55,75.4,0,
2025-07-07,08:20:00,cool,compressorCoolOff,,Home,76,70,76.1,55,78.1,0,0,0,0,0,,76.6,55,75.6,0,
2025-07-07,08:25:00,cool,compressorCoolOff,,Home,76,70,76.1,56,78.1,0,0,0,0,0,,76.7,56,75.6,0,
2025-07-07,08:30:00,cool,compressorCoolOff,,Home,76,70,76.3,57,78.1,0,0,0,0,0,,76.8,57,75.8,0,
2025-07-07,08:35:00,cool,compressorCoolOff,,Home,76,70,76.3,57,78.1,0,0,0,0,0,,76.8,57,75.8,0,
2025-07-07,08:40:00,cool,compressorCoolOff,,Home,76,70,76.3,56,78.1,0,0,0,0,0,,76.8,56,75.9,0,
2025-07-07,08:45:00,cool,compressorCoolOff,,Home,76,70,76.4,56,78.1,0,210,0,0,210,,76.8,56,76.1,0,
2025-07-07,08:50:00,cool,compressorCoolStage1On,,Home,76,70,76.4,55,78.1,0,300,0,0,300,,76.8,55,76,0,
2025-07-07,08:55:00,cool,compressorCoolStage1On,,Home,76,70,76.1,53,78.1,0,135,0,0,180,,76.5,53,75.7,0,
2025-07-07,09:00:00,cool,compressorCoolOff,,Home,76,70,75.8,53,78.4,0,0,0,0,0,,76.2,53,75.4,0,
2025-07-07,09:05:00,cool,compressorCoolOff,,Home,76,70,75.7,54,78.4,0,0,0,0,0,,76.3,54,75.2,0,
2025-07-07,09:10:00,cool,compressorCoolOff,,Home,76,70,75.9,55,78.4,0,0,0,0,0,,76.4,55,75.4,0,
2025-07-07,09:15:00,cool,compressorCoolOff,,Home,76,70,76,55,78.4,0,0,0,0,0,,76.5,55,75.6,0,
2025-07-07,09:20:00,cool,compressorCoolOff,,Home,76,70,76.2,55,78.4,0,0,0,0,0,,76.6,55,75.8,0,
2025-07-07,09:25:00,cool,compressorCoolOff,,Home,76,70,76.3,55,78.4,0,0,0,0,0,,76.7,55,76,0,
2025-07-07,09:30:00,cool,compressorCoolOff,,Home,76,70,76.4,55,78.4,0,285,0,0,285,,76.8,55,76.1,0,
2025-07-07,09:35:00,cool,compressorCoolStage1On,,Home,76,70,76.3,54,78.4,0,300,0,0,300,,76.6,54,76,0,
2025-07-07,09:40:00,cool,compressorCoolStage1On,,Home,76,70,76,53,78.4,0,90,0,0,135,,76.4,53,75.7,0,
2025-07-07,09:45:00,cool,compressorCoolOff,,Home,76,70,75.7,53,78.4,0,0,0,0,0,,76.3,53,75.3,0,
2025-07-07,09:50:00,cool,compressorCoolOff,,Home,76,70,75.8,54,78.4,0,0,0,0,0,,76.4,54,75.2,0,
2025-07-07,09:55:00,cool,compressorCoolOff,,Home,76,70,75.8,55,78.4,0,0,0,0,0,,76.5,55,75.2,0,
2025-07-07,10:00:00,cool,compressorCoolOff,,Home,76,70,76,55,79.7,0,0,0,0,0,,76.6,55,75.4,0,
2025-07-07,10:05:00,cool,compressorCoolOff,,Home,76,70,76.1,55,79.7,0,0,0,0,0,,76.6,55,75.6,0,
2025-07-07,10:10:00,cool,compressorCoolOff,,Home,76,70,76.2,56,79.7,0,0,0,0,0,,76.7,56,75.8,0,
2025-07-07,10:15:00,cool,compressorCoolOff,,Home,76,70,76.2,56,79.7,0,0,0,0,0,,76.7,56,75.8,0,
2025-07-07,10:20:00,cool,compressorCoolOff,,Home,76,70,76.3,56,79.7,0,0,0,0,0,,76.7,56,76,0,
2025-07-07,10:25:00,cool,compressorCoolOff,,Home,76,70,76.3,56,79.7,0,0,0,0,0,,76.7,56,76,0,
2025-07-07,10:30:00,cool,compressorCoolOff,,Home,76,70,76.3,56,80.6,0,0,0,0,0,,76.7,56,76,0,
2025-07-07,10:35:00,cool,compressorCoolOff,,Home,76,70,76.4,56,80.6,0,225,0,0,225,,76.8,56,76.1,0,
2025-07-07,10:40:00,cool,compressorCoolStage1On,,Home,76,70,76.4,55,80.6,0,300,0,0,300,,76.7,55,76,0,
2025-07-07,10:45:00,cool,compressorCoolStage1On,,Home,76,70,76.1,53,80.6,0,150,0,0,195,,76.5,53,75.8,0,
2025-07-07,10:50:00,cool,compressorCoolOff,,Home,76,70,75.9,53,80.6,0,0,0,0,0,,76.4,53,75.4,0,
2025-07-07,10:55:00,cool,compressorCoolOff,,Home,76,70,75.8,55,80.6,0,0,0,0,0,,76.4,55,75.2,0,
2025-07-07,11:00:00,cool,compressorCoolOff,,Home,76,70,75.9,55,81.3,0,0,0,0,0,,76.5,55,75.4,0,
2025-07-07,11:05:00,cool,compressorCoolOff,,Home,76,70,76.1,55,81.3,0,0,0,0,0,,76.6,55,75.6,0,
2025-07-07,11:10:00,cool,compressorCoolOff,,Home,76,70,76.3,55,81.3,0,0,0,0,0,,76.7,55,76,0,
2025-07-07,11:15:00,cool,compressorCoolOff,,Home,76,70,76.4,55,81.3,0,210,0,0,210,,76.7,55,76.2,0,
2025-07-07,11:20:00,cool,compressorCoolStage1On,,Home,76,70,76.4,54,81.3,0,300,0,0,300,,76.7,54,76.2,0,
2025-07-07,11:25:00,cool,compressorCoolStage1On,,Home,76,70,76.1,52,81.3,0,75,0,0,120,,76.4,52,75.7,0,
2025-07-07,11:30:00,cool,compressorCoolOff,,Home,76,70,75.7,53,81.3,0,0,0,0,0,,76.3,53,75.3,0,
2025-07-07,11:35:00,cool,compressorCoolOff,,Home,76,70,75.8,54,81.3,0,0,0,0,0,,76.3,54,75.3,0,
2025-07-07,11:40:00,cool,compressorCoolOff,,Home,76,70,75.9,55,81.3,0,0,0,0,0,,76.4,55,75.4,0,
2025-07-07,11:45:00,cool,compressorCoolOff,,Home,76,70,76,55,81.3,0,0,0,0,0,,76.4,55,75.6,0,
2025-07-07,11:50:00,cool,compressorCoolOff,,Home,76,70,76.1,55,81.3,0,0,0,0,0,,76.5,55,75.6,0,
2025-07-07,11:55:00,cool,compressorCoolOff,,Home,76,70,76.2,55,81.3,0,0,0,0,0,,76.6,55,75.8,0,
2025-07-07,12:00:00,cool,compressorCoolOff,,Home,76,70,76.2,55,80.9,0,0,0,0,0,,76.7,55,75.8,0,
2025-07-07,12:05:00,cool,compressorCoolOff,,Home,76,70,76.2,55,80.9,0,0,0,0,0,,76.7,55,75.8,0,
2025-07-07,12:10:00,cool,compressorCoolOff,,Home,76,70,76.3,55,80.9,0,0,0,0,0,,76.8,55,75.9,0,
2025-07-07,12:15:00,cool,compressorCoolOff,,Home,76,70,76.4,55,80.9,0,0,0,0,0,,76.8,55,76,0,
2025-07-07,12:20:00,cool,compressorCoolOff,,Home,76,70,76.4,55,80.9,0,225,0,0,225,,76.9,55,76.1,0,
2025-07-07,12:25:00,cool,compressorCoolStage1On,,Home,76,70,76.4,54,80.9,0,300,0,0,300,,76.8,54,76,0,
2025-07-07,12:30:00,cool,compressorCoolStage1On,,Home,76,70,76.1,52,80.9,0,150,0,0,195,,76.5,52,75.7,0,
2025-07-07,12:35:00,cool,compressorCoolOff,,Home,76,70,75.8,52,80.9,0,0,0,0,0,,76.3,52,75.2,0,
2025-07-07,12:40:00,cool,compressorCoolOff,,Home,76,70,75.7,54,80.9,0,0,0,0,0,,76.4,54,75.1,0,
2025-07-07,12:45:00,cool,compressorCoolOff,,Home,76,70,75.8,54,80.9,0,0,0,0,0,,76.4,54,75.2,0,
2025-07-07,12:50:00,cool,compressorCoolOff,,Home,76,70,75.9,55,80.9,0,0,0,0,0,,76.5,55,75.4,0,
2025-07-07,12:55:00,cool,compressorCoolOff,,Home,76,70,76,55,80.9,0,0,0,0,0,,76.6,55,75.4,0,
2025-07-07,13:00:00,cool,compressorCoolOff,,Home,76,70,76,55,82.1,0,0,0,0,0,,76.7,55,75.4,0,
2025-07-07,13:05:00,cool,compressorCoolOff,,Home,76,70,76.3,55,82.1,0,0,0,0,0,,76.8,55,75.9,0,
2025-07-07,13:10:00,cool,compressorCoolOff,,Home,76,70,76.4,55,82.1,0,0,0,0,0,,76.8,55,76,0,
2025-07-07,13:15:00,cool,compressorCoolOff,,Home,76,70,76.4,55,82.1,0,195,0,0,195,,76.9,55,76.1,0,
2025-07-07,13:20:00,cool,compressorCoolStage1On,,Home,76,70,76.4,54,82.1,0,300,0,0,300,,76.8,54,76,0,
2025-07-07,13:25:00,cool,compressorCoolStage1On,,Home,76,70,76.2,52,82.1,0,285,0,0,300,,76.6,52,75.8,0,
2025-07-07,13:30:00,cool,compressorCoolOff,,Home,76,70,75.8,52,82.1,0,0,0,0,30,,76.4,52,75.4,0,
2025-07-07,13:35:00,cool,compressorCoolOff,,Home,76,70,75.7,52,82.1,0,0,0,0,0,,76.3,52,75.1,0,
2025-07-07,13:40:00,cool,compressorCoolOff,,Home,76,70,75.7,54,82.1,0,0,0,0,0,,76.3,54,75.1,0,
2025-07-07,13:45:00,cool,compressorCoolOff,,Home,76,70,75.8,55,82.1,0,0,0,0,0,,76.5,55,75.2,0,
2025-07-07,13:50:00,cool,compressorCoolOff,,Home,76,70,76,55,82.1,0,0,0,0,0,,76.6,55,75.5,0,
2025-07-07,13:55:00,cool,compressorCoolOff,,Home,76,70,76.1,55,82.1,0,0,0,0,0,,76.7,55,75.6,0,
2025-07-07,14:00:00,cool,compressorCoolOff,,Home,76,70,76.2,55,81.5,0,0,0,0,0,,76.7,55,75.7,0,
2025-07-07,14:05:00,cool,compressorCoolOff,,Home,76,70,76.3,55,81.5,0,0,0,0,0,,76.8,55,75.9,0,
2025-07-07,14:10:00,cool,compressorCoolOff,,Home,76,70,76.4,55,81.5,0,120,0,0,120,,76.9,55,76,0,
2025-07-07,14:15:00,cool,compressorCoolStage1On,,Home,76,70,76.4,54,81.5,0,300,0,0,300,,76.9,54,76.1,0,
2025-07-07,14:20:00,cool,compressorCoolStage1On,,Home,76,70,76.2,53,81.5,0,255,0,0,300,,76.6,53,75.9,0,
2025-07-07,14:25:00,cool,compressorCoolOff,,Home,76,70,75.9,52,81.5,0,0,0,0,0,,76.3,52,75.5,0,
2025-07-07,14:30:00,cool,compressorCoolOff,,Home,76,70,75.8,53,81.5,0,0,0,0,0,,76.2,53,75.4,0,
2025-07-07,14:35:00,cool,compressorCoolOff,,Home,76,70,75.9,55,81.5,0,0,0,0,0,,76.4,55,75.6,0,
2025-07-07,14:40:00,cool,compressorCoolOff,,Home,76,70,76.2,55,81.5,0,0,0,0,0,,76.5,55,75.9,0,
2025-07-07,14:45:00,cool,compressorCoolOff,,Home,76,70,76.4,55,81.5,0,90,0,0,90,,76.7,55,76.1,0,
2025-07-07,14:50:00,cool,compressorCoolStage1On,,Home,76,70,76.5,54,81.5,0,300,0,0,300,,76.8,54,76.3,0,
2025-07-07,14:55:00,cool,compressorCoolStage1On,,Home,76,70,76.4,52,81.5,0,300,0,0,300,,76.6,52,76.2,0,
2025-07-07,15:00:00,cool,compressorCoolStage1On,,Home,76,70,76.1,51,84.5,0,165,0,0,210,,76.3,51,75.9,0,
2025-07-07,15:05:00,cool,compressorCoolOff,,Home,76,70,75.9,51,84.5,0,0,0,0,0,,76.2,51,75.6,0,
2025-07-07,15:10:00,cool,compressorCoolOff,,Home,76,70,75.8,53,84.5,0,0,0,0,0,,76.3,53,75.4,0,
2025-07-07,15:15:00,cool,compressorCoolOff,,Home,76,70,76,55,84.5,0,0,0,0,0,,76.4,55,75.6,0,
2025-07-07,15:20:00,cool,compressorCoolOff,,Home,76,70,76.1,55,84.5,0,0,0,0,0,,76.4,55,75.8,0,
2025-07-07,15:25:00,cool,compressorCoolOff,,Home,76,70,76.2,55,84.5,0,0,0,0,0,,76.4,55,76,0,
2025-07-07,15:30:00,cool,compressorCoolOff,,Home,76,70,76.4,55,84.5,0,0,0,0,0,,76.6,55,76.2,0,
2025-07-07,15:35:00,cool,compressorCoolOff,,Home,76,70,76.5,55,84.5,0,285,0,0,285,,76.7,55,76.3,0,
2025-07-07,15:40:00,cool,compressorCoolStage1On,,Home,76,70,76.5,53,84.5,0,300,0,0,300,,76.7,53,76.4,0,
2025-07-07,15:45:00,cool,compressorCoolStage1On,,Home,76,70,76.1,52,84.5,0,240,0,0,285,,76.4,52,75.9,0,
2025-07-07,15:50:00,cool,compressorCoolOff,,Home,76,70,75.8,51,84.5,0,0,0,0,0,,76.2,51,75.4,0,
2025-07-07,15:55:00,cool,compressorCoolOff,,Home,76,70,75.7,53,84.5,0,0,0,0,0,,76.3,53,75.2,0,
2025-07-07,16:00:00,cool,compressorCoolOff,,Home,76,70,75.8,54,87,0,0,0,0,0,,76.4,54,75.3,0,
2025-07-07,16:05:00,cool,compressorCoolOff,,Home,76,70,76,55,87,0,0,0,0,0,,76.5,55,75.6,0,
2025-07-07,16:10:00,cool,compressorCoolOff,,Home,76,70,76.2,55,87,0,0,0,0,0,,76.5,55,76,0,
2025-07-07,16:15:00,cool,compressorCoolOff,,Home,76,70,76.3,55,87,0,0,0,0,0,,76.5,55,76.2,0,
2025-07-07,16:20:00,cool,compressorCoolOff,,Home,76,70,76.4,55,87,0,285,0,0,285,,76.6,55,76.3,0,
2025-07-07,16:25:00,cool,compressorCoolStage1On,,Home,76,70,76.5,53,87,0,300,0,0,300,,76.6,53,76.4,0,
2025-07-07,16:30:00,cool,compressorCoolStage1On,,Home,76,70,76.2,52,86.3,0,300,0,0,300,,76.4,52,76.1,0,
2025-07-07,16:35:00,cool,compressorCoolStage1On,,Home,76,70,75.8,51,86.3,0,105,0,0,150,,76.1,51,75.6,0,
2025-07-07,16:40:00,cool,compressorCoolOff,,Home,76,70,75.6,52,86.3,0,0,0,0,0,,76.1,52,75.2,0,
2025-07-07,16:45:00,cool,compressorCoolOff,,Home,76,70,75.8,54,86.3,0,0,0,0,0,,76.3,54,75.4,0,
2025-07-07,16:50:00,cool,compressorCoolOff,,Home,76,70,76,55,86.3,0,0,0,0,0,,76.4,55,75.7,0,
2025-07-07,16:55:00,cool,compressorCoolOff,,Home,76,70,76.2,55,86.3,0,0,0,0,0,,76.4,55,76,0,
2025-07-07,17:00:00,cool,compressorCoolOff,,Home,76,70,76.3,55,87,0,0,0,0,0,,76.4,55,76.2,0,
2025-07-07,17:05:00,cool,compressorCoolOff,,Home,76,70,76.5,55,87,0,285,0,0,285,,76.6,55,76.4,0,
2025-07-07,17:10:00,cool,compressorCoolStage1On,,Home,76,70,76.5,53,87,0,300,0,0,300,,76.6,53,76.5,0,
2025-07-07,17:15:00,cool,compressorCoolStage1On,,Home,76,70,76.2,52,87,0,300,0,0,300,,76.4,52,76.2,0,
2025-07-07,17:20:00,cool,compressorCoolStage1On,,Home,76,70,75.8,51,87,0,45,0,0,90,,76.1,51,75.6,0,
2025-07-07,17:25:00,cool,compressorCoolOff,,Home,76,70,75.7,52,87,0,0,0,0,0,,76.1,52,75.4,0,
2025-07-07,17:30:00,cool,compressorCoolOff,,Home,76,70,75.9,54,87,0,0,0,0,0,,76.3,54,75.5,0,
2025-07-07,17:35:00,cool,compressorCoolOff,,Home,76,70,76.1,55,87,0,0,0,0,0,,76.4,55,75.8,0,
2025-07-07,17:40:00,cool,compressorCoolOff,,Home,76,70,76.3,55,87,0,0,0,0,0,,76.5,55,76.2,0,
2025-07-07,17:45:00,cool,compressorCoolOff,,Home,76,70,76.4,55,87,0,180,0,0,180,,76.5,55,76.4,0,
2025-07-07,17:50:00,cool,compressorCoolStage1On,,Home,76,70,76.5,54,87,0,300,0,0,300,,76.6,54,76.4,0,
2025-07-07,17:55:00,cool,compressorCoolStage1On,,Home,76,70,76.3,52,87,0,300,0,0,300,,76.4,52,76.3,0,
2025-07-07,18:00:00,cool,compressorCoolStage1On,,Home,76,70,76,51,87.3,0,240,0,0,285,,76.2,51,75.9,0,
2025-07-07,18:05:00,cool,compressorCoolOff,,Home,76,70,75.6,51,87.3,0,0,0,0,0,,76,51,75.3,0,
2025-07-07,18:10:00,cool,compressorCoolOff,,Home,76,70,75.6,53,87.3,0,0,0,0,0,,76.1,53,75.2,0,
2025-07-07,18:15:00,cool,compressorCoolOff,,Home,76,70,75.8,54,87.3,0,0,0,0,0,,76.3,54,75.4,0,
2025-07-07,18:20:00,cool,compressorCoolOff,,Home,76,70,76,55,87.3,0,0,0,0,0,,76.4,55,75.7,0,
2025-07-07,18:25:00,cool,compressorCoolOff,,Home,76,70,76.1,55,87.3,0,0,0,0,0,,76.5,55,75.9,0,
2025-07-07,18:30:00,cool,compressorCoolOff,,Home,76,70,76.4,55,87.3,0,195,0,0,195,,76.6,55,76.2,0,
2025-07-07,18:35:00,cool,compressorCoolStage1On,,Home,76,70,76.5,54,87.3,0,300,0,0,300,,76.6,54,76.4,0,
2025-07-07,18:40:00,cool,compressorCoolStage1On,,Home,76,70,76.3,52,87.3,0,300,0,0,300,,76.5,52,76.2,0,
2025-07-07,18:45:00,cool,compressorCoolStage1On,,Home,76,70,76,51,87.3,0,195,0,0,240,,76.3,51,75.7,0,
2025-07-07,18:50:00,cool,compressorCoolOff,,Home,76,70,75.7,51,87.3,0,0,0,0,0,,76.2,51,75.3,0,
2025-07-07,18:55:00,cool,compressorCoolOff,,Home,76,70,75.7,53,87.3,0,0,0,0,0,,76.3,53,75.2,0,
2025-07-07,19:00:00,cool,compressorCoolOff,,Home,76,70,75.9,54,87.3,0,0,0,0,0,,76.4,54,75.4,0,
2025-07-07,19:05:00,cool,compressorCoolOff,,Home,76,70,76.1,54,87.3,0,0,0,0,0,,76.5,54,75.8,0,
2025-07-07,19:10:00,cool,compressorCoolOff,,Home,76,70,76.1,55,87.3,0,0,0,0,0,,76.5,55,75.9,0,
2025-07-07,19:15:00,cool,compressorCoolOff,,Home,76,70,76.3,55,87.3,0,0,0,0,0,,76.5,55,76.1,0,
2025-07-07,19:20:00,cool,compressorCoolOff,,Home,76,70,76.4,55,87.3,0,210,0,0,210,,76.6,55,76.3,0,
2025-07-07,19:25:00,cool,compressorCoolStage1On,,Home,76,70,76.4,53,87.3,0,300,0,0,300,,76.6,53,76.2,0,
2025-07-07,19:30:00,cool,compressorCoolStage1On,,Home,76,70,76.2,52,87.3,0,285,0,0,300,,76.4,52,76,0,
2025-07-07,19:35:00,cool,compressorCoolOff,,Home,76,70,75.8,51,87.3,0,0,0,0,30,,76.2,51,75.5,0,
2025-07-07,19:40:00,cool,compressorCoolOff,,Home,76,70,75.7,52,87.3,0,0,0,0,0,,76.2,52,75.2,0,
2025-07-07,19:45:00,cool,compressorCoolOff,,Home,76,70,75.8,53,87.3,0,0,0,0,0,,76.3,53,75.4,0,
2025-07-07,19:50:00,cool,compressorCoolOff,,Home,76,70,76,54,87.3,0,0,0,0,0,,76.4,54,75.6,0,
2025-07-07,19:55:00,cool,compressorCoolOff,,Home,76,70,76.2,54,87.3,0,0,0,0,0,,76.5,54,76,0,
2025-07-07,20:00:00,cool,compressorCoolStage1On,,Home,76,70,76.5,54,84.3,0,300,0,0,300,,76.6,54,76.4,0,
2025-07-07,20:05:00,cool,compressorCoolStage1On,,Home,76,70,76.4,53,84.3,0,300,0,0,300,,76.5,53,76.4,0,
2025-07-07,20:10:00,cool,compressorCoolStage1On,,Home,76,70,76.1,52,84.3,0,300,0,0,300,,76.2,52,76,0,
2025-07-07,20:15:00,cool,compressorCoolOff,,Home,76,70,75.8,51,84.3,0,0,0,0,45,,76,51,75.7,0,
2025-07-07,20:20:00,cool,compressorCoolOff,,Home,76,70,75.7,53,84.3,0,0,0,0,0,,76,53,75.4,0,
2025-07-07,20:25:00,cool,compressorCoolOff,,Home,76,70,75.9,54,84.3,0,0,0,0,0,,76.3,54,75.5,0,
2025-07-07,20:30:00,cool,compressorCoolOff,,Home,76,70,76.1,54,82.8,0,0,0,0,0,,76.4,54,75.8,0,
2025-07-07,20:35:00,cool,compressorCoolOff,,Home,76,70,76.3,54,82.8,0,60,0,0,60,,76.5,54,76,0,
2025-07-07,20:40:00,cool,compressorCoolStage1On,,Home,76,70,76.4,54,82.8,0,300,0,0,300,,76.5,54,76.4,0,
2025-07-07,20:45:00,cool,compressorCoolStage1On,,Home,76,70,76.3,53,82.8,0,300,0,0,300,,76.2,53,76.4,0,
2025-07-07,20:50:00,cool,compressorCoolStage1On,,Home,76,70,76,52,82.8,0,30,0,0,75,,76,52,76,0,
2025-07-07,20:55:00,cool,compressorCoolOff,,Home,76,70,75.8,53,82.8,0,0,0,0,0,,76,53,75.6,0,
2025-07-07,21:00:00,cool,compressorCoolOff,,Home,76,70,75.8,54,81.7,0,0,0,0,0,,76.2,54,75.6,0,
2025-07-07,21:05:00,cool,compressorCoolOff,,Home,76,70,76,55,81.7,0,0,0,0,0,,76.3,55,75.8,0,
2025-07-07,21:10:00,cool,compressorCoolOff,,Home,76,70,76.2,55,81.7,0,0,0,0,0,,76.5,55,76,0,
2025-07-07,21:15:00,cool,compressorCoolOff,,Home,76,70,76.4,55,81.7,0,90,0,0,90,,76.6,55,76.2,0,
2025-07-07,21:20:00,cool,compressorCoolStage1On,,Home,76,70,76.5,54,81.7,0,300,0,0,300,,76.6,54,76.4,0,
2025-07-07,21:25:00,cool,compressorCoolStage1On,,Home,76,70,76.3,52,81.7,0,285,0,0,300,,76.4,52,76.3,0,
2025-07-07,21:30:00,cool,compressorCoolOff,,Home,76,70,75.9,51,81.4,0,0,0,0,30,,76.1,51,75.8,0,
2025-07-07,21:35:00,cool,compressorCoolOff,,Home,76,70,75.8,52,81.4,0,0,0,0,0,,76.1,52,75.6,0,
2025-07-07,21:40:00,cool,compressorCoolOff,,Home,76,70,75.8,54,81.4,0,0,0,0,0,,76.1,54,75.6,0,
2025-07-07,21:45:00,cool,compressorCoolOff,,Home,76,70,76,54,81.4,0,0,0,0,0,,76.2,54,75.8,0,
2025-07-07,21:50:00,cool,compressorCoolOff,,Home,76,70,76.2,54,81.4,0,0,0,0,0,,76.3,54,76.1,0,
2025-07-07,21:55:00,cool,compressorCoolOff,,Home,76,70,76.3,55,81.4,0,0,0,0,0,,76.4,55,76.3,0,
2025-07-07,22:00:00,cool,compressorCoolOff,,Home,76,70,76.4,55,80.6,0,150,0,0,150,,76.5,55,76.4,0,
2025-07-07,22:05:00,cool,compressorCoolStage1On,,Home,76,70,76.4,54,80.6,0,300,0,0,300,,76.5,54,76.4,0,
2025-07-07,22:10:00,cool,compressorCoolStage1On,,Home,76,70,76.3,52,80.6,0,300,0,0,300,,76.3,52,76.2,0,
2025-07-07,22:15:00,cool,compressorCoolStage1On,,Home,76,70,75.9,51,80.6,0,75,0,0,120,,76,51,75.9,0,
2025-07-07,22:20:00,cool,compressorCoolOff,,Home,76,70,75.8,52,80.6,0,0,0,0,0,,76,52,75.6,0,
2025-07-07,22:25:00,cool,compressorCoolOff,,Home,76,70,75.8,54,80.6,0,0,0,0,0,,76.1,54,75.6,0,
2025-07-07,22:30:00,cool,compressorCoolOff,,Home,76,70,76,54,80.6,0,0,0,0,0,,76.3,54,75.8,0,
2025-07-07,22:35:00,cool,compressorCoolOff,,Home,76,70,76.1,54,80.6,0,0,0,0,0,,76.4,54,75.9,0,
2025-07-07,22:40:00,cool,compressorCoolOff,,Home,76,70,76.2,54,80.6,0,0,0,0,0,,76.4,54,76.1,0,
2025-07-07,22:45:00,cool,compressorCoolOff,,Home,76,70,76.3,55,80.6,0,0,0,0,0,,76.4,55,76.3,0,
2025-07-07,22:50:00,cool,compressorCoolOff,,Home,76,70,76.4,55,80.6,0,0,0,0,0,,76.5,55,76.4,0,
2025-07-07,22:55:00,cool,compressorCoolOff,,Home,76,70,76.4,55,80.6,0,210,0,0,210,,76.5,55,76.4,0,
2025-07-07,23:00:00,cool,compressorCoolStage1On,,Home,76,70,76.4,54,79.3,0,300,0,0,300,,76.5,54,76.4,0,
2025-07-07,23:05:00,cool,compressorCoolStage1On,,Home,76,70,76.2,52,79.3,0,300,0,0,300,,76.3,52,76.3,0,
2025-07-07,23:10:00,cool,compressorCoolOff,,Home,76,70,75.9,51,79.3,0,0,0,0,45,,75.9,51,75.9,0,
2025-07-07,23:15:00,cool,compressorCoolOff,,Home,76,70,75.7,53,79.3,0,0,0,0,0,,76,53,75.4,0,
2025-07-07,23:20:00,cool,compressorCoolOff,,Home,76,70,75.7,55,79.3,0,0,0,0,0,,76.1,55,75.4,0,
2025-07-07,23:25:00,cool,compressorCoolOff,,Home,76,70,75.9,55,79.3,0,0,0,0,0,,76.3,55,75.6,0,
2025-07-07,23:30:00,cool,compressorCoolOff,,Home,76,70,76.1,54,79.3,0,0,0,0,0,,76.4,54,75.9,0,
2025-07-07,23:35:00,cool,compressorCoolOff,,Home,76,70,76.2,54,79.3,0,0,0,0,0,,76.4,54,76,0,
2025-07-07,23:40:00,cool,compressorCoolOff,,Home,76,70,76.2,55,79.3,0,0,0,0,0,,76.4,55,76,0,
2025-07-07,23:45:00,cool,compressorCoolOff,,Home,76,70,76.2,55,79.3,0,0,0,0,0,,76.5,55,76.1,0,
2025-07-07,23:50:00,cool,compressorCoolOff,,Home,76,70,76.3,55,79.3,0,0,0,0,0,,76.5,55,76.3,0,
2025-07-07,23:55:00,cool,compressorCoolOff,,Home,76.4,68.4,76.5,55,79.3,0,0,0,0,0,,76.6,55,76.4,0,
2025-07-08,00:00:00,cool,compressorCoolOff,,Sleep,78,62,76.5,55,78.9,0,0,0,0,0,,76.6,55,76.4,0,
2025-07-08,00:05:00,cool,compressorCoolOff,,Sleep,78,62,76.5,55,78.9,0,0,0,0,0,,76.6,55,76.4,0,
2025-07-08,00:10:00,cool,compressorCoolOff,,Sleep,78,62,76.5,55,78.9,0,0,0,0,0,,76.7,55,76.4,0,
2025-07-08,00:15:00,cool,compressorCoolOff,,Sleep,78,62,76.5,56,78.9,0,0,0,0,0,,76.7,56,76.4,0,
2025-07-08,00:20:00,cool,compressorCoolOff,,Sleep,78,62,76.5,57,78.9,0,0,0,0,0,,76.7,57,76.4,0,
2025-07-08,00:25:00,cool,compressorCoolOff,,Sleep,78,62,76.6,57,78.9,0,0,0,0,0,,76.7,57,76.5,0,
2025-07-08,00:30:00,cool,compressorCoolOff,,Sleep,78,62,76.6,57,78.9,0,0,0,0,0,,76.8,57,76.5,0,
2025-07-08,00:35:00,cool,compressorCoolOff,,Sleep,78,62,76.6,57,78.9,0,0,0,0,0,,76.8,57,76.6,0,
2025-07-08,00:40:00,cool,compressorCoolOff,,Sleep,78,62,76.7,57,78.9,0,0,0,0,0,,76.7,57,76.7,0,
2025-07-08,00:45:00,cool,compressorCoolOff,,Sleep,78,62,76.7,57,78.9,0,0,0,0,0,,76.7,57,76.7,0,
2025-07-08,00:50:00,cool,compressorCoolOff,,Sleep,78,62,76.7,57,78.9,0,0,0,0,0,,76.8,57,76.7,0,
2025-07-08,00:55:00,cool,compressorCoolOff,,Sleep,78,62,76.7,57,78.9,0,0,0,0,0,,76.8,57,76.7,0,
2025-07-08,01:00:00,cool,compressorCoolOff,,Sleep,78,62,76.7,57,78.3,0,0,0,0,0,,76.8,57,76.7,0,
2025-07-08,01:05:00,cool,compressorCoolOff,,Sleep,78,62,76.8,57,78.3,0,0,0,0,0,,76.9,57,76.7,0,
2025-07-08,01:10:00,cool,compressorCoolOff,,Sleep,78,62,76.8,57,78.3,0,0,0,0,0,,76.9,57,76.7,0,
2025-07-08,01:15:00,cool,compressorCoolOff,,Sleep,78,62,76.8,57,78.3,0,0,0,0,0,,76.9,57,76.7,0,
2025-07-08,01:20:00,cool,compressorCoolOff,,Sleep,78,62,76.8,57,78.3,0,0,0,0,0,,76.9,57,76.7,0,
2025-07-08,01:25:00,cool,compressorCoolOff,,Sleep,78,62,76.8,57,78.3,0,0,0,0,0,,77,57,76.7,0,
2025-07-08,01:30:00,cool,compressorCoolOff,,Sleep,78,62,76.8,57,77.8,0,0,0,0,0,,77,57,76.7,0,
2025-07-08,01:35:00,cool,compressorCoolOff,,Sleep,78,62,76.8,58,77.8,0,0,0,0,0,,77,58,76.7,0,
2025-07-08,01:40:00,cool,compressorCoolOff,,Sleep,78,62,76.9,58,77.8,0,0,0,0,0,,77,58,76.9,0,
2025-07-08,01:45:00,cool,compressorCoolOff,,Sleep,78,62,76.9,57,77.8,0,0,0,0,0,,77,57,76.9,0,
2025-07-08,01:50:00,cool,compressorCoolOff,,Sleep,78,62,76.9,57,77.8,0,0,0,0,0,,76.9,57,76.9,0,
2025-07-08,01:55:00,cool,compressorCoolOff,,Sleep,78,62,76.9,57,77.8,0,0,0,0,0,,76.9,57,76.9,0,
2025-07-08,02:00:00,cool,compressorCoolOff,,Sleep,78,62,76.9,57,77.4,0,0,0,0,0,,76.9,57,76.9,0,
2025-07-08,02:05:00,cool,compressorCoolOff,,Sleep,78,62,76.9,57,77.4,0,0,0,0,0,,77,57,76.9,0,
2025-07-08,02:10:00,cool,compressorCoolOff,,Sleep,78,62,76.9,57,77.4,0,0,0,0,0,,77,57,76.9,0,
2025-07-08,02:15:00,cool,compressorCoolOff,,Sleep,78,62,77,58,77.4,0,0,0,0,0,,77.1,58,76.9,0,
2025-07-08,02:20:00,cool,compressorCoolOff,,Sleep,78,62,77,58,77.4,0,0,0,0,0,,77.1,58,76.9,0,
2025-07-08,02:25:00,cool,compressorCoolOff,,Sleep,78,62,77,58,77.4,0,0,0,0,0,,77.1,58,76.9,0,
2025-07-08,02:30:00,cool,compressorCoolOff,,Sleep,78,62,77,58,77.1,0,0,0,0,0,,77.1,58,76.9,0,
2025-07-08,02:35:00,cool,compressorCoolOff,,Sleep,78,62,77,58,77.1,0,0,0,0,0,,77.1,58,76.9,0,
2025-07-08,02:40:00,cool,compressorCoolOff,,Sleep,78,62,77,58,77.1,0,0,0,0,0,,77.1,58,76.9,0,
2025-07-08,02:45:00,cool,compressorCoolOff,,Sleep,78,62,77.1,58,77.1,0,0,0,0,0,,77.1,58,77.1,0,
2025-07-08,02:50:00,cool,compressorCoolOff,,Sleep,78,62,77.1,58,77.1,0,0,0,0,0,,77.1,58,77.1,0,
2025-07-08,02:55:00,cool,compressorCoolOff,,Sleep,78,62,77,58,77.1,0,0,0,0,0,,77.1,58,76.9,0,
2025-07-08,03:00:00,cool,compressorCoolOff,,Sleep,78,62,77,58,76.8,0,0,0,0,0,,77.1,58,77,0,
2025-07-08,03:05:00,cool,compressorCoolOff,,Sleep,78,62,76.9,57,76.8,0,0,0,0,0,,77,57,76.9,0,
2025-07-08,03:10:00,cool,compressorCoolOff,,Sleep,78,62,76.9,57,76.8,0,0,0,0,0,,76.9,57,76.9,0,
2025-07-08,03:15:00,cool,compressorCoolOff,,Sleep,78,62,76.9,58,76.8,0,0,0,0,0,,77,58,76.9,0,
2025-07-08,03:20:00,cool,compressorCoolOff,,Sleep,78,62,77.1,58,76.8,0,0,0,0,0,,77.1,58,77.1,0,
2025-07-08,03:25:00,cool,compressorCoolOff,,Sleep,78,62,77,58,76.8,0,0,0,0,0,,77.1,58,77,0,
2025-07-08,03:30:00,cool,compressorCoolOff,,Sleep,78,62,77,58,76.8,0,0,0,0,0,,77.1,58,76.9,0,
2025-07-08,03:35:00,cool,compressorCoolOff,,Sleep,78,62,77,58,76.8,0,0,0,0,0,,77.1,58,76.9,0,
2025-07-08,03:40:00,cool,compressorCoolOff,,Sleep,78,62,77,58,76.8,0,0,0,0,0,,77.2,58,76.9,0,
2025-07-08,03:45:00,cool,compressorCoolOff,,Sleep,78,62,77,58,76.8,0,0,0,0,0,,77.2,58,76.9,0,
2025-07-08,03:50:00,cool,compressorCoolOff,,Sleep,78,62,77,58,76.8,0,0,0,0,0,,77.2,58,77,0,
2025-07-08,03:55:00,cool,compressorCoolOff,,Sleep,78,62,77.1,58,76.8,0,0,0,0,0,,77.2,58,77.1,0,
2025-07-08,04:00:00,cool,compressorCoolOff,,Sleep,78,62,77.1,58,76.2,0,0,0,0,0,,77.2,58,77.1,0,
2025-07-08,04:05:00,cool,compressorCoolOff,,Sleep,78,62,77.1,58,76.2,0,0,0,0,0,,77.2,58,77.1,0,
2025-07-08,04:10:00,cool,compressorCoolOff,,Sleep,78,62,77.1,58,76.2,0,0,0,0,0,,77.2,58,77.1,0,
2025-07-08,04:15:00,cool,compressorCoolOff,,Sleep,78,62,77.1,58,76.2,0,0,0,0,0,,77.2,58,77.1,0,
2025-07-08,04:20:00,cool,compressorCoolOff,,Sleep,78,62,77.1,58,76.2,0,0,0,0,0,,77.2,58,77.1,0,
2025-07-08,04:25:00,cool,compressorCoolOff,,Sleep,78,62,77.2,58,76.2,0,0,0,0,0,,77.3,58,77.1,0,
2025-07-08,04:30:00,cool,compressorCoolOff,,Sleep,78,62,77.1,58,76.2,0,0,0,0,0,,77.2,58,77.1,0,
2025-07-08,04:35:00,cool,compressorCoolOff,,Sleep,78,62,77.1,58,76.2,0,0,0,0,0,,77.2,58,77.1,0,
2025-07-08,04:40:00,cool,compressorCoolOff,,Sleep,78,62,77.1,58,76.2,0,0,0,0,0,,77.2,58,77.1,0,
2025-07-08,04:45:00,cool,compressorCoolOff,,Sleep,78,62,77.1,58,76.2,0,0,0,0,0,,77.1,58,77.1,0,
2025-07-08,04:50:00,cool,compressorCoolOff,,Sleep,78,62,77.1,58,76.2,0,0,0,0,0,,77.1,58,77.1,0,
2025-07-08,04:55:00,cool,compressorCoolOff,,Sleep,78,62,77.1,58,76.2,0,0,0,0,0,,77.1,58,77.1,0,
2025-07-08,05:00:00,cool,compressorCoolOff,,Sleep,78,62,77.1,58,75.7,0,0,0,0,0,,77.1,58,77.1,0,
2025-07-08,05:05:00,cool,compressorCoolOff,,Sleep,78,62,77.1,58,75.7,0,0,0,0,0,,77.2,58,77.1,0,
2025-07-08,05:10:00,cool,compressorCoolOff,,Sleep,78,62,77.1,58,75.7,0,0,0,0,0,,77.2,58,77.1,0,
2025-07-08,05:15:00,cool,compressorCoolOff,,Sleep,78,62,77.1,58,75.7,0,0,0,0,0,,77.2,58,77.1,0,
2025-07-08,05:20:00,cool,compressorCoolOff,,Sleep,78,62,77.1,58,75.7,0,0,0,0,0,,77.2,58,77.1,0,
2025-07-08,05:25:00,cool,compressorCoolOff,,Sleep,78,62,77.1,58,75.7,0,0,0,0,0,,77.2,58,77.1,0,
2025-07-08,05:30:00,cool,compressorCoolOff,,Sleep,78,62,77.1,58,75.7,0,0,0,0,0,,77.2,58,77.1,0,
2025-07-08,05:35:00,cool,compressorCoolOff,,Sleep,78,62,77.1,58,75.7,0,0,0,0,0,,77.2,58,77.1,0,
2025-07-08,05:40:00,cool,compressorCoolOff,,Sleep,78,62,77.2,58,75.7,0,0,0,0,0,,77.3,58,77.1,0,
2025-07-08,05:45:00,cool,compressorCoolOff,,Sleep,78,62,77.2,58,75.7,0,0,0,0,0,,77.3,58,77.1,0,
2025-07-08,05:50:00,cool,compressorCoolOff,,Sleep,78,62,77.2,58,75.7,0,0,0,0,0,,77.3,58,77.1,0,
2025-07-08,05:55:00,cool,compressorCoolOff,,Sleep,78,62,77.2,58,75.7,0,0,0,0,0,,77.3,58,77.1,0,
2025-07-08,06:00:00,cool,compressorCoolOff,,Sleep,78,62,77.2,58,75.6,0,0,0,0,0,,77.3,58,77.1,0,
2025-07-08,06:05:00,cool,compressorCoolOff,,Sleep,78,62,77.2,58,75.6,0,0,0,0,0,,77.3,58,77.1,0,
2025-07-08,06:10:00,cool,compressorCoolOff,,Sleep,78,62,77.2,58,75.6,0,0,0,0,0,,77.3,58,77.1,0,
2025-07-08,06:15:00,cool,compressorCoolOff,,Sleep,78,62,77.2,59,75.6,0,0,0,0,0,,77.3,59,77.1,0,
2025-07-08,06:20:00,cool,compressorCoolOff,,Sleep,78,62,77.2,59,75.6,0,0,0,0,0,,77.4,59,77.1,0,
2025-07-08,06:25:00,cool,compressorCoolOff,,Sleep,78,62,77.2,59,75.6,0,0,0,0,0,,77.4,59,77.1,0,
2025-07-08,06:30:00,cool,compressorCoolOff,,Sleep,78,62,77.2,59,76.3,0,0,0,0,0,,77.4,59,77.1,0,
2025-07-08,06:35:00,cool,compressorCoolOff,,Sleep,78,62,77.2,59,76.3,0,0,0,0,0,,77.4,59,77.1,0,
2025-07-08,06:40:00,cool,compressorCoolOff,,Sleep,78,62,77.2,59,76.3,0,0,0,0,0,,77.4,59,77.1,0,
2025-07-08,06:45:00,cool,compressorCoolOff,,Sleep,78,62,77.2,59,76.3,0,0,0,0,0,,77.4,59,77.1,0,
2025-07-08,06:50:00,cool,compressorCoolOff,,Sleep,78,62,77.2,59,76.3,0,0,0,0,0,,77.4,59,77.1,0,
2025-07-08,06:55:00,cool,compressorCoolOff,,Sleep,78,62,77.2,58,76.3,0,0,0,0,0,,77.3,58,77.1,0,
2025-07-08,07:00:00,cool,compressorCoolOff,,Sleep,78,62,77.1,58,77.1,0,0,0,0,0,,77.2,58,77.1,0,
2025-07-08,07:05:00,cool,compressorCoolOff,,Sleep,78,62,77.1,58,77.1,0,0,0,0,0,,77.1,58,77.1,0,
2025-07-08,07:10:00,cool,compressorCoolOff,,Sleep,78,62,77.1,58,77.1,0,0,0,0,0,,77.1,58,77.1,0,
2025-07-08,07:15:00,cool,compressorCoolOff,,Sleep,78,62,77.1,59,77.1,0,0,0,0,0,,77.2,59,77.1,0,
2025-07-08,07:20:00,cool,compressorCoolOff,,Sleep,78,62,77.1,59,77.1,0,0,0,0,0,,77.2,59,77.1,0,
2025-07-08,07:25:00,cool,compressorCoolOff,,Sleep,78,62,77.1,59,77.1,0,0,0,0,0,,77.2,59,77.1,0,
2025-07-08,07:30:00,cool,compressorCoolOff,,Sleep,78,62,77.2,59,77.1,0,195,0,0,195,,77.3,59,77.1,0,
2025-07-08,07:35:00,cool,compressorCoolStage1On,(SmartRecovery),Sleep,78,62,77.1,57,77.1,0,300,0,0,300,,77.2,57,77,0,
2025-07-08,07:40:00,cool,compressorCoolStage1On,(SmartRecovery),Sleep,78,62,76.8,55,77.1,0,300,0,0,300,,77,55,76.7,0,
2025-07-08,07:45:00,cool,compressorCoolStage1On,(SmartRecovery),Sleep,78,62,76.5,54,77.1,0,300,0,0,300,,76.7,54,76.4,0,
2025-07-08,07:50:00,cool,compressorCoolStage1On,(SmartRecovery),Sleep,78,62,76.1,53,77.1,0,240,0,0,285,,76.4,53,75.8,0,
2025-07-08,07:55:00,cool,compressorCoolOff,,Sleep,77.7,63.2,75.7,53,77.1,0,0,0,0,0,,76.2,53,75.3,0,
2025-07-08,08:00:00,cool,compressorCoolOff,,Home,76,70,75.7,54,79.9,0,0,0,0,0,,76.2,54,75.2,0,
2025-07-08,08:05:00,cool,compressorCoolOff,,Home,76,70,75.8,54,79.9,0,0,0,0,0,,76.4,54,75.3,0,
2025-07-08,08:10:00,cool,compressorCoolOff,,Home,76,70,76,55,79.9,0,0,0,0,0,,76.5,55,75.5,0,
2025-07-08,08:15:00,cool,compressorCoolOff,,Home,76,70,76.1,55,79.9,0,0,0,0,0,,76.7,55,75.6,0,
2025-07-08,08:20:00,cool,compressorCoolOff,,Home,76,70,76.3,55,79.9,0,0,0,0,0,,76.8,55,75.8,0,
2025-07-08,08:25:00,cool,compressorCoolOff,,Home,76,70,76.4,56,79.9,0,60,0,0,60,,76.8,56,76,0,
2025-07-08,08:30:00,cool,compressorCoolStage1On,,Home,76,70,76.4,56,79.9,0,300,0,0,300,,76.8,56,76.1,0,
2025-07-08,08:35:00,cool,compressorCoolStage1On,,Home,76,70,76.3,54,79.9,0,300,0,0,300,,76.6,54,76,0,
2025-07-08,08:40:00,cool,compressorCoolStage1On,,Home,76,70,75.9,52,79.9,0,15,0,0,60,,76.3,52,75.6,0,
2025-07-08,08:45:00,cool,compressorCoolOff,,Home,76,70,75.8,54,79.9,0,0,0,0,0,,76.3,54,75.4,0,
2025-07-08,08:50:00,cool,compressorCoolOff,,Home,76,70,75.9,55,79.9,0,0,0,0,0,,76.4,55,75.5,0,
2025-07-08,08:55:00,cool,compressorCoolOff,,Home,76,70,76.1,55,79.9,0,0,0,0,0,,76.5,55,75.7,0,
2025-07-08,09:00:00,cool,compressorCoolOff,,Home,76,70,76.2,55,83,0,0,0,0,0,,76.6,55,75.9,0,
2025-07-08,09:05:00,cool,compressorCoolOff,,Home,76,70,76.3,56,83,0,15,0,0,15,,76.7,56,76,0,
2025-07-08,09:10:00,cool,compressorCoolStage1On,,Home,76,70,76.5,56,83,0,300,0,0,300,,76.8,56,76.2,0,
2025-07-08,09:15:00,cool,compressorCoolStage1On,,Home,76,70,76.4,54,83,0,300,0,0,300,,76.6,54,76.3,0,
2025-07-08,09:20:00,cool,compressorCoolStage1On,,Home,76,70,76.2,52,83,0,270,0,0,300,,76.3,52,76.1,0,
2025-07-08,09:25:00,cool,compressorCoolOff,,Home,76,70,75.8,53,83,0,0,0,0,15,,76,53,75.6,0,
2025-07-08,09:30:00,cool,compressorCoolOff,,Home,76,70,75.6,53,84.9,0,0,0,0,0,,76.1,53,75.2,0,
2025-07-08,09:35:00,cool,compressorCoolOff,,Home,76,70,75.8,55,84.9,0,0,0,0,0,,76.2,55,75.3,0,
2025-07-08,09:40:00,cool,compressorCoolOff,,Home,76,70,75.9,56,84.9,0,0,0,0,0,,76.4,56,75.5,0,
2025-07-08,09:45:00,cool,compressorCoolOff,,Home,76,70,76,57,84.9,0,0,0,0,0,,76.5,57,75.6,0,
2025-07-08,09:50:00,cool,compressorCoolOff,,Home,76,70,76.1,57,84.9,0,0,0,0,0,,76.6,57,75.7,0,
2025-07-08,09:55:00,cool,compressorCoolOff,,Home,76,70,76.2,57,84.9,0,0,0,0,0,,76.7,57,75.9,0,
2025-07-08,10:00:00,cool,compressorCoolOff,,Home,76,70,76.3,56,86.5,0,0,0,0,0,,76.7,56,76,0,
2025-07-08,10:05:00,cool,compressorCoolOff,,Home,76,70,76.3,56,86.5,0,0,0,0,0,,76.6,56,76,0,
2025-07-08,10:10:00,cool,compressorCoolOff,,Home,76,70,76.4,56,86.5,0,0,0,0,0,,76.6,56,76.2,0,
2025-07-08,10:15:00,cool,compressorCoolOff,,Home,76,70,76.4,56,86.5,0,30,0,0,30,,76.7,56,76.2,0,
2025-07-08,10:20:00,cool,compressorCoolStage1On,,Home,76,70,76.5,55,86.5,0,300,0,0,300,,76.7,55,76.4,0,
2025-07-08,10:25:00,cool,compressorCoolStage1On,,Home,76,70,76.4,54,86.5,0,300,0,0,300,,76.6,54,76.2,0,
2025-07-08,10:30:00,cool,compressorCoolStage1On,,Home,76,70,76,52,86.5,0,180,0,0,225,,76.3,52,75.8,0,
2025-07-08,10:35:00,cool,compressorCoolOff,,Home,76,70,75.7,53,86.5,0,0,0,0,0,,76.2,53,75.3,0,
2025-07-08,10:40:00,cool,compressorCoolOff,,Home,76,70,75.7,54,86.5,0,0,0,0,0,,76.3,54,75.2,0,
2025-07-08,10:45:00,cool,compressorCoolOff,,Home,76,70,75.8,55,86.5,0,0,0,0,0,,76.4,55,75.3,0,
2025-07-08,10:50:00,cool,compressorCoolOff,,Home,76,70,76,56,86.5,0,0,0,0,0,,76.5,56,75.4,0,
2025-07-08,10:55:00,cool,compressorCoolOff,,Home,76,70,76.1,56,86.5,0,0,0,0,0,,76.6,56,75.6,0,
2025-07-08,11:00:00,cool,compressorCoolOff,,Home,76,70,76.2,56,90.4,0,0,0,0,0,,76.7,56,75.8,0,
2025-07-08,11:05:00,cool,compressorCoolOff,,Home,76,70,76.4,56,90.4,0,30,0,0,30,,76.8,56,76,0,
2025-07-08,11:10:00,cool,compressorCoolStage1On,,Home,76,70,76.4,55,90.4,0,300,0,0,300,,76.7,55,76.2,0,
2025-07-08,11:15:00,cool,compressorCoolStage1On,,Home,76,70,76.2,54,90.4,0,300,0,0,300,,76.5,54,76,0,
2025-07-08,11:20:00,cool,compressorCoolStage1On,,Home,76,70,75.9,53,90.4,0,45,0,0,90,,76.3,53,75.6,0,
2025-07-08,11:25:00,cool,compressorCoolOff,,Home,76,70,75.7,54,90.4,0,0,0,0,0,,76.2,54,75.3,0,
2025-07-08,11:30:00,cool,compressorCoolOff,,Home,76,70,75.7,55,90.4,0,0,0,0,0,,76.4,55,75.2,0,
2025-07-08,11:35:00,cool,compressorCoolOff,,Home,76,70,75.8,55,90.4,0,0,0,0,0,,76.5,55,75.3,0,
2025-07-08,11:40:00,cool,compressorCoolOff,,Home,76,70,76,55,90.4,0,0,0,0,0,,76.6,55,75.4,0,
2025-07-08,11:45:00,cool,compressorCoolOff,,Home,76,70,76.1,55,90.4,0,0,0,0,0,,76.7,55,75.6,0,
2025-07-08,11:50:00,cool,compressorCoolOff,,Home,76,70,76.3,56,90.4,0,0,0,0,0,,76.8,56,75.8,0,
2025-07-08,11:55:00,cool,compressorCoolOff,,Home,76,70,76.4,56,90.4,0,15,0,0,15,,76.8,56,76,0,
2025-07-08,12:00:00,cool,compressorCoolStage1On,,Home,76,70,76.5,55,92.2,0,300,0,0,300,,76.9,55,76.2,0,
2025-07-08,12:05:00,cool,compressorCoolStage1On,,Home,76,70,76.4,54,92.2,0,300,0,0,300,,76.7,54,76.2,0,
2025-07-08,12:10:00,cool,compressorCoolStage1On,,Home,76,70,76.1,53,92.2,0,285,0,0,300,,76.4,53,75.8,0,
2025-07-08,12:15:00,cool,compressorCoolOff,,Home,76,70,75.7,52,92.2,0,0,0,0,30,,76.2,52,75.3,0,
2025-07-08,12:20:00,cool,compressorCoolOff,,Home,76,70,75.7,54,92.2,0,0,0,0,0,,76.3,54,75.2,0,
2025-07-08,12:25:00,cool,compressorCoolOff,,Home,76,70,75.9,55,92.2,0,0,0,0,0,,76.4,55,75.4,0,
2025-07-08,12:30:00,cool,compressorCoolOff,,Home,76,70,76.2,55,92.8,0,0,0,0,0,,76.6,55,75.8,0,
2025-07-08,12:35:00,cool,compressorCoolOff,,Home,76,70,76.5,55,92.8,0,120,0,0,120,,76.8,55,76.2,0,
2025-07-08,12:40:00,cool,compressorCoolStage1On,,Home,76,70,76.7,55,92.8,0,300,0,0,300,,76.9,55,76.5,0,
2025-07-08,12:45:00,cool,compressorCoolStage1On,,Home,76,70,76.5,54,92.8,0,300,0,0,300,,76.7,54,76.4,0,
2025-07-08,12:50:00,cool,compressorCoolStage1On,,Home,76,70,76.2,54,92.8,0,285,0,0,300,,76.3,54,76.1,0,
2025-07-08,12:55:00,cool,compressorCoolOff,,Home,76,70,75.8,53,92.8,0,0,0,0,30,,76.1,53,75.6,0,
2025-07-08,13:00:00,cool,compressorCoolOff,,Home,76,70,75.8,54,93.3,0,0,0,0,0,,76.2,54,75.4,0,
2025-07-08,13:05:00,cool,compressorCoolOff,,Home,76,70,75.9,55,93.3,0,0,0,0,0,,76.4,55,75.5,0,
2025-07-08,13:10:00,cool,compressorCoolOff,,Home,76,70,76.3,55,93.3,0,0,0,0,0,,76.6,55,76,0,
2025-07-08,13:15:00,cool,compressorCoolOff,,Home,76,70,76.5,55,93.3,0,270,0,0,270,,76.8,55,76.3,0,
2025-07-08,13:20:00,cool,compressorCoolStage1On,,Home,76,70,76.5,54,93.3,0,300,0,0,300,,76.7,54,76.4,0,
2025-07-08,13:25:00,cool,compressorCoolStage1On,,Home,76,70,76.3,53,93.3,0,300,0,0,300,,76.5,53,76.2,0,
2025-07-08,13:30:00,cool,compressorCoolStage1On,,Home,76,70,75.9,52,93.8,0,210,0,0,255,,76.2,52,75.8,0,
2025-07-08,13:35:00,cool,compressorCoolOff,,Home,76,70,75.6,52,93.8,0,0,0,0,0,,76,52,75.3,0,
2025-07-08,13:40:00,cool,compressorCoolOff,,Home,76,70,75.6,54,93.8,0,0,0,0,0,,76.1,54,75.2,0,
2025-07-08,13:45:00,cool,compressorCoolOff,,Home,76,70,75.9,55,93.8,0,0,0,0,0,,76.3,55,75.6,0,
2025-07-08,13:50:00,cool,compressorCoolOff,,Home,76,70,76.2,55,93.8,0,0,0,0,0,,76.5,55,75.9,0,
2025-07-08,13:55:00,cool,compressorCoolOff,,Home,76,70,76.5,55,93.8,0,255,0,0,255,,76.7,55,76.3,0,
2025-07-08,14:00:00,cool,compressorCoolStage1On,,Home,76,70,76.5,53,94,0,300,0,0,300,,76.7,53,76.4,0,
2025-07-08,14:05:00,cool,compressorCoolStage1On,,Home,76,70,76.3,52,94,0,300,0,0,300,,76.5,52,76.1,0,
2025-07-08,14:10:00,cool,compressorCoolStage1On,,Home,76,70,75.9,52,94,0,150,0,0,195,,76.2,52,75.8,0,
2025-07-08,14:15:00,cool,compressorCoolOff,,Home,76,70,75.8,52,94,0,0,0,0,0,,76,52,75.6,0,
2025-07-08,14:20:00,cool,compressorCoolOff,,Home,76,70,75.8,54,94,0,0,0,0,0,,76.1,54,75.6,0,
2025-07-08,14:25:00,cool,compressorCoolOff,,Home,76,70,76.1,55,94,0,0,0,0,0,,76.3,55,75.8,0,
2025-07-08,14:30:00,cool,compressorCoolOff,,Home,76,70,76.4,55,92.8,0,150,0,0,150,,76.5,55,76.4,0,
2025-07-08,14:35:00,cool,compressorCoolStage1On,,Home,76,70,76.5,54,92.8,0,300,0,0,300,,76.6,54,76.4,0,
2025-07-08,14:40:00,cool,compressorCoolStage1On,,Home,76,70,76.4,52,92.8,0,300,0,0,300,,76.5,52,76.4,0,
2025-07-08,14:45:00,cool,compressorCoolStage1On,,Home,76,70,76.2,52,92.8,0,300,0,0,300,,76.2,52,76.2,0,
2025-07-08,14:50:00,cool,compressorCoolStage1On,,Home,76,70,75.8,52,92.8,0,120,0,0,165,,75.9,52,75.8,0,
2025-07-08,14:55:00,cool,compressorCoolOff,,Home,76,70,75.7,52,92.8,0,0,0,0,0,,75.9,52,75.6,0,
2025-07-08,15:00:00,cool,compressorCoolOff,,Home,76,70,75.8,54,91.6,0,0,0,0,0,,76.1,54,75.7,0,
2025-07-08,15:05:00,cool,compressorCoolOff,,Home,76,70,76.1,55,91.6,0,0,0,0,0,,76.2,55,76,0,
2025-07-08,15:10:00,cool,compressorCoolOff,,Home,76,70,76.4,55,91.6,0,60,0,0,60,,76.5,55,76.4,0,
2025-07-08,15:15:00,cool,compressorCoolStage1On,,Home,76,70,76.6,54,91.6,0,300,0,0,300,,76.6,54,76.7,0,
2025-07-08,15:20:00,cool,compressorCoolStage1On,,Home,76,70,76.6,53,91.6,0,300,0,0,300,,76.5,53,76.7,0,
2025-07-08,15:25:00,cool,compressorCoolStage1On,,Home,76,70,76.3,52,91.6,0,300,0,0,300,,76.3,52,76.4,0,
2025-07-08,15:30:00,cool,compressorCoolStage1On,,Home,76,70,76,51,91.6,0,90,0,0,135,,76,51,76.1,0,
2025-07-08,15:35:00,cool,compressorCoolOff,,Home,76,70,76,53,91.6,0,0,0,0,0,,76,53,76,0,
2025-07-08,15:40:00,cool,compressorCoolOff,,Home,76,70,76.1,54,91.6,0,0,0,0,0,,76.2,54,76.2,0,
2025-07-08,15:45:00,cool,compressorCoolOff,,Home,76,70,76.3,55,91.6,0,0,0,0,0,,76.3,55,76.4,0,
2025-07-08,15:50:00,cool,compressorCoolOff,,Home,76,70,76.5,55,91.6,0,195,0,0,195,,76.4,55,76.6,0,
2025-07-08,15:55:00,cool,compressorCoolStage1On,,Home,76,70,76.6,54,91.6,0,300,0,0,300,,76.5,54,76.8,0,
2025-07-08,16:00:00,cool,compressorCoolStage1On,,Home,76,70,76.4,52,92.5,0,300,0,0,300,,76.3,52,76.6,0,
2025-07-08,16:05:00,cool,compressorCoolStage1On,,Home,76,70,76.2,51,92.5,0,285,0,0,300,,76.1,51,76.3,0,
2025-07-08,16:10:00,cool,compressorCoolOff,,Home,76,70,75.8,51,92.5,0,0,0,0,30,,75.9,51,75.8,0,
2025-07-08,16:15:00,cool,compressorCoolOff,,Home,76,70,75.7,52,92.5,0,0,0,0,0,,75.9,52,75.6,0,
2025-07-08,16:20:00,cool,compressorCoolOff,,Home,76,70,76,54,92.5,0,0,0,0,0,,76.1,54,75.9,0,
2025-07-08,16:25:00,cool,compressorCoolOff,,Home,76,70,76.2,55,92.5,0,0,0,0,0,,76.2,55,76.3,0,
2025-07-08,16:30:00,cool,compressorCoolOff,,Home,76,70,76.3,55,92.5,0,0,0,0,0,,76.4,55,76.4,0,
2025-07-08,16:35:00,cool,compressorCoolOff,,Home,76,70,76.5,55,92.5,0,180,0,0,180,,76.5,55,76.6,0,
2025-07-08,16:40:00,cool,compressorCoolStage1On,,Home,76,70,76.7,54,92.5,0,300,0,0,300,,76.5,54,76.9,0,
2025-07-08,16:45:00,cool,compressorCoolStage1On,,Home,76,70,76.5,52,92.5,0,300,0,0,300,,76.3,52,76.7,0,
2025-07-08,16:50:00,cool,compressorCoolStage1On,,Home,76,70,76.1,51,92.5,0,255,0,0,300,,76,51,76.3,0,
2025-07-08,16:55:00,cool,compressorCoolOff,,Home,76,70,75.8,51,92.5,0,0,0,0,0,,75.7,51,75.9,0,
2025-07-08,17:00:00,cool,compressorCoolOff,,Home,76,70,75.6,52,91.5,0,0,0,0,0,,75.7,52,75.6,0,
2025-07-08,17:05:00,cool,compressorCoolOff,,Home,76,70,75.9,54,91.5,0,0,0,0,0,,75.9,54,76,0,
2025-07-08,17:10:00,cool,compressorCoolOff,,Home,76,70,76.1,54,91.5,0,0,0,0,0,,76,54,76.3,0,
2025-07-08,17:15:00,cool,compressorCoolOff,,Home,76,70,76.4,54,91.5,0,105,0,0,105,,76.2,54,76.6,0,
2025-07-08,17:20:00,cool,compressorCoolStage1On,,Home,76,70,76.5,53,91.5,0,300,0,0,300,,76.2,53,76.8,0,
2025-07-08,17:25:00,cool,compressorCoolStage1On,,Home,76,70,76.3,52,91.5,0,300,0,0,300,,76,52,76.6,0,
2025-07-08,17:30:00,cool,compressorCoolStage1On,,Home,76,70,75.9,51,83.1,0,150,0,0,195,,75.7,51,76.2,0,
2025-07-08,17:35:00,cool,compressorCoolOff,,Home,76,70,75.6,51,83.1,0,0,0,0,0,,75.5,51,75.8,0,
2025-07-08,17:40:00,cool,compressorCoolOff,,Home,76,70,75.6,52,83.1,0,0,0,0,0,,75.6,52,75.7,0,
2025-07-08,17:45:00,cool,compressorCoolOff,,Home,76,70,75.9,53,83.1,0,0,0,0,0,,75.8,53,76,0,
2025-07-08,17:50:00,cool,compressorCoolOff,,Home,76,70,76,53,83.1,0,0,0,0,0,,76,53,76,0,
2025-07-08,17:55:00,cool,compressorCoolOff,,Home,76,70,76.1,54,83.1,0,0,0,0,0,,76.2,54,76.2,0,
2025-07-08,18:00:00,cool,compressorCoolOff,,Home,76,70,76.2,54,82,0,0,0,0,0,,76.3,54,76.2,0,
2025-07-08,18:05:00,cool,compressorCoolOff,,Home,76,70,76.3,54,82,0,0,0,0,0,,76.3,54,76.3,0,
2025-07-08,18:10:00,cool,compressorCoolOff,,Home,76,70,76.3,55,82,0,0,0,0,0,,76.3,55,76.4,0,
2025-07-08,18:15:00,cool,compressorCoolOff,,Home,76,70,76.3,55,82,0,0,0,0,0,,76.3,55,76.4,0,
2025-07-08,18:20:00,cool,compressorCoolOff,,Home,76,70,76.4,55,82,0,0,0,0,0,,76.4,55,76.5,0,
2025-07-08,18:25:00,cool,compressorCoolOff,,Home,76,70,76.4,55,82,0,150,0,0,150,,76.4,55,76.5,0,
2025-07-08,18:30:00,cool,compressorCoolStage1On,,Home,76,70,76.5,54,82.8,0,300,0,0,300,,76.4,54,76.6,0,
2025-07-08,18:35:00,cool,compressorCoolStage1On,,Home,76,70,76.2,52,82.8,0,225,0,0,270,,76.1,52,76.3,0,
2025-07-08,18:40:00,cool,compressorCoolOff,,Home,76,70,75.8,51,82.8,0,0,0,0,0,,75.8,51,75.9,0,
2025-07-08,18:45:00,cool,compressorCoolOff,,Home,76,70,75.8,53,82.8,0,0,0,0,0,,75.8,53,75.8,0,
2025-07-08,18:50:00,cool,compressorCoolOff,,Home,76,70,75.9,54,82.8,0,0,0,0,0,,75.9,54,76,0,
2025-07-08,18:55:00,cool,compressorCoolOff,,Home,76,70,76.1,54,82.8,0,0,0,0,0,,76.1,54,76.1,0,
2025-07-08,19:00:00,cool,compressorCoolOff,,Home,76,70,76.2,54,82.8,0,0,0,0,0,,76.2,54,76.3,0,
2025-07-08,19:05:00,cool,compressorCoolOff,,Home,76,70,76.4,54,82.8,0,195,0,0,195,,76.3,54,76.5,0,
2025-07-08,19:10:00,cool,compressorCoolStage1On,,Home,76,70,76.4,52,82.8,0,300,0,0,300,,76.2,52,76.7,0,
2025-07-08,19:15:00,cool,compressorCoolStage1On,,Home,76,70,76.1,51,82.8,0,150,0,0,195,,75.9,51,76.4,0,
2025-07-08,19:20:00,cool,compressorCoolOff,,Home,76,70,75.8,52,82.8,0,0,0,0,0,,75.7,52,76,0,
2025-07-08,19:25:00,cool,compressorCoolOff,,Home,76,70,75.7,53,82.8,0,0,0,0,0,,75.7,53,75.8,0,
2025-07-08,19:30:00,cool,compressorCoolOff,,Home,76,70,75.8,54,82.8,0,0,0,0,0,,75.9,54,75.8,0,
2025-07-08,19:35:00,cool,compressorCoolOff,,Home,76,70,76,54,82.8,0,0,0,0,0,,76.1,54,76,0,
2025-07-08,19:40:00,cool,compressorCoolOff,,Home,76,70,76.2,54,82.8,0,0,0,0,0,,76.2,54,76.2,0,
2025-07-08,19:45:00,cool,compressorCoolOff,,Home,76,70,76.2,54,82.8,0,0,0,0,0,,76.3,54,76.2,0,
2025-07-08,19:50:00,cool,compressorCoolOff,,Home,76,70,76.3,54,82.8,0,0,0,0,0,,76.4,54,76.3,0,
2025-07-08,19:55:00,cool,compressorCoolOff,,Home,76,70,76.4,55,82.8,0,0,0,0,0,,76.4,55,76.4,0,
2025-07-08,20:00:00,cool,compressorCoolOff,,Home,76,70,76.4,55,80.3,0,0,0,0,0,,76.4,55,76.4,0,
2025-07-08,20:05:00,cool,compressorCoolOff,,Home,76,70,76.4,55,80.3,0,0,0,0,0,,76.4,55,76.4,0,
2025-07-08,20:10:00,cool,compressorCoolOff,,Home,76,70,76.4,55,80.3,0,0,0,0,0,,76.4,55,76.5,0,
2025-07-08,20:15:00,cool,compressorCoolOff,,Home,76,70,76.4,55,80.3,0,75,0,0,75,,76.4,55,76.5,0,
2025-07-08,20:20:00,cool,compressorCoolStage1On,,Home,76,70,76.4,54,80.3,0,300,0,0,300,,76.4,54,76.4,0,
2025-07-08,20:25:00,cool,compressorCoolStage1On,,Home,76,70,76.2,52,80.3,0,285,0,0,300,,76.2,52,76.3,0,
2025-07-08,20:30:00,cool,compressorCoolOff,,Home,76,70,75.7,51,80.3,0,0,0,0,30,,75.8,51,75.6,0,
2025-07-08,20:35:00,cool,compressorCoolOff,,Home,76,70,75.5,52,80.3,0,0,0,0,0,,75.8,52,75.2,0,
2025-07-08,20:40:00,cool,compressorCoolOff,,Home,76,70,75.5,54,80.3,0,0,0,0,0,,75.9,54,75.2,0,
2025-07-08,20:45:00,cool,compressorCoolOff,,Home,76,70,75.6,54,80.3,0,0,0,0,0,,76,54,75.3,0,
2025-07-08,20:50:00,cool,compressorCoolOff,,Home,76,70,75.7,54,80.3,0,0,0,0,0,,76.1,54,75.5,0,
2025-07-08,20:55:00,cool,compressorCoolOff,,Home,76,70,75.9,54,80.3,0,0,0,0,0,,76.2,54,75.6,0,
2025-07-08,21:00:00,cool,compressorCoolOff,,Home,76,70,76,55,79.1,0,0,0,0,0,,76.2,55,75.8,0,
2025-07-08,21:05:00,cool,compressorCoolOff,,Home,76,70,76.1,55,79.1,0,0,0,0,0,,76.2,55,76,0,
2025-07-08,21:10:00,cool,compressorCoolOff,,Home,76,70,76,55,79.1,0,0,0,0,0,,76.1,55,76,0,
2025-07-08,21:15:00,cool,compressorCoolOff,,Home,76,70,76.1,55,79.1,0,0,0,0,0,,76.1,55,76.2,0,
2025-07-08,21:20:00,cool,compressorCoolOff,,Home,76,70,76.2,55,79.1,0,0,0,0,0,,76.2,55,76.2,0,
2025-07-08,21:25:00,cool,compressorCoolOff,,Home,76,70,76.2,55,79.1,0,0,0,0,0,,76.2,55,76.2,0,
2025-07-08,21:30:00,cool,compressorCoolOff,,Home,76,70,76.2,55,79.1,0,0,0,0,0,,76.3,55,76.3,0,
2025-07-08,21:35:00,cool,compressorCoolOff,,Home,76,70,76.3,55,79.1,0,0,0,0,0,,76.3,55,76.4,0,
2025-07-08,21:40:00,cool,compressorCoolOff,,Home,76,70,76.4,55,79.1,0,0,0,0,0,,76.4,55,76.4,0,
2025-07-08,21:45:00,cool,compressorCoolOff,,Home,76,70,76.4,55,79.1,0,0,0,0,0,,76.4,55,76.5,0,
2025-07-08,21:50:00,cool,compressorCoolOff,,Home,76,70,76.5,55,79.1,0,180,0,0,180,,76.4,55,76.5,0,
2025-07-08,21:55:00,cool,compressorCoolStage1On,,Home,76,70,76.5,54,79.1,0,300,0,0,300,,76.4,54,76.6,0,
2025-07-08,22:00:00,cool,compressorCoolStage1On,,Home,76,70,76.2,52,78.1,0,240,0,0,285,,76.1,52,76.4,0,
2025-07-08,22:05:00,cool,compressorCoolOff,,Home,76,70,75.9,52,78.1,0,0,0,0,0,,75.9,52,75.9,0,
2025-07-08,22:10:00,cool,compressorCoolOff,,Home,76,70,75.7,54,78.1,0,0,0,0,0,,75.9,54,75.6,0,
2025-07-08,22:15:00,cool,compressorCoolOff,,Home,76,70,75.8,54,78.1,0,0,0,0,0,,76,54,75.7,0,
2025-07-08,22:20:00,cool,compressorCoolOff,,Home,76,70,76,54,78.1,0,0,0,0,0,,76.1,54,75.9,0,
2025-07-08,22:25:00,cool,compressorCoolOff,,Home,76,70,76.1,54,78.1,0,0,0,0,0,,76.2,54,76.1,0,
2025-07-08,22:30:00,cool,compressorCoolOff,,Home,76,70,76.2,55,77.8,0,0,0,0,0,,76.3,55,76.3,0,
2025-07-08,22:35:00,cool,compressorCoolOff,,Home,76,70,76.3,55,77.8,0,0,0,0,0,,76.3,55,76.4,0,
2025-07-08,22:40:00,cool,compressorCoolOff,,Home,76,70,76.4,55,77.8,0,0,0,0,0,,76.4,55,76.4,0,
2025-07-08,22:45:00,cool,compressorCoolOff,,Home,76,70,76.4,55,77.8,0,0,0,0,0,,76.4,55,76.5,0,
2025-07-08,22:50:00,cool,compressorCoolOff,,Home,76,70,76.4,55,77.8,0,45,0,0,45,,76.4,55,76.5,0,
2025-07-08,22:55:00,cool,compressorCoolStage1On,,Home,76,70,76.4,55,77.8,0,300,0,0,300,,76.3,55,76.6,0,
2025-07-08,23:00:00,cool,compressorCoolStage1On,,Home,76,70,76.2,53,77.5,0,300,0,0,300,,76.1,53,76.4,0,
2025-07-08,23:05:00,cool,compressorCoolStage1On,,Home,76,70,75.7,53,77.5,0,15,0,0,60,,75.8,53,75.6,0,
2025-07-08,23:10:00,cool,compressorCoolOff,,Home,76,70,75.5,53,77.5,0,0,0,0,0,,75.8,53,75.2,0,
2025-07-08,23:15:00,cool,compressorCoolOff,,Home,76,70,75.6,54,77.5,0,0,0,0,0,,75.9,54,75.3,0,
2025-07-08,23:20:00,cool,compressorCoolOff,,Home,76,70,75.7,54,77.5,0,0,0,0,0,,76.1,54,75.5,0,
2025-07-08,23:25:00,cool,compressorCoolOff,,Home,76,70,75.8,54,77.5,0,0,0,0,0,,76,54,75.7,0,
2025-07-08,23:30:00,cool,compressorCoolOff,,Home,76,70,75.9,55,77.3,0,0,0,0,0,,76,55,75.8,0,
2025-07-08,23:35:00,cool,compressorCoolOff,,Home,76,70,76,55,77.3,0,0,0,0,0,,76.1,55,76,0,
2025-07-08,23:40:00,cool,compressorCoolOff,,Home,76,70,76.1,55,77.3,0,0,0,0,0,,76.2,55,76,0,
2025-07-08,23:45:00,cool,compressorCoolOff,,Home,76,70,76.2,55,77.3,0,0,0,0,0,,76.2,55,76.2,0,
2025-07-08,23:50:00,cool,compressorCoolOff,,Home,76,70,76.2,55,77.3,0,0,0,0,0,,76.3,55,76.2,0,
2025-07-08,23:55:00,cool,compressorCoolOff,,Home,76.3,68.8,76.2,56,77.3,0,0,0,0,0,,76.3,56,76.3,0,
2025-07-09,00:00:00,cool,compressorCoolOff,,Sleep,78,62,76.3,57,77,0,0,0,0,0,,76.3,57,76.4,0,
2025-07-09,00:05:00,cool,compressorCoolOff,,Sleep,78,62,76.4,57,77,0,0,0,0,0,,76.4,57,76.4,0,
2025-07-09,00:10:00,cool,compressorCoolOff,,Sleep,78,62,76.4,57,77,0,0,0,0,0,,76.4,57,76.4,0,
2025-07-09,00:15:00,cool,compressorCoolOff,,Sleep,78,62,76.4,57,77,0,0,0,0,0,,76.4,57,76.4,0,
2025-07-09,00:20:00,cool,compressorCoolOff,,Sleep,78,62,76.4,57,77,0,0,0,0,0,,76.4,57,76.4,0,
2025-07-09,00:25:00,cool,compressorCoolOff,,Sleep,78,62,76.4,57,77,0,0,0,0,0,,76.4,57,76.4,0,
2025-07-09,00:30:00,cool,compressorCoolOff,,Sleep,78,62,76.5,57,77,0,0,0,0,0,,76.5,57,76.5,0,
2025-07-09,00:35:00,cool,compressorCoolOff,,Sleep,78,62,76.5,57,77,0,0,0,0,0,,76.5,57,76.5,0,
2025-07-09,00:40:00,cool,compressorCoolOff,,Sleep,78,62,76.5,57,77,0,0,0,0,0,,76.5,57,76.5,0,
2025-07-09,00:45:00,cool,compressorCoolOff,,Sleep,78,62,76.5,57,77,0,0,0,0,0,,76.5,57,76.5,0,
2025-07-09,00:50:00,cool,compressorCoolOff,,Sleep,78,62,76.5,57,77,0,0,0,0,0,,76.5,57,76.5,0,
2025-07-09,00:55:00,cool,compressorCoolOff,,Sleep,78,62,76.5,58,77,0,0,0,0,0,,76.5,58,76.5,0,
2025-07-09,01:00:00,cool,compressorCoolOff,,Sleep,78,62,76.5,58,75.3,0,0,0,0,0,,76.5,58,76.5,0,
2025-07-09,01:05:00,cool,compressorCoolOff,,Sleep,78,62,76.5,58,75.3,0,0,0,0,0,,76.5,58,76.6,0,
2025-07-09,01:10:00,cool,compressorCoolOff,,Sleep,78,62,76.6,58,75.3,0,0,0,0,0,,76.6,58,76.7,0,
2025-07-09,01:15:00,cool,compressorCoolOff,,Sleep,78,62,76.6,58,75.3,0,0,0,0,0,,76.6,58,76.7,0,
2025-07-09,01:20:00,cool,compressorCoolOff,,Sleep,78,62,76.6,58,75.3,0,0,0,0,0,,76.6,58,76.7,0,
2025-07-09,01:25:00,cool,compressorCoolOff,,Sleep,78,62,76.6,58,75.3,0,0,0,0,0,,76.6,58,76.7,0,
2025-07-09,01:30:00,cool,compressorCoolOff,,Sleep,78,62,76.6,58,75.3,0,0,0,0,0,,76.6,58,76.7,0,
2025-07-09,01:35:00,cool,compressorCoolOff,,Sleep,78,62,76.6,58,75.3,0,0,0,0,0,,76.6,58,76.7,0,
2025-07-09,01:40:00,cool,compressorCoolOff,,Sleep,78,62,76.7,58,75.3,0,0,0,0,0,,76.7,58,76.7,0,
2025-07-09,01:45:00,cool,compressorCoolOff,,Sleep,78,62,76.7,58,75.3,0,0,0,0,0,,76.7,58,76.7,0,
2025-07-09,01:50:00,cool,compressorCoolOff,,Sleep,78,62,76.7,58,75.3,0,0,0,0,0,,76.7,58,76.7,0,
2025-07-09,01:55:00,cool,compressorCoolOff,,Sleep,78,62,76.7,58,75.3,0,0,0,0,0,,76.7,58,76.8,0,
2025-07-09,02:00:00,cool,compressorCoolOff,,Sleep,78,62,76.8,58,74.8,0,0,0,0,0,,76.7,58,76.9,0,
2025-07-09,02:05:00,cool,compressorCoolOff,,Sleep,78,62,76.8,58,74.8,0,0,0,0,0,,76.7,58,76.9,0,
2025-07-09,02:10:00,cool,compressorCoolOff,,Sleep,78,62,76.8,58,74.8,0,0,0,0,0,,76.8,58,76.9,0,
2025-07-09,02:15:00,cool,compressorCoolOff,,Sleep,78,62,76.8,58,74.8,0,0,0,0,0,,76.8,58,76.9,0,
2025-07-09,02:20:00,cool,compressorCoolOff,,Sleep,78,62,76.8,58,74.8,0,0,0,0,0,,76.8,58,76.9,0,
2025-07-09,02:25:00,cool,compressorCoolOff,,Sleep,78,62,76.8,58,74.8,0,0,0,0,0,,76.8,58,76.9,0,
2025-07-09,02:30:00,cool,compressorCoolOff,,Sleep,78,62,76.8,58,74.8,0,0,0,0,0,,76.8,58,76.9,0,
2025-07-09,02:35:00,cool,compressorCoolOff,,Sleep,78,62,76.8,58,74.8,0,0,0,0,0,,76.8,58,76.9,0,
2025-07-09,02:40:00,cool,compressorCoolOff,,Sleep,78,62,76.9,58,74.8,0,0,0,0,0,,76.8,58,77,0,
2025-07-09,02:45:00,cool,compressorCoolOff,,Sleep,78,62,77,58,74.8,0,0,0,0,0,,76.9,58,77.1,0,
2025-07-09,02:50:00,cool,compressorCoolOff,,Sleep,78,62,77,58,74.8,0,0,0,0,0,,76.9,58,77.1,0,
2025-07-09,02:55:00,cool,compressorCoolOff,,Sleep,78,62,77,58,74.8,0,0,0,0,0,,76.9,58,77.1,0,
2025-07-09,03:00:00,cool,compressorCoolOff,,Sleep,78,62,77,58,74.6,0,0,0,0,0,,76.9,58,77.1,0,
2025-07-09,03:05:00,cool,compressorCoolOff,,Sleep,78,62,77,59,74.6,0,0,0,0,0,,76.9,59,77.1,0,
2025-07-09,03:10:00,cool,compressorCoolOff,,Sleep,78,62,77,59,74.6,0,0,0,0,0,,76.9,59,77.1,0,
2025-07-09,03:15:00,cool,compressorCoolOff,,Sleep,78,62,77,59,74.6,0,0,0,0,0,,76.9,59,77.1,0,
2025-07-09,03:20:00,cool,compressorCoolOff,,Sleep,78,62,77,59,74.6,0,0,0,0,0,,76.9,59,77.1,0,
2025-07-09,03:25:00,cool,compressorCoolOff,,Sleep,78,62,77,59,74.6,0,0,0,0,0,,77,59,77.1,0,
2025-07-09,03:30:00,cool,compressorCoolOff,,Sleep,78,62,77,59,73.8,0,0,0,0,0,,77,59,77.1,0,
2025-07-09,03:35:00,cool,compressorCoolOff,,Sleep,78,62,77,59,73.8,0,0,0,0,0,,77,59,77.1,0,
2025-07-09,03:40:00,cool,compressorCoolOff,,Sleep,78,62,77,59,73.8,0,0,0,0,0,,77,59,77.1,0,
2025-07-09,03:45:00,cool,compressorCoolOff,,Sleep,78,62,77,59,73.8,0,0,0,0,0,,77,59,77.1,0,
2025-07-09,03:50:00,cool,compressorCoolOff,,Sleep,78,62,77,59,73.8,0,0,0,0,0,,77,59,77.1,0,
2025-07-09,03:55:00,cool,compressorCoolOff,,Sleep,78,62,77,59,73.8,0,0,0,0,0,,77,59,77.1,0,
2025-07-09,04:00:00,cool,compressorCoolOff,,Sleep,78,62,77,59,73.6,0,0,0,0,0,,77,59,77.1,0,
2025-07-09,04:05:00,cool,compressorCoolOff,,Sleep,78,62,77,59,73.6,0,0,0,0,0,,77,59,77.1,0,
2025-07-09,04:10:00,cool,compressorCoolOff,,Sleep,78,62,77,59,73.6,0,0,0,0,0,,77,59,77.1,0,
2025-07-09,04:15:00,cool,compressorCoolOff,,Sleep,78,62,77,59,73.6,0,0,0,0,0,,77,59,77.1,0,
2025-07-09,04:20:00,cool,compressorCoolOff,,Sleep,78,62,77,59,73.6,0,0,0,0,0,,77,59,77.1,0,
2025-07-09,04:25:00,cool,compressorCoolOff,,Sleep,78,62,77,59,73.6,0,0,0,0,0,,77,59,77.1,0,
2025-07-09,04:30:00,cool,compressorCoolOff,,Sleep,78,62,77.1,59,73.6,0,0,0,0,0,,77.1,59,77.1,0,
2025-07-09,04:35:00,cool,compressorCoolOff,,Sleep,78,62,77,59,73.6,0,0,0,0,0,,77.1,59,77,0,
2025-07-09,04:40:00,cool,compressorCoolOff,,Sleep,78,62,77,59,73.6,0,0,0,0,0,,77.1,59,76.9,0,
2025-07-09,04:45:00,cool,compressorCoolOff,,Sleep,78,62,77,59,73.6,0,0,0,0,0,,77.1,59,76.9,0,
2025-07-09,04:50:00,cool,compressorCoolOff,,Sleep,78,62,77,58,73.6,0,0,0,0,0,,77.1,58,76.9,0,
2025-07-09,04:55:00,cool,compressorCoolOff,,Sleep,78,62,76.9,58,73.6,0,0,0,0,0,,77,58,76.9,0,
2025-07-09,05:00:00,cool,compressorCoolOff,,Sleep,78,62,76.9,59,73.5,0,0,0,0,0,,77,59,76.9,0,
2025-07-09,05:05:00,cool,compressorCoolOff,,Sleep,78,62,76.9,59,73.5,0,0,0,0,0,,77,59,76.9,0,
2025-07-09,05:10:00,cool,compressorCoolOff,,Sleep,78,62,76.9,59,73.5,0,0,0,0,0,,77,59,76.9,0,
2025-07-09,05:15:00,cool,compressorCoolOff,,Sleep,78,62,76.9,59,73.5,0,0,0,0,0,,77,59,76.9,0,
2025-07-09,05:20:00,cool,compressorCoolOff,,Sleep,78,62,76.9,59,73.5,0,0,0,0,0,,77,59,76.9,0,
2025-07-09,05:25:00,cool,compressorCoolOff,,Sleep,78,62,76.9,59,73.5,0,0,0,0,0,,77,59,76.9,0,
2025-07-09,05:30:00,cool,compressorCoolOff,,Sleep,78,62,76.9,59,73.5,0,0,0,0,0,,77,59,76.9,0,
2025-07-09,05:35:00,cool,compressorCoolOff,,Sleep,78,62,76.9,59,73.5,0,0,0,0,0,,77,59,76.9,0,
2025-07-09,05:40:00,cool,compressorCoolOff,,Sleep,78,62,77,59,73.5,0,0,0,0,0,,77.1,59,76.9,0,
2025-07-09,05:45:00,cool,compressorCoolOff,,Sleep,78,62,77,59,73.5,0,0,0,0,0,,77.1,59,76.9,0,
2025-07-09,05:50:00,cool,compressorCoolOff,,Sleep,78,62,77,59,73.5,0,0,0,0,0,,77.1,59,76.9,0,
2025-07-09,05:55:00,cool,compressorCoolOff,,Sleep,78,62,77,59,73.5,0,0,0,0,0,,77.1,59,76.9,0,
2025-07-09,06:00:00,cool,compressorCoolOff,,Sleep,78,62,77,59,73.5,0,0,0,0,0,,77.1,59,76.9,0,
2025-07-09,06:05:00,cool,compressorCoolOff,,Sleep,78,62,77,59,73.5,0,0,0,0,0,,77.1,59,76.9,0,
2025-07-09,06:10:00,cool,compressorCoolOff,,Sleep,78,62,77,59,73.5,0,0,0,0,0,,77.1,59,76.9,0,
2025-07-09,06:15:00,cool,compressorCoolOff,,Sleep,78,62,77,59,73.5,0,0,0,0,0,,77.1,59,76.9,0,
2025-07-09,06:20:00,cool,compressorCoolOff,,Sleep,78,62,77,59,73.5,0,0,0,0,0,,77.1,59,76.9,0,
2025-07-09,06:25:00,cool,compressorCoolOff,,Sleep,78,62,77,59,73.5,0,0,0,0,0,,77.1,59,76.9,0,
2025-07-09,06:30:00,cool,compressorCoolOff,,Sleep,78,62,77,59,74.4,0,0,0,0,0,,77.2,59,76.9,0,
2025-07-09,06:35:00,cool,compressorCoolOff,,Sleep,78,62,77.1,59,74.4,0,0,0,0,0,,77.2,59,77.1,0,
2025-07-09,06:40:00,cool,compressorCoolOff,,Sleep,78,62,77.1,59,74.4,0,0,0,0,0,,77.2,59,77.1,0,
2025-07-09,06:45:00,cool,compressorCoolOff,,Sleep,78,62,77.1,59,74.4,0,0,0,0,0,,77.2,59,77.1,0,
2025-07-09,06:50:00,cool,compressorCoolOff,,Sleep,78,62,77.1,59,74.4,0,0,0,0,0,,77.2,59,77.1,0,
2025-07-09,06:55:00,cool,compressorCoolOff,,Sleep,78,62,77.1,59,74.4,0,0,0,0,0,,77.2,59,77.1,0,
2025-07-09,07:00:00,cool,compressorCoolOff,,Sleep,78,62,77.1,59,74.9,0,0,0,0,0,,77.2,59,77.1,0,
2025-07-09,07:05:00,cool,compressorCoolOff,,Sleep,78,62,77.1,59,74.9,0,0,0,0,0,,77.2,59,77.1,0,
2025-07-09,07:10:00,cool,compressorCoolOff,,Sleep,78,62,77.1,59,74.9,0,0,0,0,0,,77.2,59,77.1,0,
2025-07-09,07:15:00,cool,compressorCoolOff,,Sleep,78,62,77.1,59,74.9,0,0,0,0,0,,77.2,59,77.1,0,
2025-07-09,07:20:00,cool,compressorCoolOff,,Sleep,78,62,77.1,59,74.9,0,0,0,0,0,,77.2,59,77.1,0,
2025-07-09,07:25:00,cool,compressorCoolOff,,Sleep,78,62,77.1,59,74.9,0,0,0,0,0,,77.2,59,77.1,0,
2025-07-09,07:30:00,cool,compressorCoolOff,,Sleep,78,62,77.1,59,74.9,0,0,0,0,0,,77.2,59,77.1,0,
2025-07-09,07:35:00,cool,compressorCoolOff,,Sleep,78,62,77.1,59,74.9,0,75,0,0,75,,77.2,59,77.2,0,
2025-07-09,07:40:00,cool,compressorCoolStage1On,(SmartRecovery),Sleep,78,62,77.2,59,74.9,0,300,0,0,300,,77.1,59,77.3,0,
2025-07-09,07:45:00,cool,compressorCoolStage1On,(SmartRecovery),Sleep,78,62,77,56,74.9,0,300,0,0,300,,76.9,56,77.1,0,
2025-07-09,07:50:00,cool,compressorCoolStage1On,(SmartRecovery),Sleep,78,62,76.6,54,74.9,0,300,0,0,300,,76.6,54,76.6,0,
2025-07-09,07:55:00,cool,compressorCoolStage1On,(SmartRecovery),Sleep,77.7,63.2,76.2,54,74.9,0,210,0,0,255,,76.4,54,76.1,0,
2025-07-09,08:00:00,cool,compressorCoolOff,,Home,76,70,75.9,53,77.1,0,0,0,0,0,,76.2,53,75.6,0,
2025-07-09,08:05:00,cool,compressorCoolOff,,Home,76,70,75.8,54,77.1,0,0,0,0,0,,76.3,54,75.4,0,
2025-07-09,08:10:00,cool,compressorCoolOff,,Home,76,70,76,55,77.1,0,0,0,0,0,,76.4,55,75.6,0,
2025-07-09,08:15:00,cool,compressorCoolOff,,Home,76,70,76.1,56,77.1,0,0,0,0,0,,76.5,56,75.8,0,
2025-07-09,08:20:00,cool,compressorCoolOff,,Home,76,70,76.3,57,77.1,0,0,0,0,0,,76.6,57,76,0,
2025-07-09,08:25:00,cool,compressorCoolOff,,Home,76,70,76.3,57,77.1,0,0,0,0,0,,76.6,57,76,0,
2025-07-09,08:30:00,cool,compressorCoolOff,,Home,76,70,76.3,57,77.1,0,0,0,0,0,,76.7,57,76.1,0,
2025-07-09,08:35:00,cool,compressorCoolOff,,Home,76,70,76.4,57,77.1,0,210,0,0,210,,76.7,57,76.3,0,
2025-07-09,08:40:00,cool,compressorCoolStage1On,,Home,76,70,76.4,55,77.1,0,300,0,0,300,,76.6,55,76.2,0,
2025-07-09,08:45:00,cool,compressorCoolStage1On,,Home,76,70,76.1,53,77.1,0,135,0,0,180,,76.3,53,75.8,0,
2025-07-09,08:50:00,cool,compressorCoolOff,,Home,76,70,75.8,53,77.1,0,0,0,0,0,,76.2,53,75.5,0,
2025-07-09,08:55:00,cool,compressorCoolOff,,Home,76,70,75.8,55,77.1,0,0,0,0,0,,76.3,55,75.4,0,
2025-07-09,09:00:00,cool,compressorCoolOff,,Home,76,70,75.9,57,79.2,0,0,0,0,0,,76.4,57,75.4,0,
2025-07-09,09:05:00,cool,compressorCoolOff,,Home,76,70,76,57,79.2,0,0,0,0,0,,76.5,57,75.6,0,
2025-07-09,09:10:00,cool,compressorCoolOff,,Home,76,70,76.1,57,79.2,0,0,0,0,0,,76.5,57,75.8,0,
2025-07-09,09:15:00,cool,compressorCoolOff,,Home,76,70,76.2,57,79.2,0,0,0,0,0,,76.6,57,75.9,0,
2025-07-09,09:20:00,cool,compressorCoolOff,,Home,76,70,76.3,56,79.2,0,0,0,0,0,,76.6,56,76,0,
2025-07-09,09:25:00,cool,compressorCoolOff,,Home,76,70,76.3,56,79.2,0,0,0,0,0,,76.7,56,76.1,0,
2025-07-09,09:30:00,cool,compressorCoolOff,,Home,76,70,76.4,56,79.2,0,180,0,0,180,,76.7,56,76.3,0,
2025-07-09,09:35:00,cool,compressorCoolStage1On,,Home,76,70,76.4,55,79.2,0,300,0,0,300,,76.6,55,76.3,0,
2025-07-09,09:40:00,cool,compressorCoolStage1On,,Home,76,70,76.2,53,79.2,0,210,0,0,255,,76.4,53,76,0,
2025-07-09,09:45:00,cool,compressorCoolOff,,Home,76,70,75.9,53,79.2,0,0,0,0,0,,76.1,53,75.7,0,
2025-07-09,09:50:00,cool,compressorCoolOff,,Home,76,70,75.8,55,79.2,0,0,0,0,0,,76.2,55,75.4,0,
2025-07-09,09:55:00,cool,compressorCoolOff,,Home,76,70,75.9,56,79.2,0,0,0,0,0,,76.3,56,75.6,0,
2025-07-09,10:00:00,cool,compressorCoolOff,,Home,76,70,76.1,57,81.6,0,0,0,0,0,,76.5,57,75.8,0,
2025-07-09,10:05:00,cool,compressorCoolOff,,Home,76,70,76.2,56,81.6,0,0,0,0,0,,76.5,56,75.9,0,
2025-07-09,10:10:00,cool,compressorCoolOff,,Home,76,70,76.3,56,81.6,0,0,0,0,0,,76.6,56,76.1,0,
2025-07-09,10:15:00,cool,compressorCoolOff,,Home,76,70,76.4,56,81.6,0,0,0,0,0,,76.6,56,76.2,0,
2025-07-09,10:20:00,cool,compressorCoolOff,,Home,76,70,76.4,57,81.6,0,180,0,0,180,,76.7,57,76.3,0,
2025-07-09,10:25:00,cool,compressorCoolStage1On,,Home,76,70,76.4,55,81.6,0,300,0,0,300,,76.6,55,76.3,0,
2025-07-09,10:30:00,cool,compressorCoolStage1On,,Home,76,70,76.2,53,82.6,0,195,0,0,240,,76.4,53,75.9,0,
2025-07-09,10:35:00,cool,compressorCoolOff,,Home,76,70,75.8,53,82.6,0,0,0,0,0,,76.1,53,75.5,0,
2025-07-09,10:40:00,cool,compressorCoolOff,,Home,76,70,75.7,54,82.6,0,0,0,0,0,,76.1,54,75.4,0,
2025-07-09,10:45:00,cool,compressorCoolOff,,Home,76,70,75.8,55,82.6,0,0,0,0,0,,76.2,55,75.4,0,
2025-07-09,10:50:00,cool,compressorCoolOff,,Home,76,70,76,55,82.6,0,0,0,0,0,,76.3,55,75.8,0,
2025-07-09,10:55:00,cool,compressorCoolOff,,Home,76,70,76.2,55,82.6,0,0,0,0,0,,76.4,55,76,0,
2025-07-09,11:00:00,cool,compressorCoolOff,,Home,76,70,76.4,55,83.6,0,255,0,0,255,,76.5,55,76.3,0,
2025-07-09,11:05:00,cool,compressorCoolStage1On,,Home,76,70,76.4,54,83.6,0,300,0,0,300,,76.5,54,76.4,0,
2025-07-09,11:10:00,cool,compressorCoolStage1On,,Home,76,70,76.1,52,83.6,0,225,0,0,270,,76.2,52,76.1,0,
2025-07-09,11:15:00,cool,compressorCoolOff,,Home,76,70,75.8,52,83.6,0,0,0,0,0,,75.9,52,75.6,0,
2025-07-09,11:20:00,cool,compressorCoolOff,,Home,76,70,75.7,55,83.6,0,0,0,0,0,,76,55,75.4,0,
2025-07-09,11:25:00,cool,compressorCoolOff,,Home,76,70,75.8,56,83.6,0,0,0,0,0,,76.2,56,75.4,0,
2025-07-09,11:30:00,cool,compressorCoolOff,,Home,76,70,76,58,83.6,0,0,0,0,0,,76.4,58,75.6,0,
2025-07-09,11:35:00,cool,compressorCoolOff,,Home,76,70,76.1,58,83.6,0,0,0,0,0,,76.5,58,75.8,0,
2025-07-09,11:40:00,cool,compressorCoolOff,,Home,76,70,76.3,57,83.6,0,0,0,0,0,,76.6,57,76,0,
2025-07-09,11:45:00,cool,compressorCoolOff,,Home,76,70,76.4,56,83.6,0,0,0,0,0,,76.6,56,76.2,0,
2025-07-09,11:50:00,cool,compressorCoolOff,,Home,76,70,76.4,56,83.6,0,270,0,0,270,,76.6,56,76.3,0,
2025-07-09,11:55:00,cool,compressorCoolStage1On,,Home,76,70,76.4,54,83.6,0,300,0,0,300,,76.5,54,76.4,0,
2025-07-09,12:00:00,cool,compressorCoolStage1On,,Home,76,70,76,53,85.3,0,75,0,0,120,,76.2,53,75.9,0,
2025-07-09,12:05:00,cool,compressorCoolOff,,Home,76,70,75.8,53,85.3,0,0,0,0,0,,76.1,53,75.6,0,
2025-07-09,12:10:00,cool,compressorCoolOff,,Home,76,70,75.9,55,85.3,0,0,0,0,0,,76.3,55,75.6,0,
2025-07-09,12:15:00,cool,compressorCoolOff,,Home,76,70,76,55,85.3,0,0,0,0,0,,76.4,55,75.6,0,
2025-07-09,12:20:00,cool,compressorCoolOff,,Home,76,70,76.1,55,85.3,0,0,0,0,0,,76.5,55,75.8,0,
2025-07-09,12:25:00,cool,compressorCoolOff,,Home,76,70,76.3,56,85.3,0,0,0,0,0,,76.6,56,76,0,
2025-07-09,12:30:00,cool,compressorCoolOff,,Home,76,70,76.4,56,85.3,0,30,0,0,30,,76.7,56,76.2,0,
2025-07-09,12:35:00,cool,compressorCoolStage1On,,Home,76,70,76.5,55,85.3,0,300,0,0,300,,76.7,55,76.4,0,
2025-07-09,12:40:00,cool,compressorCoolStage1On,,Home,76,70,76.4,54,85.3,0,300,0,0,300,,76.5,54,76.4,0,
2025-07-09,12:45:00,cool,compressorCoolStage1On,,Home,76,70,76,53,85.3,0,30,0,0,75,,76.2,53,75.8,0,
2025-07-09,12:50:00,cool,compressorCoolOff,,Home,76,70,75.8,54,85.3,0,0,0,0,0,,76.2,54,75.4,0,
2025-07-09,12:55:00,cool,compressorCoolOff,,Home,76,70,75.9,55,85.3,0,0,0,0,0,,76.3,55,75.5,0,
2025-07-09,13:00:00,cool,compressorCoolOff,,Home,76,70,76,55,86.8,0,0,0,0,0,,76.5,55,75.7,0,
2025-07-09,13:05:00,cool,compressorCoolOff,,Home,76,70,76.3,55,86.8,0,0,0,0,0,,76.6,55,76,0,
2025-07-09,13:10:00,cool,compressorCoolOff,,Home,76,70,76.4,55,86.8,0,165,0,0,165,,76.7,55,76.2,0,
2025-07-09,13:15:00,cool,compressorCoolStage1On,,Home,76,70,76.5,54,86.8,0,300,0,0,300,,76.7,54,76.4,0,
2025-07-09,13:20:00,cool,compressorCoolStage1On,,Home,76,70,76.4,52,86.8,0,300,0,0,300,,76.5,52,76.3,0,
2025-07-09,13:25:00,cool,compressorCoolStage1On,,Home,76,70,75.9,52,86.8,0,15,0,0,60,,76.1,52,75.8,0,
2025-07-09,13:30:00,cool,compressorCoolOff,,Home,76,70,75.8,54,87.8,0,0,0,0,0,,76.1,54,75.6,0,
2025-07-09,13:35:00,cool,compressorCoolOff,,Home,76,70,76.1,55,87.8,0,0,0,0,0,,76.3,55,75.9,0,
2025-07-09,13:40:00,cool,compressorCoolOff,,Home,76,70,76.2,55,87.8,0,0,0,0,0,,76.4,55,76.1,0,
2025-07-09,13:45:00,cool,compressorCoolOff,,Home,76,70,76.4,55,87.8,0,225,0,0,225,,76.6,55,76.3,0,
2025-07-09,13:50:00,cool,compressorCoolStage1On,,Home,76,70,76.5,53,87.8,0,300,0,0,300,,76.6,53,76.4,0,
2025-07-09,13:55:00,cool,compressorCoolStage1On,,Home,76,70,76.2,52,87.8,0,300,0,0,300,,76.4,52,76.1,0,
2025-07-09,14:00:00,cool,compressorCoolStage1On,,Home,76,70,75.9,52,88.1,0,120,0,0,165,,76.1,52,75.8,0,
2025-07-09,14:05:00,cool,compressorCoolOff,,Home,76,70,75.8,53,88.1,0,0,0,0,0,,76.1,53,75.6,0,
2025-07-09,14:10:00,cool,compressorCoolOff,,Home,76,70,75.9,55,88.1,0,0,0,0,0,,76.2,55,75.6,0,
2025-07-09,14:15:00,cool,compressorCoolOff,,Home,76,70,76.1,55,88.1,0,0,0,0,0,,76.3,55,76,0,
2025-07-09,14:20:00,cool,compressorCoolOff,,Home,76,70,76.4,56,88.1,0,120,0,0,120,,76.5,56,76.4,0,
2025-07-09,14:25:00,cool,compressorCoolStage1On,,Home,76,70,76.6,55,88.1,0,300,0,0,300,,76.6,55,76.6,0,
2025-07-09,14:30:00,cool,compressorCoolStage1On,,Home,76,70,76.5,53,89.3,0,300,0,0,300,,76.5,53,76.7,0,
2025-07-09,14:35:00,cool,compressorCoolStage1On,,Home,76,70,76.2,52,89.3,0,300,0,0,300,,76.2,52,76.3,0,
2025-07-09,14:40:00,cool,compressorCoolStage1On,,Home,76,70,75.9,52,89.3,0,120,0,0,165,,76,52,75.9,0,
2025-07-09,14:45:00,cool,compressorCoolOff,,Home,76,70,75.8,53,89.3,0,0,0,0,0,,75.9,53,75.7,0,
2025-07-09,14:50:00,cool,compressorCoolOff,,Home,76,70,75.8,55,89.3,0,0,0,0,0,,76.1,55,75.6,0,
2025-07-09,14:55:00,cool,compressorCoolOff,,Home,76,70,76,55,89.3,0,0,0,0,0,,76.2,55,75.9,0,
2025-07-09,15:00:00,cool,compressorCoolOff,,Home,76,70,76.4,55,89.6,0,45,0,0,45,,76.4,55,76.4,0,
2025-07-09,15:05:00,cool,compressorCoolStage1On,,Home,76,70,76.5,54,89.6,0,300,0,0,300,,76.6,54,76.5,0,
2025-07-09,15:10:00,cool,compressorCoolStage1On,,Home,76,70,76.4,53,89.6,0,300,0,0,300,,76.5,53,76.5,0,
2025-07-09,15:15:00,cool,compressorCoolStage1On,,Home,76,70,76.2,52,89.6,0,300,0,0,300,,76.3,52,76.2,0,
2025-07-09,15:20:00,cool,compressorCoolStage1On,,Home,76,70,75.8,52,89.6,0,60,0,0,105,,76,52,75.7,0,
2025-07-09,15:25:00,cool,compressorCoolOff,,Home,76,70,75.8,53,89.6,0,0,0,0,0,,76,53,75.6,0,
2025-07-09,15:30:00,cool,compressorCoolOff,,Home,76,70,75.9,55,89.6,0,0,0,0,0,,76.2,55,75.7,0,
2025-07-09,15:35:00,cool,compressorCoolOff,,Home,76,70,76.1,55,89.6,0,0,0,0,0,,76.3,55,76,0,
2025-07-09,15:40:00,cool,compressorCoolOff,,Home,76,70,76.3,55,89.6,0,105,0,0,105,,76.5,55,76.3,0,
2025-07-09,15:45:00,cool,compressorCoolStage1On,,Home,76,70,76.5,54,89.6,0,300,0,0,300,,76.6,54,76.5,0,
2025-07-09,15:50:00,cool,compressorCoolStage1On,,Home,76,70,76.4,52,89.6,0,300,0,0,300,,76.5,52,76.4,0,
2025-07-09,15:55:00,cool,compressorCoolStage1On,,Home,76,70,76.2,51,89.6,0,300,0,0,300,,76.2,51,76.2,0,
2025-07-09,16:00:00,cool,compressorCoolOff,,Home,76,70,75.9,51,88.6,0,0,0,0,45,,76,51,75.8,0,
2025-07-09,16:05:00,cool,compressorCoolOff,,Home,76,70,75.8,53,88.6,0,0,0,0,0,,76.1,53,75.6,0,
2025-07-09,16:10:00,cool,compressorCoolOff,,Home,76,70,75.9,54,88.6,0,0,0,0,0,,76.2,54,75.7,0,
2025-07-09,16:15:00,cool,compressorCoolOff,,Home,76,70,76.2,55,88.6,0,0,0,0,0,,76.4,55,76,0,
2025-07-09,16:20:00,cool,compressorCoolOff,,Home,76,70,76.3,55,88.6,0,0,0,0,0,,76.4,55,76.3,0,
2025-07-09,16:25:00,cool,compressorCoolOff,,Home,76,70,76.5,55,88.6,0,255,0,0,255,,76.6,55,76.4,0,
2025-07-09,16:30:00,cool,compressorCoolStage1On,,Home,76,70,76.4,53,88.6,0,300,0,0,300,,76.5,53,76.4,0,
2025-07-09,16:35:00,cool,compressorCoolStage1On,,Home,76,70,76.2,52,88.6,0,300,0,0,300,,76.3,52,76.3,0,
2025-07-09,16:40:00,cool,compressorCoolStage1On,,Home,76,70,75.9,51,88.6,0,15,0,0,60,,76,51,75.9,0,
2025-07-09,16:45:00,cool,compressorCoolOff,,Home,76,70,75.9,53,88.6,0,0,0,0,0,,76.1,53,75.8,0,
2025-07-09,16:50:00,cool,compressorCoolOff,,Home,76,70,76.1,52,88.6,0,0,0,0,0,,76.3,52,76,0,
2025-07-09,16:55:00,cool,compressorCoolOff,,Home,76,70,76.3,53,88.6,0,0,0,0,0,,76.4,53,76.1,0,
2025-07-09,17:00:00,cool,compressorCoolOff,,Home,76,70,76.4,54,87.9,0,240,0,0,240,,76.6,54,76.3,0,
2025-07-09,17:05:00,cool,compressorCoolStage1On,,Home,76,70,76.4,53,87.9,0,300,0,0,300,,76.4,53,76.4,0,
2025-07-09,17:10:00,cool,compressorCoolStage1On,,Home,76,70,76.1,52,87.9,0,120,0,0,165,,76.1,52,76.2,0,
2025-07-09,17:15:00,cool,compressorCoolOff,,Home,76,70,75.8,53,87.9,0,0,0,0,0,,75.9,53,75.8,0,
2025-07-09,17:20:00,cool,compressorCoolOff,,Home,76,70,75.8,54,87.9,0,0,0,0,0,,76,54,75.6,0,
2025-07-09,17:25:00,cool,compressorCoolOff,,Home,76,70,76,54,87.9,0,0,0,0,0,,76.2,54,75.8,0,
2025-07-09,17:30:00,cool,compressorCoolOff,,Home,76,70,76.2,54,87.9,0,0,0,0,0,,76.4,54,76,0,
2025-07-09,17:35:00,cool,compressorCoolOff,,Home,76,70,76.3,54,87.9,0,0,0,0,0,,76.5,54,76.2,0,
2025-07-09,17:40:00,cool,compressorCoolOff,,Home,76,70,76.4,54,87.9,0,225,0,0,225,,76.5,54,76.4,0,
2025-07-09,17:45:00,cool,compressorCoolStage1On,,Home,76,70,76.4,53,87.9,0,300,0,0,300,,76.5,53,76.4,0,
2025-07-09,17:50:00,cool,compressorCoolStage1On,,Home,76,70,76.1,51,87.9,0,210,0,0,255,,76.2,51,76,0,
2025-07-09,17:55:00,cool,compressorCoolOff,,Home,76,70,75.6,51,87.9,0,0,0,0,0,,75.9,51,75.5,0,
2025-07-09,18:00:00,cool,compressorCoolOff,,Home,76,70,75.6,53,80.4,0,0,0,0,0,,76,53,75.4,0,
2025-07-09,18:05:00,cool,compressorCoolOff,,Home,76,70,75.8,54,80.4,0,0,0,0,0,,76.1,54,75.5,0,
2025-07-09,18:10:00,cool,compressorCoolOff,,Home,76,70,75.9,54,80.4,0,0,0,0,0,,76.2,54,75.6,0,
2025-07-09,18:15:00,cool,compressorCoolOff,,Home,76,70,76.1,54,80.4,0,0,0,0,0,,76.3,54,75.8,0,
2025-07-09,18:20:00,cool,compressorCoolOff,,Home,76,70,76.2,54,80.4,0,0,0,0,0,,76.4,54,76,0,
2025-07-09,18:25:00,cool,compressorCoolOff,,Home,76,70,76.2,54,80.4,0,0,0,0,0,,76.4,54,76,0,
2025-07-09,18:30:00,cool,compressorCoolOff,,Home,76,70,76.3,54,80.4,0,0,0,0,0,,76.5,54,76.2,0,
2025-07-09,18:35:00,cool,compressorCoolOff,,Home,76,70,76.4,55,80.4,0,0,0,0,0,,76.5,55,76.4,0,
2025-07-09,18:40:00,cool,compressorCoolOff,,Home,76,70,76.4,55,80.4,0,0,0,0,0,,76.5,55,76.4,0,
2025-07-09,18:45:00,cool,compressorCoolOff,,Home,76,70,76.4,55,80.4,0,0,0,0,0,,76.5,55,76.4,0,
2025-07-09,18:50:00,cool,compressorCoolOff,,Home,76,70,76.4,55,80.4,0,225,0,0,225,,76.5,55,76.4,0,
2025-07-09,18:55:00,cool,compressorCoolStage1On,,Home,76,70,76.4,53,80.4,0,300,0,0,300,,76.4,53,76.4,0,
2025-07-09,19:00:00,cool,compressorCoolStage1On,,Home,76,70,76,52,80.4,0,135,0,0,180,,76.1,52,76,0,
2025-07-09,19:05:00,cool,compressorCoolOff,,Home,76,70,75.7,52,80.4,0,0,0,0,0,,75.9,52,75.6,0,
2025-07-09,19:10:00,cool,compressorCoolOff,,Home,76,70,75.6,53,80.4,0,0,0,0,0,,75.9,53,75.4,0,
2025-07-09,19:15:00,cool,compressorCoolOff,,Home,76,70,75.8,54,80.4,0,0,0,0,0,,76,54,75.6,0,
2025-07-09,19:20:00,cool,compressorCoolOff,,Home,76,70,75.8,55,80.4,0,0,0,0,0,,76.1,55,75.6,0,
2025-07-09,19:25:00,cool,compressorCoolOff,,Home,76,70,76,55,80.4,0,0,0,0,0,,76.2,55,75.8,0,
2025-07-09,19:30:00,cool,compressorCoolOff,,Home,76,70,76.1,55,80.4,0,0,0,0,0,,76.3,55,76,0,
2025-07-09,19:35:00,cool,compressorCoolOff,,Home,76,70,76.2,55,80.4,0,0,0,0,0,,76.4,55,76,0,
2025-07-09,19:40:00,cool,compressorCoolOff,,Home,76,70,76.2,55,80.4,0,0,0,0,0,,76.4,55,76,0,
2025-07-09,19:45:00,cool,compressorCoolOff,,Home,76,70,76.2,55,80.4,0,0,0,0,0,,76.5,55,76,0,
2025-07-09,19:50:00,cool,compressorCoolOff,,Home,76,70,76.2,56,80.4,0,0,0,0,0,,76.5,56,76.1,0,
2025-07-09,19:55:00,cool,compressorCoolOff,,Home,76,70,76.3,56,80.4,0,0,0,0,0,,76.5,56,76.2,0,
2025-07-09,20:00:00,cool,compressorCoolOff,,Home,76,70,76.4,56,76.5,0,90,0,0,90,,76.6,56,76.2,0,
2025-07-09,20:05:00,cool,compressorCoolStage1On,,Home,76,70,76.4,55,76.5,0,300,0,0,300,,76.5,55,76.4,0,
2025-07-09,20:10:00,cool,compressorCoolStage1On,,Home,76,70,76.3,53,76.5,0,285,0,0,300,,76.3,53,76.3,0,
2025-07-09,20:15:00,cool,compressorCoolOff,,Home,76,70,75.8,52,76.5,0,0,0,0,30,,75.9,52,75.8,0,
2025-07-09,20:20:00,cool,compressorCoolOff,,Home,76,70,75.6,53,76.5,0,0,0,0,0,,75.9,53,75.2,0,
2025-07-09,20:25:00,cool,compressorCoolOff,,Home,76,70,75.7,54,76.5,0,0,0,0,0,,76.1,54,75.3,0,
2025-07-09,20:30:00,cool,compressorCoolOff,,Home,76,70,75.8,54,76.5,0,0,0,0,0,,76.2,54,75.5,0,
2025-07-09,20:35:00,cool,compressorCoolOff,,Home,76,70,75.9,54,76.5,0,0,0,0,0,,76.3,54,75.6,0,
2025-07-09,20:40:00,cool,compressorCoolOff,,Home,76,70,75.9,54,76.5,0,0,0,0,0,,76.3,54,75.7,0,
2025-07-09,20:45:00,cool,compressorCoolOff,,Home,76,70,76.1,55,76.5,0,0,0,0,0,,76.4,55,75.8,0,
2025-07-09,20:50:00,cool,compressorCoolOff,,Home,76,70,76.1,55,76.5,0,0,0,0,0,,76.4,55,75.8,0,
2025-07-09,20:55:00,cool,compressorCoolOff,,Home,76,70,76.2,55,76.5,0,0,0,0,0,,76.4,55,76,0,
2025-07-09,21:00:00,cool,compressorCoolOff,,Home,76,70,76.2,55,75,0,0,0,0,0,,76.4,55,76,0,
2025-07-09,21:05:00,cool,compressorCoolOff,,Home,76,70,76.2,55,75,0,0,0,0,0,,76.4,55,76,0,
2025-07-09,21:10:00,cool,compressorCoolOff,,Home,76,70,76.3,56,75,0,0,0,0,0,,76.5,56,76.2,0,
2025-07-09,21:15:00,cool,compressorCoolOff,,Home,76,70,76.3,56,75,0,0,0,0,0,,76.5,56,76.2,0,
2025-07-09,21:20:00,cool,compressorCoolOff,,Home,76,70,76.3,56,75,0,0,0,0,0,,76.5,56,76.2,0,
2025-07-09,21:25:00,cool,compressorCoolOff,,Home,76,70,76.3,56,75,0,0,0,0,0,,76.5,56,76.3,0,
2025-07-09,21:30:00,cool,compressorCoolOff,,Home,76,70,76.4,56,75,0,45,0,0,45,,76.5,56,76.4,0,
2025-07-09,21:35:00,cool,compressorCoolStage1On,,Home,76,70,76.5,56,75,0,300,0,0,300,,76.6,56,76.4,0,
2025-07-09,21:40:00,cool,compressorCoolStage1On,,Home,76,70,76.4,54,75,0,300,0,0,300,,76.4,54,76.4,0,
2025-07-09,21:45:00,cool,compressorCoolStage1On,,Home,76,70,76.1,53,75,0,180,0,0,225,,76,53,76.2,0,
2025-07-09,21:50:00,cool,compressorCoolOff,,Home,76,70,75.8,53,75,0,0,0,0,0,,75.8,53,75.8,0,
2025-07-09,21:55:00,cool,compressorCoolOff,,Home,76,70,75.7,54,75,0,0,0,0,0,,75.9,54,75.6,0,
2025-07-09,22:00:00,cool,compressorCoolOff,,Home,76,70,75.9,54,74.4,0,0,0,0,0,,76,54,75.8,0,
2025-07-09,22:05:00,cool,compressorCoolOff,,Home,76,70,76.1,54,74.4,0,0,0,0,0,,76.1,54,76.2,0,
2025-07-09,22:10:00,cool,compressorCoolOff,,Home,76,70,76.3,54,74.4,0,0,0,0,0,,76.2,54,76.4,0,
2025-07-09,22:15:00,cool,compressorCoolOff,,Home,76,70,76.3,54,74.4,0,0,0,0,0,,76.3,54,76.4,0,
2025-07-09,22:20:00,cool,compressorCoolOff,,Home,76,70,76.4,55,74.4,0,225,0,0,225,,76.3,55,76.6,0,
2025-07-09,22:25:00,cool,compressorCoolStage1On,,Home,76,70,76.3,53,74.4,0,300,0,0,300,,76.2,53,76.5,0,
2025-07-09,22:30:00,cool,compressorCoolStage1On,,Home,76,70,76,53,73.7,0,150,0,0,195,,75.9,53,76.2,0,
2025-07-09,22:35:00,cool,compressorCoolOff,,Home,76,70,75.7,53,73.7,0,0,0,0,0,,75.7,53,75.8,0,
2025-07-09,22:40:00,cool,compressorCoolOff,,Home,76,70,75.6,54,73.7,0,0,0,0,0,,75.8,54,75.6,0,
2025-07-09,22:45:00,cool,compressorCoolOff,,Home,76,70,75.7,54,73.7,0,0,0,0,0,,75.9,54,75.6,0,
2025-07-09,22:50:00,cool,compressorCoolOff,,Home,76,70,75.8,54,73.7,0,0,0,0,0,,76,54,75.6,0,
2025-07-09,22:55:00,cool,compressorCoolOff,,Home,76,70,75.9,54,73.7,0,0,0,0,0,,76.1,54,75.8,0,
2025-07-09,23:00:00,cool,compressorCoolOff,,Home,76,70,76,54,73.5,0,0,0,0,0,,76.2,54,75.8,0,
2025-07-09,23:05:00,cool,compressorCoolOff,,Home,76,70,76,55,73.5,0,0,0,0,0,,76.3,55,75.9,0,
2025-07-09,23:10:00,cool,compressorCoolOff,,Home,76,70,76.1,55,73.5,0,0,0,0,0,,76.3,55,76,0,
2025-07-09,23:15:00,cool,compressorCoolOff,,Home,76,70,76.1,55,73.5,0,0,0,0,0,,76.3,55,76,0,
2025-07-09,23:20:00,cool,compressorCoolOff,,Home,76,70,76.1,55,73.5,0,0,0,0,0,,76.3,55,76,0,
2025-07-09,23:25:00,cool,compressorCoolOff,,Home,76,70,76.2,55,73.5,0,0,0,0,0,,76.4,55,76,0,
2025-07-09,23:30:00,cool,compressorCoolOff,,Home,76,70,76.2,56,72.6,0,0,0,0,0,,76.4,56,76,0,
2025-07-09,23:35:00,cool,compressorCoolOff,,Home,76,70,76.2,57,72.6,0,0,0,0,0,,76.4,57,76,0,
2025-07-09,23:40:00,cool,compressorCoolOff,,Home,76,70,76.3,57,72.6,0,0,0,0,0,,76.4,57,76.2,0,
2025-07-09,23:45:00,cool,compressorCoolOff,,Home,76,70,76.3,57,72.6,0,0,0,0,0,,76.4,57,76.2,0,
2025-07-09,23:50:00,cool,compressorCoolOff,,Home,76,70,76.3,57,72.6,0,0,0,0,0,,76.5,57,76.2,0,
2025-07-09,23:55:00,cool,compressorCoolOff,,Home,76.2,69.2,76.3,57,72.6,0,0,0,0,0,,76.5,57,76.2,0,
2025-07-10,00:00:00,cool,compressorCoolOff,,Sleep,78,62,76.3,57,72.4,0,0,0,0,0,,76.5,57,76.2,0,
2025-07-10,00:05:00,cool,compressorCoolOff,,Sleep,78,62,76.3,57,72.4,0,0,0,0,0,,76.5,57,76.2,0,
2025-07-10,00:10:00,cool,compressorCoolOff,,Sleep,78,62,76.3,57,72.4,0,0,0,0,0,,76.5,57,76.2,0,
2025-07-10,00:15:00,cool,compressorCoolOff,,Sleep,78,62,76.3,57,72.4,0,0,0,0,0,,76.5,57,76.2,0,
2025-07-10,00:20:00,cool,compressorCoolOff,,Sleep,78,62,76.3,57,72.4,0,0,0,0,0,,76.5,57,76.2,0,
2025-07-10,00:25:00,cool,compressorCoolOff,,Sleep,78,62,76.3,57,72.4,0,0,0,0,0,,76.5,57,76.2,0,
2025-07-10,00:30:00,cool,compressorCoolOff,,Sleep,78,62,76.3,57,72.4,0,0,0,0,0,,76.5,57,76.2,0,
2025-07-10,00:35:00,cool,compressorCoolOff,,Sleep,78,62,76.3,57,72.4,0,0,0,0,0,,76.5,57,76.2,0,
2025-07-10,00:40:00,cool,compressorCoolOff,,Sleep,78,62,76.4,57,72.4,0,0,0,0,0,,76.6,57,76.2,0,
2025-07-10,00:45:00,cool,compressorCoolOff,,Sleep,78,62,76.4,57,72.4,0,0,0,0,0,,76.6,57,76.2,0,
2025-07-10,00:50:00,cool,compressorCoolOff,,Sleep,78,62,76.4,57,72.4,0,0,0,0,0,,76.6,57,76.2,0,
2025-07-10,00:55:00,cool,compressorCoolOff,,Sleep,78,62,76.4,58,72.4,0,0,0,0,0,,76.6,58,76.2,0,
2025-07-10,01:00:00,cool,compressorCoolOff,,Sleep,78,62,76.4,57,72,0,0,0,0,0,,76.6,57,76.2,0,
2025-07-10,01:05:00,cool,compressorCoolOff,,Sleep,78,62,76.3,57,72,0,0,0,0,0,,76.5,57,76.2,0,
2025-07-10,01:10:00,cool,compressorCoolOff,,Sleep,78,62,76.3,57,72,0,0,0,0,0,,76.4,57,76.2,0,
2025-07-10,01:15:00,cool,compressorCoolOff,,Sleep,78,62,76.3,58,72,0,0,0,0,0,,76.4,58,76.2,0,
2025-07-10,01:20:00,cool,compressorCoolOff,,Sleep,78,62,76.3,58,72,0,0,0,0,0,,76.5,58,76.2,0,
2025-07-10,01:25:00,cool,compressorCoolOff,,Sleep,78,62,76.3,58,72,0,0,0,0,0,,76.5,58,76.2,0,
2025-07-10,01:30:00,cool,compressorCoolOff,,Sleep,78,62,76.3,58,72,0,0,0,0,0,,76.5,58,76.2,0,
2025-07-10,01:35:00,cool,compressorCoolOff,,Sleep,78,62,76.3,58,72,0,0,0,0,0,,76.5,58,76.2,0,
2025-07-10,01:40:00,cool,compressorCoolOff,,Sleep,78,62,76.4,58,72,0,0,0,0,0,,76.6,58,76.2,0,
2025-07-10,01:45:00,cool,compressorCoolOff,,Sleep,78,62,76.4,58,72,0,0,0,0,0,,76.6,58,76.2,0,
2025-07-10,01:50:00,cool,compressorCoolOff,,Sleep,78,62,76.4,58,72,0,0,0,0,0,,76.6,58,76.2,0,
2025-07-10,01:55:00,cool,compressorCoolOff,,Sleep,78,62,76.4,58,72,0,0,0,0,0,,76.6,58,76.2,0,
2025-07-10,02:00:00,cool,compressorCoolOff,,Sleep,78,62,76.4,58,71.8,0,0,0,0,0,,76.6,58,76.2,0,
2025-07-10,02:05:00,cool,compressorCoolOff,,Sleep,78,62,76.4,58,71.8,0,0,0,0,0,,76.6,58,76.2,0,
2025-07-10,02:10:00,cool,compressorCoolOff,,Sleep,78,62,76.4,58,71.8,0,0,0,0,0,,76.6,58,76.2,0,
2025-07-10,02:15:00,cool,compressorCoolOff,,Sleep,78,62,76.4,58,71.8,0,0,0,0,0,,76.6,58,76.2,0,
2025-07-10,02:20:00,cool,compressorCoolOff,,Sleep,78,62,76.4,58,71.8,0,0,0,0,0,,76.7,58,76.2,0,
2025-07-10,02:25:00,cool,compressorCoolOff,,Sleep,78,62,76.4,58,71.8,0,0,0,0,0,,76.7,58,76.2,0,
2025-07-10,02:30:00,cool,compressorCoolOff,,Sleep,78,62,76.4,58,71.7,0,0,0,0,0,,76.7,58,76.2,0,
2025-07-10,02:35:00,cool,compressorCoolOff,,Sleep,78,62,76.4,58,71.7,0,0,0,0,0,,76.7,58,76.2,0,
2025-07-10,02:40:00,cool,compressorCoolOff,,Sleep,78,62,76.4,58,71.7,0,0,0,0,0,,76.7,58,76.2,0,
2025-07-10,02:45:00,cool,compressorCoolOff,,Sleep,78,62,76.4,58,71.7,0,0,0,0,0,,76.7,58,76.2,0,
2025-07-10,02:50:00,cool,compressorCoolOff,,Sleep,78,62,76.4,58,71.7,0,0,0,0,0,,76.7,58,76.2,0,
2025-07-10,02:55:00,cool,compressorCoolOff,,Sleep,78,62,76.4,58,71.7,0,0,0,0,0,,76.7,58,76.2,0,
2025-07-10,03:00:00,cool,compressorCoolOff,,Sleep,78,62,76.4,58,71.8,0,0,0,0,0,,76.7,58,76.2,0,
2025-07-10,03:05:00,cool,compressorCoolOff,,Sleep,78,62,76.5,58,71.8,0,0,0,0,0,,76.8,58,76.2,0,
2025-07-10,03:10:00,cool,compressorCoolOff,,Sleep,78,62,76.5,58,71.8,0,0,0,0,0,,76.8,58,76.2,0,
2025-07-10,03:15:00,cool,compressorCoolOff,,Sleep,78,62,76.5,58,71.8,0,0,0,0,0,,76.8,58,76.2,0,
2025-07-10,03:20:00,cool,compressorCoolOff,,Sleep,78,62,76.5,58,71.8,0,0,0,0,0,,76.8,58,76.2,0,
2025-07-10,03:25:00,cool,compressorCoolOff,,Sleep,78,62,76.5,58,71.8,0,0,0,0,0,,76.8,58,76.2,0,
2025-07-10,03:30:00,cool,compressorCoolOff,,Sleep,78,62,76.5,58,71.8,0,0,0,0,0,,76.8,58,76.2,0,
2025-07-10,03:35:00,cool,compressorCoolOff,,Sleep,78,62,76.5,58,71.8,0,0,0,0,0,,76.7,58,76.3,0,
2025-07-10,03:40:00,cool,compressorCoolOff,,Sleep,78,62,76.5,58,71.8,0,0,0,0,0,,76.7,58,76.4,0,
2025-07-10,03:45:00,cool,compressorCoolOff,,Sleep,78,62,76.5,59,71.8,0,0,0,0,0,,76.7,59,76.4,0,
2025-07-10,03:50:00,cool,compressorCoolOff,,Sleep,78,62,76.5,58,71.8,0,0,0,0,0,,76.7,58,76.4,0,
2025-07-10,03:55:00,cool,compressorCoolOff,,Sleep,78,62,76.4,58,71.8,0,0,0,0,0,,76.7,58,76.3,0,
2025-07-10,04:00:00,cool,compressorCoolOff,,Sleep,78,62,76.4,58,72.2,0,0,0,0,0,,76.7,58,76.2,0,
2025-07-10,04:05:00,cool,compressorCoolOff,,Sleep,78,62,76.5,58,72.2,0,0,0,0,0,,76.8,58,76.2,0,
2025-07-10,04:10:00,cool,compressorCoolOff,,Sleep,78,62,76.6,58,72.2,0,0,0,0,0,,76.8,58,76.4,0,
2025-07-10,04:15:00,cool,compressorCoolOff,,Sleep,78,62,76.6,58,72.2,0,0,0,0,0,,76.8,58,76.4,0,
2025-07-10,04:20:00,cool,compressorCoolOff,,Sleep,78,62,76.6,58,72.2,0,0,0,0,0,,76.8,58,76.4,0,
2025-07-10,04:25:00,cool,compressorCoolOff,,Sleep,78,62,76.6,58,72.2,0,0,0,0,0,,76.8,58,76.4,0,
2025-07-10,04:30:00,cool,compressorCoolOff,,Sleep,78,62,76.6,58,72.2,0,0,0,0,0,,76.8,58,76.4,0,
2025-07-10,04:35:00,cool,compressorCoolOff,,Sleep,78,62,76.6,58,72.2,0,0,0,0,0,,76.8,58,76.4,0,
2025-07-10,04:40:00,cool,compressorCoolOff,,Sleep,78,62,76.6,58,72.2,0,0,0,0,0,,76.8,58,76.4,0,
2025-07-10,04:45:00,cool,compressorCoolOff,,Sleep,78,62,76.6,58,72.2,0,0,0,0,0,,76.9,58,76.4,0,
2025-07-10,04:50:00,cool,compressorCoolOff,,Sleep,78,62,76.6,58,72.2,0,0,0,0,0,,76.9,58,76.4,0,
2025-07-10,04:55:00,cool,compressorCoolOff,,Sleep,78,62,76.6,58,72.2,0,0,0,0,0,,76.9,58,76.4,0,
2025-07-10,05:00:00,cool,compressorCoolOff,,Sleep,78,62,76.6,58,72.3,0,0,0,0,0,,76.9,58,76.4,0,
2025-07-10,05:05:00,cool,compressorCoolOff,,Sleep,78,62,76.6,59,72.3,0,0,0,0,0,,76.9,59,76.4,0,
2025-07-10,05:10:00,cool,compressorCoolOff,,Sleep,78,62,76.6,59,72.3,0,0,0,0,0,,76.9,59,76.4,0,
2025-07-10,05:15:00,cool,compressorCoolOff,,Sleep,78,62,76.6,59,72.3,0,0,0,0,0,,76.9,59,76.4,0,
2025-07-10,05:20:00,cool,compressorCoolOff,,Sleep,78,62,76.6,59,72.3,0,0,0,0,0,,76.9,59,76.4,0,
2025-07-10,05:25:00,cool,compressorCoolOff,,Sleep,78,62,76.6,59,72.3,0,0,0,0,0,,76.9,59,76.4,0,
2025-07-10,05:30:00,cool,compressorCoolOff,,Sleep,78,62,76.6,59,72.3,0,0,0,0,0,,76.9,59,76.4,0,
2025-07-10,05:35:00,cool,compressorCoolOff,,Sleep,78,62,76.5,59,72.3,0,0,0,0,0,,76.9,59,76.3,0,
2025-07-10,05:40:00,cool,compressorCoolOff,,Sleep,78,62,76.5,59,72.3,0,0,0,0,0,,76.9,59,76.2,0,
2025-07-10,05:45:00,cool,compressorCoolOff,,Sleep,78,62,76.6,59,72.3,0,0,0,0,0,,76.9,59,76.4,0,
2025-07-10,05:50:00,cool,compressorCoolOff,,Sleep,78,62,76.5,59,72.3,0,0,0,0,0,,76.9,59,76.2,0,
2025-07-10,05:55:00,cool,compressorCoolOff,,Sleep,78,62,76.5,59,72.3,0,0,0,0,0,,76.9,59,76.2,0,
2025-07-10,06:00:00,cool,compressorCoolOff,,Sleep,78,62,76.5,59,71.9,0,0,0,0,0,,76.9,59,76.2,0,
2025-07-10,06:05:00,cool,compressorCoolOff,,Sleep,78,62,76.5,59,71.9,0,0,0,0,0,,76.9,59,76.2,0,
2025-07-10,06:10:00,cool,compressorCoolOff,,Sleep,78,62,76.5,58,71.9,0,0,0,0,0,,76.9,58,76.3,0,
2025-07-10,06:15:00,cool,compressorCoolOff,,Sleep,78,62,76.6,58,71.9,0,0,0,0,0,,76.8,58,76.4,0,
2025-07-10,06:20:00,cool,compressorCoolOff,,Sleep,78,62,76.6,58,71.9,0,0,0,0,0,,76.8,58,76.4,0,
2025-07-10,06:25:00,cool,compressorCoolOff,,Sleep,78,62,76.6,59,71.9,0,0,0,0,0,,76.8,59,76.4,0,
2025-07-10,06:30:00,cool,compressorCoolOff,,Sleep,78,62,76.6,59,72.5,0,0,0,0,0,,76.9,59,76.4,0,
2025-07-10,06:35:00,cool,compressorCoolOff,,Sleep,78,62,76.6,59,72.5,0,0,0,0,0,,76.9,59,76.4,0,
2025-07-10,06:40:00,cool,compressorCoolOff,,Sleep,78,62,76.6,59,72.5,0,0,0,0,0,,76.9,59,76.4,0,
2025-07-10,06:45:00,cool,compressorCoolOff,,Sleep,78,62,76.6,59,72.5,0,0,0,0,0,,76.9,59,76.4,0,
2025-07-10,06:50:00,cool,compressorCoolOff,,Sleep,78,62,76.6,59,72.5,0,0,0,0,0,,76.9,59,76.4,0,
2025-07-10,06:55:00,cool,compressorCoolOff,,Sleep,78,62,76.6,59,72.5,0,0,0,0,0,,76.9,59,76.4,0,
2025-07-10,07:00:00,cool,compressorCoolOff,,Sleep,78,62,76.6,59,72.7,0,0,0,0,0,,76.9,59,76.4,0,
2025-07-10,07:05:00,cool,compressorCoolOff,,Sleep,78,62,76.6,59,72.7,0,0,0,0,0,,76.9,59,76.4,0,
2025-07-10,07:10:00,cool,compressorCoolOff,,Sleep,78,62,76.6,59,72.7,0,0,0,0,0,,76.9,59,76.4,0,
2025-07-10,07:15:00,cool,compressorCoolOff,,Sleep,78,62,76.6,59,72.7,0,0,0,0,0,,76.9,59,76.4,0,
2025-07-10,07:20:00,cool,compressorCoolOff,,Sleep,78,62,76.6,59,72.7,0,0,0,0,0,,76.9,59,76.4,0,
2025-07-10,07:25:00,cool,compressorCoolOff,,Sleep,78,62,76.6,59,72.7,0,0,0,0,0,,76.9,59,76.4,0,
2025-07-10,07:30:00,cool,compressorCoolOff,,Sleep,78,62,76.6,59,72.7,0,0,0,0,0,,76.9,59,76.4,0,
2025-07-10,07:35:00,cool,compressorCoolOff,,Sleep,78,62,76.6,59,72.7,0,0,0,0,0,,76.9,59,76.4,0,
2025-07-10,07:40:00,cool,compressorCoolOff,,Sleep,78,62,76.7,59,72.7,0,0,0,0,0,,77,59,76.4,0,
2025-07-10,07:45:00,cool,compressorCoolOff,,Sleep,78,62,76.7,58,72.7,0,285,0,0,285,,77,58,76.4,0,
2025-07-10,07:50:00,cool,compressorCoolStage1On,(SmartRecovery),Sleep,78,62,76.4,57,72.7,0,300,0,0,300,,76.8,57,76.1,0,
2025-07-10,07:55:00,cool,compressorCoolStage1On,(SmartRecovery),Sleep,77.8,62.8,76.1,55,72.7,0,165,0,0,210,,76.5,55,75.7,0,
2025-07-10,08:00:00,cool,compressorCoolOff,,Home,76,70,75.8,55,74,0,0,0,0,0,,76.4,55,75.2,0,
2025-07-10,08:05:00,cool,compressorCoolOff,,Home,76,70,75.7,56,74,0,0,0,0,0,,76.4,56,75.1,0,
2025-07-10,08:10:00,cool,compressorCoolOff,,Home,76,70,75.8,57,74,0,0,0,0,0,,76.5,57,75.2,0,
2025-07-10,08:15:00,cool,compressorCoolOff,,Home,76,70,76,57,74,0,0,0,0,0,,76.6,57,75.4,0,
2025-07-10,08:20:00,cool,compressorCoolOff,,Home,76,70,76.1,57,74,0,0,0,0,0,,76.7,57,75.6,0,
2025-07-10,08:25:00,cool,compressorCoolOff,,Home,76,70,76.1,57,74,0,0,0,0,0,,76.7,57,75.6,0,
2025-07-10,08:30:00,cool,compressorCoolOff,,Home,76,70,76.2,58,74,0,0,0,0,0,,76.8,58,75.7,0,
2025-07-10,08:35:00,cool,compressorCoolOff,,Home,76,70,76.3,58,74,0,0,0,0,0,,76.8,58,75.8,0,
2025-07-10,08:40:00,cool,compressorCoolOff,,Home,76,70,76.3,58,74,0,0,0,0,0,,76.8,58,75.8,0,
2025-07-10,08:45:00,cool,compressorCoolOff,,Home,76,70,76.3,58,74,0,0,0,0,0,,76.8,58,75.8,0,
2025-07-10,08:50:00,cool,compressorCoolOff,,Home,76,70,76.4,58,74,0,0,0,0,0,,76.8,58,76,0,
2025-07-10,08:55:00,cool,compressorCoolOff,,Home,76,70,76.4,58,74,0,0,0,0,0,,76.8,58,76,0,
2025-07-10,09:00:00,cool,compressorCoolOff,,Home,76,70,76.4,58,74.6,0,0,0,0,0,,76.8,58,76,0,
2025-07-10,09:05:00,cool,compressorCoolOff,,Home,76,70,76.4,58,74.6,0,0,0,0,0,,76.8,58,76,0,
2025-07-10,09:10:00,cool,compressorCoolOff,,Home,76,70,76.4,58,74.6,0,0,0,0,0,,76.8,58,76,0,
2025-07-10,09:15:00,cool,compressorCoolOff,,Home,76,70,76.4,58,74.6,0,0,0,0,0,,76.8,58,76,0,
2025-07-10,09:20:00,cool,compressorCoolOff,,Home,76,70,76.4,58,74.6,0,240,0,0,240,,76.9,58,76.1,0,
2025-07-10,09:25:00,cool,compressorCoolStage1On,,Home,76,70,76.5,57,74.6,0,300,0,0,300,,76.7,57,76.3,0,
2025-07-10,09:30:00,cool,compressorCoolStage1On,,Home,76,70,76.2,54,74.6,0,300,0,0,300,,76.4,54,76.1,0,
2025-07-10,09:35:00,cool,compressorCoolStage1On,,Home,76,70,75.9,54,74.6,0,60,0,0,105,,76,54,75.8,0,
2025-07-10,09:40:00,cool,compressorCoolOff,,Home,76,70,75.7,54,74.6,0,0,0,0,0,,76,54,75.4,0,
2025-07-10,09:45:00,cool,compressorCoolOff,,Home,76,70,75.7,55,74.6,0,0,0,0,0,,76.2,55,75.2,0,
2025-07-10,09:50:00,cool,compressorCoolOff,,Home,76,70,75.8,56,74.6,0,0,0,0,0,,76.3,56,75.4,0,
2025-07-10,09:55:00,cool,compressorCoolOff,,Home,76,70,76,57,74.6,0,0,0,0,0,,76.5,57,75.6,0,
2025-07-10,10:00:00,cool,compressorCoolOff,,Home,76,70,76.3,57,76.8,0,0,0,0,0,,76.6,57,76,0,
2025-07-10,10:05:00,cool,compressorCoolOff,,Home,76,70,76.3,57,76.8,0,0,0,0,0,,76.7,57,76,0,
2025-07-10,10:10:00,cool,compressorCoolOff,,Home,76,70,76.5,57,76.8,0,225,0,0,225,,76.8,57,76.3,0,
2025-07-10,10:15:00,cool,compressorCoolStage1On,,Home,76,70,76.4,56,76.8,0,300,0,0,300,,76.6,56,76.2,0,
2025-07-10,10:20:00,cool,compressorCoolStage1On,,Home,76,70,76,54,76.8,0,150,0,0,195,,76.2,54,75.9,0,
2025-07-10,10:25:00,cool,compressorCoolOff,,Home,76,70,75.7,54,76.8,0,0,0,0,0,,76,54,75.5,0,
2025-07-10,10:30:00,cool,compressorCoolOff,,Home,76,70,75.7,55,76.8,0,0,0,0,0,,76.1,55,75.4,0,
2025-07-10,10:35:00,cool,compressorCoolOff,,Home,76,70,75.8,57,76.8,0,0,0,0,0,,76.3,57,75.4,0,
2025-07-10,10:40:00,cool,compressorCoolOff,,Home,76,70,76,57,76.8,0,0,0,0,0,,76.4,57,75.6,0,
2025-07-10,10:45:00,cool,compressorCoolOff,,Home,76,70,76.2,57,76.8,0,0,0,0,0,,76.5,57,76,0,
2025-07-10,10:50:00,cool,compressorCoolOff,,Home,76,70,76.3,57,76.8,0,0,0,0,0,,76.6,57,76,0,
2025-07-10,10:55:00,cool,compressorCoolOff,,Home,76,70,76.3,57,76.8,0,0,0,0,0,,76.7,57,76.1,0,
2025-07-10,11:00:00,cool,compressorCoolOff,,Home,76,70,76.5,57,77.9,0,210,0,0,210,,76.7,57,76.3,0,
2025-07-10,11:05:00,cool,compressorCoolStage1On,,Home,76,70,76.4,55,77.9,0,300,0,0,300,,76.6,55,76.2,0,
2025-07-10,11:10:00,cool,compressorCoolStage1On,,Home,76,70,76,53,77.9,0,150,0,0,195,,76.2,53,75.9,0,
2025-07-10,11:15:00,cool,compressorCoolOff,,Home,76,70,75.7,53,77.9,0,0,0,0,0,,76,53,75.4,0,
2025-07-10,11:20:00,cool,compressorCoolOff,,Home,76,70,75.6,55,77.9,0,0,0,0,0,,76.1,55,75.2,0,
2025-07-10,11:25:00,cool,compressorCoolOff,,Home,76,70,75.8,56,77.9,0,0,0,0,0,,76.3,56,75.4,0,
2025-07-10,11:30:00,cool,compressorCoolOff,,Home,76,70,76,56,77.9,0,0,0,0,0,,76.4,56,75.6,0,
2025-07-10,11:35:00,cool,compressorCoolOff,,Home,76,70,76.1,56,77.9,0,0,0,0,0,,76.5,56,75.8,0,
2025-07-10,11:40:00,cool,compressorCoolOff,,Home,76,70,76.2,56,77.9,0,0,0,0,0,,76.5,56,76,0,
2025-07-10,11:45:00,cool,compressorCoolOff,,Home,76,70,76.3,56,77.9,0,0,0,0,0,,76.6,56,76,0,
2025-07-10,11:50:00,cool,compressorCoolOff,,Home,76,70,76.3,56,77.9,0,0,0,0,0,,76.7,56,76,0,
2025-07-10,11:55:00,cool,compressorCoolOff,,Home,76,70,76.3,56,77.9,0,75,0,0,75,,76.7,56,76.1,0,
2025-07-10,12:00:00,cool,compressorCoolStage1On,,Home,76,70,76.4,55,79.6,0,300,0,0,300,,76.7,55,76.2,0,
2025-07-10,12:05:00,cool,compressorCoolStage1On,,Home,76,70,76.2,54,79.6,0,285,0,0,300,,76.5,54,76,0,
2025-07-10,12:10:00,cool,compressorCoolOff,,Home,76,70,75.8,52,79.6,0,0,0,0,30,,76.1,52,75.5,0,
2025-07-10,12:15:00,cool,compressorCoolOff,,Home,76,70,75.6,53,79.6,0,0,0,0,0,,76,53,75.2,0,
2025-07-10,12:20:00,cool,compressorCoolOff,,Home,76,70,75.6,54,79.6,0,0,0,0,0,,76.1,54,75.2,0,
2025-07-10,12:25:00,cool,compressorCoolOff,,Home,76,70,75.8,55,79.6,0,0,0,0,0,,76.3,55,75.4,0,
2025-07-10,12:30:00,cool,compressorCoolOff,,Home,76,70,76.1,55,80.2,0,0,0,0,0,,76.4,55,75.8,0,
2025-07-10,12:35:00,cool,compressorCoolOff,,Home,76,70,76.1,55,80.2,0,0,0,0,0,,76.4,55,75.9,0,
2025-07-10,12:40:00,cool,compressorCoolOff,,Home,76,70,76.2,56,80.2,0,0,0,0,0,,76.4,56,76.1,0,
2025-07-10,12:45:00,cool,compressorCoolOff,,Home,76,70,76.3,56,80.2,0,30,0,0,30,,76.5,56,76.3,0,
2025-07-10,12:50:00,cool,compressorCoolStage1On,,Home,76,70,76.5,56,80.2,0,300,0,0,300,,76.6,56,76.4,0,
2025-07-10,12:55:00,cool,compressorCoolStage1On,,Home,76,70,76.2,54,80.2,0,300,0,0,300,,76.4,54,76.1,0,
2025-07-10,13:00:00,cool,compressorCoolStage1On,,Home,76,70,75.9,54,80.7,0,60,0,0,105,,76,54,75.8,0,
2025-07-10,13:05:00,cool,compressorCoolOff,,Home,76,70,75.8,56,80.7,0,0,0,0,0,,76.1,56,75.5,0,
2025-07-10,13:10:00,cool,compressorCoolOff,,Home,76,70,75.8,58,80.7,0,0,0,0,0,,76.3,58,75.4,0,
2025-07-10,13:15:00,cool,compressorCoolOff,,Home,76,70,75.9,59,80.7,0,0,0,0,0,,76.4,59,75.4,0,
2025-07-10,13:20:00,cool,compressorCoolOff,,Home,76,70,76,59,80.7,0,0,0,0,0,,76.5,59,75.6,0,
2025-07-10,13:25:00,cool,compressorCoolOff,,Home,76,70,76,58,80.7,0,0,0,0,0,,76.5,58,75.6,0,
2025-07-10,13:30:00,cool,compressorCoolOff,,Home,76,70,76.1,58,80.7,0,0,0,0,0,,76.6,58,75.7,0,
2025-07-10,13:35:00,cool,compressorCoolOff,,Home,76,70,76.2,58,80.7,0,0,0,0,0,,76.7,58,75.9,0,
2025-07-10,13:40:00,cool,compressorCoolOff,,Home,76,70,76.4,58,80.7,0,0,0,0,0,,76.8,58,76,0,
2025-07-10,13:45:00,cool,compressorCoolOff,,Home,76,70,76.4,57,80.7,0,165,0,0,165,,76.8,57,76.1,0,
2025-07-10,13:50:00,cool,compressorCoolStage1On,,Home,76,70,76.4,55,80.7,0,300,0,0,300,,76.8,55,76.1,0,
2025-07-10,13:55:00,cool,compressorCoolStage1On,,Home,76,70,76.1,54,80.7,0,195,0,0,240,,76.5,54,75.8,0,
2025-07-10,14:00:00,cool,compressorCoolOff,,Home,76,70,75.8,54,81.7,0,0,0,0,0,,76.3,54,75.5,0,
2025-07-10,14:05:00,cool,compressorCoolOff,,Home,76,70,75.7,56,81.7,0,0,0,0,0,,76.3,56,75.2,0,
2025-07-10,14:10:00,cool,compressorCoolOff,,Home,76,70,75.8,57,81.7,0,0,0,0,0,,76.5,57,75.2,0,
2025-07-10,14:15:00,cool,compressorCoolOff,,Home,76,70,76,57,81.7,0,0,0,0,0,,76.6,57,75.4,0,
2025-07-10,14:20:00,cool,compressorCoolOff,,Home,76,70,76.1,56,81.7,0,0,0,0,0,,76.7,56,75.5,0,
2025-07-10,14:25:00,cool,compressorCoolOff,,Home,76,70,76.2,55,81.7,0,0,0,0,0,,76.8,55,75.6,0,
2025-07-10,14:30:00,cool,compressorCoolOff,,Home,76,70,76.2,55,81.7,0,0,0,0,0,,76.9,55,75.7,0,
2025-07-10,14:35:00,cool,compressorCoolOff,,Home,76,70,76.3,56,81.7,0,0,0,0,0,,76.9,56,75.9,0,
2025-07-10,14:40:00,cool,compressorCoolOff,,Home,76,70,76.4,56,81.7,0,0,0,0,0,,76.8,56,76,0,
2025-07-10,14:45:00,cool,compressorCoolOff,,Home,76,70,76.4,56,81.7,0,105,0,0,105,,76.8,56,76,0,
2025-07-10,14:50:00,cool,compressorCoolStage1On,,Home,76,70,76.4,55,81.7,0,300,0,0,300,,76.7,55,76.2,0,
2025-07-10,14:55:00,cool,compressorCoolStage1On,,Home,76,70,76.3,54,81.7,0,270,0,0,300,,76.5,54,76.1,0,
2025-07-10,15:00:00,cool,compressorCoolOff,,Home,76,70,75.9,53,82.1,0,0,0,0,15,,76.3,53,75.5,0,
2025-07-10,15:05:00,cool,compressorCoolOff,,Home,76,70,75.7,55,82.1,0,0,0,0,0,,76.3,55,75.2,0,
2025-07-10,15:10:00,cool,compressorCoolOff,,Home,76,70,75.8,56,82.1,0,0,0,0,0,,76.4,56,75.2,0,
2025-07-10,15:15:00,cool,compressorCoolOff,,Home,76,70,75.9,56,82.1,0,0,0,0,0,,76.6,56,75.3,0,
2025-07-10,15:20:00,cool,compressorCoolOff,,Home,76,70,76,55,82.1,0,0,0,0,0,,76.6,55,75.5,0,
2025-07-10,15:25:00,cool,compressorCoolOff,,Home,76,70,76.2,55,82.1,0,0,0,0,0,,76.7,55,75.7,0,
2025-07-10,15:30:00,cool,compressorCoolOff,,Home,76,70,76.3,55,82.1,0,0,0,0,0,,76.8,55,75.8,0,
2025-07-10,15:35:00,cool,compressorCoolOff,,Home,76,70,76.3,56,82.1,0,0,0,0,0,,76.9,56,75.9,0,
2025-07-10,15:40:00,cool,compressorCoolOff,,Home,76,70,76.4,56,82.1,0,165,0,0,165,,76.9,56,76,0,
2025-07-10,15:45:00,cool,compressorCoolStage1On,,Home,76,70,76.4,55,82.1,0,300,0,0,300,,76.9,55,76,0,
2025-07-10,15:50:00,cool,compressorCoolStage1On,,Home,76,70,76.2,53,82.1,0,300,0,0,300,,76.7,53,75.9,0,
2025-07-10,15:55:00,cool,compressorCoolOff,,Home,76,70,75.9,52,82.1,0,0,0,0,45,,76.3,52,75.5,0,
2025-07-10,16:00:00,cool,compressorCoolOff,,Home,76,70,75.7,54,82.3,0,0,0,0,0,,76.3,54,75.1,0,
2025-07-10,16:05:00,cool,compressorCoolOff,,Home,76,70,75.8,55,82.3,0,0,0,0,0,,76.5,55,75.2,0,
2025-07-10,16:10:00,cool,compressorCoolOff,,Home,76,70,76.1,55,82.3,0,0,0,0,0,,76.7,55,75.5,0,
2025-07-10,16:15:00,cool,compressorCoolOff,,Home,76,70,76.3,56,82.3,0,0,0,0,0,,76.8,56,75.9,0,
2025-07-10,16:20:00,cool,compressorCoolOff,,Home,76,70,76.4,56,82.3,0,195,0,0,195,,76.8,56,76.1,0,
2025-07-10,16:25:00,cool,compressorCoolStage1On,,Home,76,70,76.4,54,82.3,0,300,0,0,300,,76.7,54,76.2,0,
2025-07-10,16:30:00,cool,compressorCoolStage1On,,Home,76,70,76.1,53,82.3,0,165,0,0,210,,76.4,53,75.9,0,
2025-07-10,16:35:00,cool,compressorCoolOff,,Home,76,70,75.8,53,82.3,0,0,0,0,0,,76.2,53,75.5,0,
2025-07-10,16:40:00,cool,compressorCoolOff,,Home,76,70,75.8,54,82.3,0,0,0,0,0,,76.3,54,75.4,0,
2025-07-10,16:45:00,cool,compressorCoolOff,,Home,76,70,75.9,55,82.3,0,0,0,0,0,,76.5,55,75.4,0,
2025-07-10,16:50:00,cool,compressorCoolOff,,Home,76,70,76.1,55,82.3,0,0,0,0,0,,76.6,55,75.6,0,
2025-07-10,16:55:00,cool,compressorCoolOff,,Home,76,70,76.2,55,82.3,0,0,0,0,0,,76.7,55,75.8,0,
2025-07-10,17:00:00,cool,compressorCoolOff,,Home,76,70,76.3,55,82.2,0,0,0,0,0,,76.9,55,75.8,0,
2025-07-10,17:05:00,cool,compressorCoolOff,,Home,76,70,76.5,55,82.2,0,255,0,0,255,,76.9,55,76.1,0,
2025-07-10,17:10:00,cool,compressorCoolStage1On,,Home,76,70,76.6,54,82.2,0,300,0,0,300,,76.9,54,76.3,0,
2025-07-10,17:15:00,cool,compressorCoolStage1On,,Home,76,70,76.2,52,82.2,0,300,0,0,300,,76.6,52,75.9,0,
2025-07-10,17:20:00,cool,compressorCoolStage1On,,Home,76,70,75.8,52,82.2,0,45,0,0,90,,76.2,52,75.5,0,
2025-07-10,17:25:00,cool,compressorCoolOff,,Home,76,70,75.7,52,82.2,0,0,0,0,0,,76.2,52,75.3,0,
2025-07-10,17:30:00,cool,compressorCoolOff,,Home,76,70,75.8,54,82.2,0,0,0,0,0,,76.3,54,75.3,0,
2025-07-10,17:35:00,cool,compressorCoolOff,,Home,76,70,76,54,82.2,0,0,0,0,0,,76.4,54,75.6,0,
2025-07-10,17:40:00,cool,compressorCoolOff,,Home,76,70,76.1,55,82.2,0,0,0,0,0,,76.4,55,75.8,0,
2025-07-10,17:45:00,cool,compressorCoolOff,,Home,76,70,76.2,55,82.2,0,0,0,0,0,,76.5,55,76,0,
2025-07-10,17:50:00,cool,compressorCoolOff,,Home,76,70,76.3,55,82.2,0,0,0,0,0,,76.6,55,76,0,
2025-07-10,17:55:00,cool,compressorCoolOff,,Home,76,70,76.5,55,82.2,0,270,0,0,270,,76.8,55,76.3,0,
2025-07-10,18:00:00,cool,compressorCoolStage1On,,Home,76,70,76.4,54,81.7,0,300,0,0,300,,76.7,54,76.2,0,
2025-07-10,18:05:00,cool,compressorCoolStage1On,,Home,76,70,76.1,52,81.7,0,105,0,0,150,,76.5,52,75.8,0,
2025-07-10,18:10:00,cool,compressorCoolOff,,Home,76,70,75.9,53,81.7,0,0,0,0,0,,76.4,53,75.4,0,
2025-07-10,18:15:00,cool,compressorCoolOff,,Home,76,70,75.8,55,81.7,0,0,0,0,0,,76.5,55,75.2,0,
2025-07-10,18:20:00,cool,compressorCoolOff,,Home,76,70,76,54,81.7,0,0,0,0,0,,76.7,54,75.4,0,
2025-07-10,18:25:00,cool,compressorCoolOff,,Home,76,70,76.2,54,81.7,0,0,0,0,0,,76.8,54,75.6,0,
2025-07-10,18:30:00,cool,compressorCoolOff,,Home,76,70,76.3,55,80.5,0,0,0,0,0,,76.9,55,75.8,0,
2025-07-10,18:35:00,cool,compressorCoolOff,,Home,76,70,76.4,55,80.5,0,0,0,0,0,,76.9,55,76,0,
2025-07-10,18:40:00,cool,compressorCoolOff,,Home,76,70,76.4,55,80.5,0,0,0,0,0,,76.8,55,76,0,
2025-07-10,18:45:00,cool,compressorCoolOff,,Home,76,70,76.4,55,80.5,0,270,0,0,270,,76.8,55,76.1,0,
2025-07-10,18:50:00,cool,compressorCoolStage1On,,Home,76,70,76.4,54,80.5,0,300,0,0,300,,76.7,54,76.2,0,
2025-07-10,18:55:00,cool,compressorCoolStage1On,,Home,76,70,76,52,80.5,0,105,0,0,150,,76.5,52,75.5,0,
2025-07-10,19:00:00,cool,compressorCoolOff,,Home,76,70,75.7,52,80.5,0,0,0,0,0,,76.4,52,75,0,
2025-07-10,19:05:00,cool,compressorCoolOff,,Home,76,70,75.7,54,80.5,0,0,0,0,0,,76.6,54,74.9,0,
2025-07-10,19:10:00,cool,compressorCoolOff,,Home,76,70,75.9,54,80.5,0,0,0,0,0,,76.7,54,75.1,0,
2025-07-10,19:15:00,cool,compressorCoolOff,,Home,76,70,76,54,80.5,0,0,0,0,0,,76.9,54,75.2,0,
2025-07-10,19:20:00,cool,compressorCoolOff,,Home,76,70,76.1,55,80.5,0,0,0,0,0,,76.9,55,75.4,0,
2025-07-10,19:25:00,cool,compressorCoolOff,,Home,76,70,76.2,55,80.5,0,0,0,0,0,,76.8,55,75.6,0,
2025-07-10,19:30:00,cool,compressorCoolOff,,Home,76,70,76.2,55,80.5,0,0,0,0,0,,76.7,55,75.8,0,
2025-07-10,19:35:00,cool,compressorCoolOff,,Home,76,70,76.2,55,80.5,0,0,0,0,0,,76.6,55,75.8,0,
2025-07-10,19:40:00,cool,compressorCoolOff,,Home,76,70,76.2,55,80.5,0,0,0,0,0,,76.7,55,75.8,0,
2025-07-10,19:45:00,cool,compressorCoolOff,,Home,76,70,76.3,55,80.5,0,0,0,0,0,,76.8,55,75.9,0,
2025-07-10,19:50:00,cool,compressorCoolOff,,Home,76,70,76.4,55,80.5,0,0,0,0,0,,76.9,55,76,0,
2025-07-10,19:55:00,cool,compressorCoolOff,,Home,76,70,76.4,55,80.5,0,60,0,0,60,,76.9,55,76,0,
2025-07-10,20:00:00,cool,compressorCoolStage1On,,Home,76,70,76.5,55,78.4,0,300,0,0,300,,77,55,76,0,
2025-07-10,20:05:00,cool,compressorCoolStage1On,,Home,76,70,76.3,53,78.4,0,300,0,0,300,,76.8,53,75.9,0,
2025-07-10,20:10:00,cool,compressorCoolStage1On,,Home,76,70,75.9,52,78.4,0,90,0,0,135,,76.4,52,75.5,0,
2025-07-10,20:15:00,cool,compressorCoolOff,,Home,76,70,75.6,52,78.4,0,0,0,0,0,,76.4,52,74.9,0,
2025-07-10,20:20:00,cool,compressorCoolOff,,Home,76,70,75.6,54,78.4,0,0,0,0,0,,76.4,54,74.9,0,
2025-07-10,20:25:00,cool,compressorCoolOff,,Home,76,70,75.7,54,78.4,0,0,0,0,0,,76.5,54,74.9,0,
2025-07-10,20:30:00,cool,compressorCoolOff,,Home,76,70,75.8,54,78.4,0,0,0,0,0,,76.7,54,74.9,0,
2025-07-10,20:35:00,cool,compressorCoolOff,,Home,76,70,75.9,54,78.4,0,0,0,0,0,,76.8,54,75.2,0,
2025-07-10,20:40:00,cool,compressorCoolOff,,Home,76,70,76.1,54,78.4,0,0,0,0,0,,76.8,54,75.5,0,
2025-07-10,20:45:00,cool,compressorCoolOff,,Home,76,70,76.2,55,78.4,0,0,0,0,0,,76.9,55,75.6,0,
2025-07-10,20:50:00,cool,compressorCoolOff,,Home,76,70,76.2,55,78.4,0,0,0,0,0,,76.9,55,75.6,0,
2025-07-10,20:55:00,cool,compressorCoolOff,,Home,76,70,76.4,55,78.4,0,0,0,0,0,,77,55,75.8,0,
2025-07-10,21:00:00,cool,compressorCoolOff,,Home,76,70,76.4,55,76.8,0,15,0,0,15,,77,55,75.8,0,
2025-07-10,21:05:00,cool,compressorCoolStage1On,,Home,76,70,76.5,55,76.8,0,300,0,0,300,,77,55,76,0,
2025-07-10,21:10:00,cool,compressorCoolStage1On,,Home,76,70,76.2,53,76.8,0,300,0,0,300,,76.7,53,75.8,0,
2025-07-10,21:15:00,cool,compressorCoolStage1On,,Home,76,70,75.8,53,76.8,0,75,0,0,120,,76.3,53,75.3,0,
2025-07-10,21:20:00,cool,compressorCoolOff,,Home,76,70,75.5,53,76.8,0,0,0,0,0,,76.2,53,74.9,0,
2025-07-10,21:25:00,cool,compressorCoolOff,,Home,76,70,75.5,54,76.8,0,0,0,0,0,,76.2,54,74.9,0,
2025-07-10,21:30:00,cool,compressorCoolOff,,Home,76,70,75.7,54,76.6,0,0,0,0,0,,76.4,54,75,0,
2025-07-10,21:35:00,cool,compressorCoolOff,,Home,76,70,75.8,54,76.6,0,0,0,0,0,,76.5,54,75.2,0,
2025-07-10,21:40:00,cool,compressorCoolOff,,Home,76,70,76,55,76.6,0,0,0,0,0,,76.6,55,75.4,0,
2025-07-10,21:45:00,cool,compressorCoolOff,,Home,76,70,76.1,55,76.6,0,0,0,0,0,,76.6,55,75.6,0,
2025-07-10,21:50:00,cool,compressorCoolOff,,Home,76,70,76.2,55,76.6,0,0,0,0,0,,76.7,55,75.8,0,
2025-07-10,21:55:00,cool,compressorCoolOff,,Home,76,70,76.3,55,76.6,0,0,0,0,0,,76.7,55,76,0,
2025-07-10,22:00:00,cool,compressorCoolOff,,Home,76,70,76.4,55,76,0,0,0,0,0,,76.8,55,76,0,
2025-07-10,22:05:00,cool,compressorCoolOff,,Home,76,70,76.4,55,76,0,0,0,0,0,,76.8,55,76,0,
2025-07-10,22:10:00,cool,compressorCoolOff,,Home,76,70,76.4,55,76,0,255,0,0,255,,76.8,55,76.1,0,
2025-07-10,22:15:00,cool,compressorCoolStage1On,,Home,76,70,76.3,54,76,0,300,0,0,300,,76.7,54,76,0,
2025-07-10,22:20:00,cool,compressorCoolStage1On,,Home,76,70,76,52,76,0,105,0,0,150,,76.4,52,75.6,0,
2025-07-10,22:25:00,cool,compressorCoolOff,,Home,76,70,75.7,53,76,0,0,0,0,0,,76.3,53,75.2,0,
2025-07-10,22:30:00,cool,compressorCoolOff,,Home,76,70,75.7,54,76,0,0,0,0,0,,76.3,54,75.2,0,
2025-07-10,22:35:00,cool,compressorCoolOff,,Home,76,70,75.8,55,76,0,0,0,0,0,,76.4,55,75.2,0,
2025-07-10,22:40:00,cool,compressorCoolOff,,Home,76,70,75.9,54,76,0,0,0,0,0,,76.5,54,75.4,0,
2025-07-10,22:45:00,cool,compressorCoolOff,,Home,76,70,76.1,54,76,0,0,0,0,0,,76.6,54,75.6,0,
2025-07-10,22:50:00,cool,compressorCoolOff,,Home,76,70,76.2,55,76,0,0,0,0,0,,76.6,55,75.8,0,
2025-07-10,22:55:00,cool,compressorCoolOff,,Home,76,70,76.3,55,76,0,0,0,0,0,,76.7,55,76,0,
2025-07-10,23:00:00,cool,compressorCoolOff,,Home,76,70,76.3,55,75.3,0,0,0,0,0,,76.7,55,76,0,
2025-07-10,23:05:00,cool,compressorCoolOff,,Home,76,70,76.4,56,75.3,0,0,0,0,0,,76.8,56,76,0,
2025-07-10,23:10:00,cool,compressorCoolOff,,Home,76,70,76.4,57,75.3,0,0,0,0,0,,76.8,57,76,0,
2025-07-10,23:15:00,cool,compressorCoolOff,,Home,76,70,76.4,57,75.3,0,165,0,0,165,,76.8,57,76.1,0,
2025-07-10,23:20:00,cool,compressorCoolStage1On,,Home,76,70,76.4,55,75.3,0,300,0,0,300,,76.7,55,76.1,0,
2025-07-10,23:25:00,cool,compressorCoolStage1On,,Home,76,70,76.1,53,75.3,0,210,0,0,255,,76.4,53,75.8,0,
2025-07-10,23:30:00,cool,compressorCoolOff,,Home,76,70,75.7,53,75.3,0,0,0,0,0,,76.1,53,75.3,0,
2025-07-10,23:35:00,cool,compressorCoolOff,,Home,76,70,75.6,54,75.3,0,0,0,0,0,,76.1,54,75.1,0,
2025-07-10,23:40:00,cool,compressorCoolOff,,Home,76,70,75.7,55,75.3,0,0,0,0,0,,76.3,55,75.1,0,
2025-07-10,23:45:00,cool,compressorCoolOff,,Home,76,70,75.7,55,75.3,0,0,0,0,0,,76.4,55,75.1,0,
2025-07-10,23:50:00,cool,compressorCoolOff,,Home,76,70,75.8,55,75.3,0,0,0,0,0,,76.4,55,75.3,0,
2025-07-10,23:55:00,cool,compressorCoolOff,,Home,76.1,69.6,75.9,55,75.3,0,0,0,0,0,,76.5,55,75.4,0,
2025-07-11,00:00:00,cool,compressorCoolOff,,Sleep,78,62,75.9,55,74.5,0,0,0,0,0,,76.5,55,75.5,0,
2025-07-11,00:05:00,cool,compressorCoolOff,,Sleep,78,62,76,55,74.5,0,0,0,0,0,,76.5,55,75.6,0,
2025-07-11,00:10:00,cool,compressorCoolOff,,Sleep,78,62,76,55,74.5,0,0,0,0,0,,76.5,55,75.6,0,
2025-07-11,00:15:00,cool,compressorCoolOff,,Sleep,78,62,76.1,55,74.5,0,0,0,0,0,,76.6,55,75.6,0,
2025-07-11,00:20:00,cool,compressorCoolOff,,Sleep,78,62,76.1,55,74.5,0,0,0,0,0,,76.6,55,75.6,0,
2025-07-11,00:25:00,cool,compressorCoolOff,,Sleep,78,62,76.2,55,74.5,0,0,0,0,0,,76.6,55,75.8,0,
2025-07-11,00:30:00,cool,compressorCoolOff,,Sleep,78,62,76.2,55,73.7,0,0,0,0,0,,76.6,55,75.8,0,
2025-07-11,00:35:00,cool,compressorCoolOff,,Sleep,78,62,76.2,56,73.7,0,0,0,0,0,,76.7,56,75.8,0,
2025-07-11,00:40:00,cool,compressorCoolOff,,Sleep,78,62,76.2,57,73.7,0,0,0,0,0,,76.7,57,75.8,0,
2025-07-11,00:45:00,cool,compressorCoolOff,,Sleep,78,62,76.2,57,73.7,0,0,0,0,0,,76.7,57,75.9,0,
2025-07-11,00:50:00,cool,compressorCoolOff,,Sleep,78,62,76.3,57,73.7,0,0,0,0,0,,76.7,57,76,0,
2025-07-11,00:55:00,cool,compressorCoolOff,,Sleep,78,62,76.3,57,73.7,0,0,0,0,0,,76.7,57,76,0,
2025-07-11,01:00:00,cool,compressorCoolOff,,Sleep,78,62,76.3,57,73.4,0,0,0,0,0,,76.7,57,76,0,
2025-07-11,01:05:00,cool,compressorCoolOff,,Sleep,78,62,76.3,58,73.4,0,0,0,0,0,,76.7,58,76,0,
2025-07-11,01:10:00,cool,compressorCoolOff,,Sleep,78,62,76.3,58,73.4,0,0,0,0,0,,76.7,58,76,0,
2025-07-11,01:15:00,cool,compressorCoolOff,,Sleep,78,62,76.3,58,73.4,0,0,0,0,0,,76.7,58,76,0,
2025-07-11,01:20:00,cool,compressorCoolOff,,Sleep,78,62,76.3,58,73.4,0,0,0,0,0,,76.7,58,76,0,
2025-07-11,01:25:00,cool,compressorCoolOff,,Sleep,78,62,76.3,58,73.4,0,0,0,0,0,,76.7,58,76,0,
2025-07-11,01:30:00,cool,compressorCoolOff,,Sleep,78,62,76.3,58,73.4,0,0,0,0,0,,76.7,58,76,0,
2025-07-11,01:35:00,cool,compressorCoolOff,,Sleep,78,62,76.3,58,73.4,0,0,0,0,0,,76.7,58,76,0,
2025-07-11,01:40:00,cool,compressorCoolOff,,Sleep,78,62,76.3,58,73.4,0,0,0,0,0,,76.7,58,76,0,
2025-07-11,01:45:00,cool,compressorCoolOff,,Sleep,78,62,76.3,58,73.4,0,0,0,0,0,,76.7,58,76,0,
2025-07-11,01:50:00,cool,compressorCoolOff,,Sleep,78,62,76.4,58,73.4,0,0,0,0,0,,76.8,58,76,0,
2025-07-11,01:55:00,cool,compressorCoolOff,,Sleep,78,62,76.4,58,73.4,0,0,0,0,0,,76.8,58,76,0,
2025-07-11,02:00:00,cool,compressorCoolOff,,Sleep,78,62,76.4,57,72.6,0,0,0,0,0,,76.7,57,76.2,0,
2025-07-11,02:05:00,cool,compressorCoolOff,,Sleep,78,62,76.4,57,72.6,0,0,0,0,0,,76.7,57,76.2,0,
2025-07-11,02:10:00,cool,compressorCoolOff,,Sleep,78,62,76.4,58,72.6,0,0,0,0,0,,76.7,58,76.2,0,
2025-07-11,02:15:00,cool,compressorCoolOff,,Sleep,78,62,76.4,58,72.6,0,0,0,0,0,,76.7,58,76.2,0,
2025-07-11,02:20:00,cool,compressorCoolOff,,Sleep,78,62,76.4,58,72.6,0,0,0,0,0,,76.7,58,76.2,0,
2025-07-11,02:25:00,cool,compressorCoolOff,,Sleep,78,62,76.4,58,72.6,0,0,0,0,0,,76.7,58,76.2,0,
2025-07-11,02:30:00,cool,compressorCoolOff,,Sleep,78,62,76.5,58,72.6,0,0,0,0,0,,76.8,58,76.2,0,
2025-07-11,02:35:00,cool,compressorCoolOff,,Sleep,78,62,76.5,58,72.6,0,0,0,0,0,,76.8,58,76.2,0,
2025-07-11,02:40:00,cool,compressorCoolOff,,Sleep,78,62,76.5,58,72.6,0,0,0,0,0,,76.8,58,76.2,0,
2025-07-11,02:45:00,cool,compressorCoolOff,,Sleep,78,62,76.5,58,72.6,0,0,0,0,0,,76.8,58,76.2,0,
2025-07-11,02:50:00,cool,compressorCoolOff,,Sleep,78,62,76.5,58,72.6,0,0,0,0,0,,76.8,58,76.2,0,
2025-07-11,02:55:00,cool,compressorCoolOff,,Sleep,78,62,76.5,58,72.6,0,0,0,0,0,,76.8,58,76.2,0,
2025-07-11,03:00:00,cool,compressorCoolOff,,Sleep,78,62,76.5,58,72.1,0,0,0,0,0,,76.8,58,76.2,0,
2025-07-11,03:05:00,cool,compressorCoolOff,,Sleep,78,62,76.5,58,72.1,0,0,0,0,0,,76.8,58,76.2,0,
2025-07-11,03:10:00,cool,compressorCoolOff,,Sleep,78,62,76.5,58,72.1,0,0,0,0,0,,76.8,58,76.2,0,
2025-07-11,03:15:00,cool,compressorCoolOff,,Sleep,78,62,76.5,58,72.1,0,0,0,0,0,,76.8,58,76.2,0,
2025-07-11,03:20:00,cool,compressorCoolOff,,Sleep,78,62,76.5,58,72.1,0,0,0,0,0,,76.8,58,76.2,0,
2025-07-11,03:25:00,cool,compressorCoolOff,,Sleep,78,62,76.5,58,72.1,0,0,0,0,0,,76.8,58,76.2,0,
2025-07-11,03:30:00,cool,compressorCoolOff,,Sleep,78,62,76.5,58,72.1,0,0,0,0,0,,76.8,58,76.2,0,
2025-07-11,03:35:00,cool,compressorCoolOff,,Sleep,78,62,76.5,58,72.1,0,0,0,0,0,,76.8,58,76.2,0,
2025-07-11,03:40:00,cool,compressorCoolOff,,Sleep,78,62,76.5,58,72.1,0,0,0,0,0,,76.8,58,76.2,0,
2025-07-11,03:45:00,cool,compressorCoolOff,,Sleep,78,62,76.5,58,72.1,0,0,0,0,0,,76.8,58,76.2,0,
2025-07-11,03:50:00,cool,compressorCoolOff,,Sleep,78,62,76.5,59,72.1,0,0,0,0,0,,76.8,59,76.2,0,
2025-07-11,03:55:00,cool,compressorCoolOff,,Sleep,78,62,76.5,59,72.1,0,0,0,0,0,,76.8,59,76.2,0,
2025-07-11,04:00:00,cool,compressorCoolOff,,Sleep,78,62,76.5,59,71.9,0,0,0,0,0,,76.8,59,76.2,0,
2025-07-11,04:05:00,cool,compressorCoolOff,,Sleep,78,62,76.5,59,71.9,0,0,0,0,0,,76.8,59,76.2,0,
2025-07-11,04:10:00,cool,compressorCoolOff,,Sleep,78,62,76.5,59,71.9,0,0,0,0,0,,76.8,59,76.2,0,
2025-07-11,04:15:00,cool,compressorCoolOff,,Sleep,78,62,76.5,59,71.9,0,0,0,0,0,,76.9,59,76.2,0,
2025-07-11,04:20:00,cool,compressorCoolOff,,Sleep,78,62,76.5,59,71.9,0,0,0,0,0,,76.9,59,76.2,0,
2025-07-11,04:25:00,cool,compressorCoolOff,,Sleep,78,62,76.5,59,71.9,0,0,0,0,0,,76.9,59,76.2,0,
2025-07-11,04:30:00,cool,compressorCoolOff,,Sleep,78,62,76.5,59,71.9,0,0,0,0,0,,76.9,59,76.2,0,
2025-07-11,04:35:00,cool,compressorCoolOff,,Sleep,78,62,76.5,59,71.9,0,0,0,0,0,,76.9,59,76.2,0,
2025-07-11,04:40:00,cool,compressorCoolOff,,Sleep,78,62,76.5,59,71.9,0,0,0,0,0,,76.9,59,76.2,0,
2025-07-11,04:45:00,cool,compressorCoolOff,,Sleep,78,62,76.6,59,71.9,0,0,0,0,0,,76.9,59,76.4,0,
2025-07-11,04:50:00,cool,compressorCoolOff,,Sleep,78,62,76.5,59,71.9,0,0,0,0,0,,76.9,59,76.3,0,
2025-07-11,04:55:00,cool,compressorCoolOff,,Sleep,78,62,76.5,59,71.9,0,0,0,0,0,,76.9,59,76.2,0,
2025-07-11,05:00:00,cool,compressorCoolOff,,Sleep,78,62,76.5,59,71.7,0,0,0,0,0,,76.9,59,76.3,0,
2025-07-11,05:05:00,cool,compressorCoolOff,,Sleep,78,62,76.5,58,71.7,0,0,0,0,0,,76.9,58,76.2,0,
2025-07-11,05:10:00,cool,compressorCoolOff,,Sleep,78,62,76.5,58,71.7,0,0,0,0,0,,76.8,58,76.3,0,
2025-07-11,05:15:00,cool,compressorCoolOff,,Sleep,78,62,76.6,58,71.7,0,0,0,0,0,,76.8,58,76.4,0,
2025-07-11,05:20:00,cool,compressorCoolOff,,Sleep,78,62,76.6,58,71.7,0,0,0,0,0,,76.8,58,76.4,0,
2025-07-11,05:25:00,cool,compressorCoolOff,,Sleep,78,62,76.6,59,71.7,0,0,0,0,0,,76.8,59,76.4,0,
2025-07-11,05:30:00,cool,compressorCoolOff,,Sleep,78,62,76.5,59,71.7,0,0,0,0,0,,76.8,59,76.3,0,
2025-07-11,05:35:00,cool,compressorCoolOff,,Sleep,78,62,76.5,59,71.7,0,0,0,0,0,,76.8,59,76.2,0,
2025-07-11,05:40:00,cool,compressorCoolOff,,Sleep,78,62,76.5,59,71.7,0,0,0,0,0,,76.8,59,76.3,0,
2025-07-11,05:45:00,cool,compressorCoolOff,,Sleep,78,62,76.5,59,71.7,0,0,0,0,0,,76.8,59,76.2,0,
2025-07-11,05:50:00,cool,compressorCoolOff,,Sleep,78,62,76.6,59,71.7,0,0,0,0,0,,76.8,59,76.4,0,
2025-07-11,05:55:00,cool,compressorCoolOff,,Sleep,78,62,76.6,59,71.7,0,0,0,0,0,,76.8,59,76.4,0,
2025-07-11,06:00:00,cool,compressorCoolOff,,Sleep,78,62,76.5,59,71.7,0,0,0,0,0,,76.9,59,76.2,0,
2025-07-11,06:05:00,cool,compressorCoolOff,,Sleep,78,62,76.5,59,71.7,0,0,0,0,0,,76.9,59,76.2,0,
2025-07-11,06:10:00,cool,compressorCoolOff,,Sleep,78,62,76.5,59,71.7,0,0,0,0,0,,76.8,59,76.2,0,
2025-07-11,06:15:00,cool,compressorCoolOff,,Sleep,78,62,76.5,59,71.7,0,0,0,0,0,,76.8,59,76.2,0,
2025-07-11,06:20:00,cool,compressorCoolOff,,Sleep,78,62,76.5,59,71.7,0,0,0,0,0,,76.9,59,76.2,0,
2025-07-11,06:25:00,cool,compressorCoolOff,,Sleep,78,62,76.5,59,71.7,0,0,0,0,0,,76.9,59,76.2,0,
2025-07-11,06:30:00,cool,compressorCoolOff,,Sleep,78,62,76.5,59,71.9,0,0,0,0,0,,76.9,59,76.2,0,
2025-07-11,06:35:00,cool,compressorCoolOff,,Sleep,78,62,76.6,59,71.9,0,0,0,0,0,,76.9,59,76.4,0,
2025-07-11,06:40:00,cool,compressorCoolOff,,Sleep,78,62,76.6,59,71.9,0,0,0,0,0,,76.9,59,76.4,0,
2025-07-11,06:45:00,cool,compressorCoolOff,,Sleep,78,62,76.6,59,71.9,0,0,0,0,0,,76.9,59,76.4,0,
2025-07-11,06:50:00,cool,compressorCoolOff,,Sleep,78,62,76.6,59,71.9,0,0,0,0,0,,76.9,59,76.4,0,
2025-07-11,06:55:00,cool,compressorCoolOff,,Sleep,78,62,76.6,59,71.9,0,0,0,0,0,,76.9,59,76.4,0,
2025-07-11,07:00:00,cool,compressorCoolOff,,Sleep,78,62,76.5,59,72.7,0,0,0,0,0,,76.9,59,76.2,0,
2025-07-11,07:05:00,cool,compressorCoolOff,,Sleep,78,62,76.5,59,72.7,0,0,0,0,0,,76.9,59,76.3,0,
2025-07-11,07:10:00,cool,compressorCoolOff,,Sleep,78,62,76.6,59,72.7,0,0,0,0,0,,76.9,59,76.4,0,
2025-07-11,07:15:00,cool,compressorCoolOff,,Sleep,78,62,76.6,59,72.7,0,0,0,0,0,,76.9,59,76.4,0,
2025-07-11,07:20:00,cool,compressorCoolOff,,Sleep,78,62,76.6,59,72.7,0,0,0,0,0,,76.9,59,76.4,0,
2025-07-11,07:25:00,cool,compressorCoolOff,,Sleep,78,62,76.6,59,72.7,0,0,0,0,0,,76.9,59,76.4,0,
2025-07-11,07:30:00,cool,compressorCoolOff,,Sleep,78,62,76.6,59,72.7,0,0,0,0,0,,76.9,59,76.4,0,
2025-07-11,07:35:00,cool,compressorCoolOff,,Sleep,78,62,76.6,59,72.7,0,0,0,0,0,,76.9,59,76.4,0,
2025-07-11,07:40:00,cool,compressorCoolOff,,Sleep,78,62,76.6,59,72.7,0,0,0,0,0,,76.9,59,76.4,0,
2025-07-11,07:45:00,cool,compressorCoolOff,,Sleep,78,62,76.7,60,72.7,0,240,0,0,240,,77,60,76.4,0,
2025-07-11,07:50:00,cool,compressorCoolStage1On,(SmartRecovery),Sleep,78,62,76.6,58,72.7,0,300,0,0,300,,76.9,58,76.4,0,
2025-07-11,07:55:00,cool,compressorCoolStage1On,(SmartRecovery),Sleep,77.9,62.4,76.3,56,72.7,0,300,0,0,300,,76.6,56,76,0,
2025-07-11,08:00:00,cool,compressorCoolStage1On,,Home,76,70,75.8,54,75.4,0,90,0,0,135,,76.2,54,75.5,0,
2025-07-11,08:05:00,cool,compressorCoolOff,,Home,76,70,75.5,54,75.4,0,0,0,0,0,,76.1,54,75,0,
2025-07-11,08:10:00,cool,compressorCoolOff,,Home,76,70,75.5,55,75.4,0,0,0,0,0,,76.2,55,74.9,0,
2025-07-11,08:15:00,cool,compressorCoolOff,,Home,76,70,75.7,56,75.4,0,0,0,0,0,,76.4,56,75.1,0,
2025-07-11,08:20:00,cool,compressorCoolOff,,Home,76,70,75.8,57,75.4,0,0,0,0,0,,76.5,57,75.2,0,
2025-07-11,08:25:00,cool,compressorCoolOff,,Home,76,70,76,57,75.4,0,0,0,0,0,,76.5,57,75.5,0,
2025-07-11,08:30:00,cool,compressorCoolOff,,Home,76,70,76.1,57,75.4,0,0,0,0,0,,76.6,57,75.6,0,
2025-07-11,08:35:00,cool,compressorCoolOff,,Home,76,70,76.1,58,75.4,0,0,0,0,0,,76.6,58,75.7,0,
2025-07-11,08:40:00,cool,compressorCoolOff,,Home,76,70,76.2,58,75.4,0,0,0,0,0,,76.7,58,75.9,0,
2025-07-11,08:45:00,cool,compressorCoolOff,,Home,76,70,76.3,58,75.4,0,0,0,0,0,,76.7,58,76,0,
2025-07-11,08:50:00,cool,compressorCoolOff,,Home,76,70,76.3,58,75.4,0,0,0,0,0,,76.7,58,76,0,
2025-07-11,08:55:00,cool,compressorCoolOff,,Home,76,70,76.4,58,75.4,0,0,0,0,0,,76.8,58,76,0,
2025-07-11,09:00:00,cool,compressorCoolOff,,Home,76,70,76.4,58,78.3,0,0,0,0,0,,76.8,58,76,0,
2025-07-11,09:05:00,cool,compressorCoolOff,,Home,76,70,76.4,58,78.3,0,0,0,0,0,,76.8,58,76,0,
2025-07-11,09:10:00,cool,compressorCoolOff,,Home,76,70,76.4,58,78.3,0,0,0,0,0,,76.8,58,76,0,
2025-07-11,09:15:00,cool,compressorCoolOff,,Home,76,70,76.4,58,78.3,0,0,0,0,0,,76.9,58,76,0,
2025-07-11,09:20:00,cool,compressorCoolOff,,Home,76,70,76.4,59,78.3,0,0,0,0,0,,76.9,59,76,0,
2025-07-11,09:25:00,cool,compressorCoolOff,,Home,76,70,76.4,59,78.3,0,165,0,0,165,,76.9,59,76,0,
2025-07-11,09:30:00,cool,compressorCoolStage1On,,Home,76,70,76.4,57,78.3,0,300,0,0,300,,76.9,57,76,0,
2025-07-11,09:35:00,cool,compressorCoolStage1On,,Home,76,70,76.2,55,78.3,0,165,0,0,210,,76.7,55,75.7,0,
2025-07-11,09:40:00,cool,compressorCoolOff,,Home,76,70,75.8,55,78.3,0,0,0,0,0,,76.5,55,75.3,0,
2025-07-11,09:45:00,cool,compressorCoolOff,,Home,76,70,75.8,57,78.3,0,0,0,0,0,,76.5,57,75.2,0,
2025-07-11,09:50:00,cool,compressorCoolOff,,Home,76,70,75.9,57,78.3,0,0,0,0,0,,76.7,57,75.2,0,
2025-07-11,09:55:00,cool,compressorCoolOff,,Home,76,70,76,56,78.3,0,0,0,0,0,,76.8,56,75.2,0,
2025-07-11,10:00:00,cool,compressorCoolOff,,Home,76,70,76.1,56,80.7,0,0,0,0,0,,76.8,56,75.4,0,
2025-07-11,10:05:00,cool,compressorCoolOff,,Home,76,70,76.1,56,80.7,0,0,0,0,0,,76.7,56,75.5,0,
2025-07-11,10:10:00,cool,compressorCoolOff,,Home,76,70,76.2,57,80.7,0,0,0,0,0,,76.8,57,75.6,0,
2025-07-11,10:15:00,cool,compressorCoolOff,,Home,76,70,76.2,58,80.7,0,0,0,0,0,,76.8,58,75.6,0,
2025-07-11,10:20:00,cool,compressorCoolOff,,Home,76,70,76.2,58,80.7,0,0,0,0,0,,76.9,58,75.7,0,
2025-07-11,10:25:00,cool,compressorCoolOff,,Home,76,70,76.4,58,80.7,0,0,0,0,0,,77,58,75.8,0,
2025-07-11,10:30:00,cool,compressorCoolOff,,Home,76,70,76.4,58,81.7,0,120,0,0,120,,77,58,75.8,0,
2025-07-11,10:35:00,cool,compressorCoolStage1On,,Home,76,70,76.4,57,81.7,0,300,0,0,300,,77,57,75.9,0,
2025-07-11,10:40:00,cool,compressorCoolStage1On,,Home,76,70,76.2,55,81.7,0,255,0,0,300,,76.8,55,75.7,0,
2025-07-11,10:45:00,cool,compressorCoolOff,,Home,76,70,75.8,54,81.7,0,0,0,0,0,,76.5,54,75.2,0,
2025-07-11,10:50:00,cool,compressorCoolOff,,Home,76,70,75.7,55,81.7,0,0,0,0,0,,76.5,55,74.9,0,
2025-07-11,10:55:00,cool,compressorCoolOff,,Home,76,70,75.7,56,81.7,0,0,0,0,0,,76.5,56,75,0,
2025-07-11,11:00:00,cool,compressorCoolOff,,Home,76,70,75.8,57,82.7,0,0,0,0,0,,76.5,57,75.1,0,
2025-07-11,11:05:00,cool,compressorCoolOff,,Home,76,70,75.9,57,82.7,0,0,0,0,0,,76.6,57,75.2,0,
2025-07-11,11:10:00,cool,compressorCoolOff,,Home,76,70,76,57,82.7,0,0,0,0,0,,76.8,57,75.3,0,
2025-07-11,11:15:00,cool,compressorCoolOff,,Home,76,70,76.1,57,82.7,0,0,0,0,0,,76.8,57,75.4,0,
2025-07-11,11:20:00,cool,compressorCoolOff,,Home,76,70,76.2,57,82.7,0,0,0,0,0,,76.9,57,75.6,0,
2025-07-11,11:25:00,cool,compressorCoolOff,,Home,76,70,76.3,58,82.7,0,0,0,0,0,,77,58,75.6,0,
2025-07-11,11:30:00,cool,compressorCoolOff,,Home,76,70,76.4,58,82.7,0,0,0,0,0,,77.1,58,75.8,0,
2025-07-11,11:35:00,cool,compressorCoolOff,,Home,76,70,76.4,58,82.7,0,0,0,0,0,,77.1,58,75.8,0,
2025-07-11,11:40:00,cool,compressorCoolOff,,Home,76,70,76.5,57,82.7,0,285,0,0,285,,77.1,57,75.9,0,
2025-07-11,11:45:00,cool,compressorCoolStage1On,,Home,76,70,76.4,55,82.7,0,300,0,0,300,,77,55,75.8,0,
2025-07-11,11:50:00,cool,compressorCoolStage1On,,Home,76,70,76.1,54,82.7,0,150,0,0,195,,76.7,54,75.5,0,
2025-07-11,11:55:00,cool,compressorCoolOff,,Home,76,70,75.8,55,82.7,0,0,0,0,0,,76.6,55,75.1,0,
2025-07-11,12:00:00,cool,compressorCoolOff,,Home,76,70,75.8,56,84.7,0,0,0,0,0,,76.7,56,74.9,0,
2025-07-11,12:05:00,cool,compressorCoolOff,,Home,76,70,75.8,55,84.7,0,0,0,0,0,,76.7,55,74.9,0,
2025-07-11,12:10:00,cool,compressorCoolOff,,Home,76,70,75.9,56,84.7,0,0,0,0,0,,76.7,56,75.1,0,
2025-07-11,12:15:00,cool,compressorCoolOff,,Home,76,70,76,56,84.7,0,0,0,0,0,,76.8,56,75.2,0,
2025-07-11,12:20:00,cool,compressorCoolOff,,Home,76,70,76.1,56,84.7,0,0,0,0,0,,76.9,56,75.4,0,
2025-07-11,12:25:00,cool,compressorCoolOff,,Home,76,70,76.1,57,84.7,0,0,0,0,0,,76.9,57,75.4,0,
2025-07-11,12:30:00,cool,compressorCoolOff,,Home,76,70,76.3,58,84.7,0,0,0,0,0,,77,58,75.6,0,
2025-07-11,12:35:00,cool,compressorCoolOff,,Home,76,70,76.3,58,84.7,0,0,0,0,0,,77.1,58,75.7,0,
2025-07-11,12:40:00,cool,compressorCoolOff,,Home,76,70,76.4,58,84.7,0,180,0,0,180,,77.1,58,75.8,0,
2025-07-11,12:45:00,cool,compressorCoolStage1On,,Home,76,70,76.4,56,84.7,0,300,0,0,300,,77.1,56,75.8,0,
2025-07-11,12:50:00,cool,compressorCoolStage1On,,Home,76,70,76.3,54,84.7,0,300,0,0,300,,76.8,54,75.8,0,
2025-07-11,12:55:00,cool,compressorCoolStage1On,,Home,76,70,75.9,54,84.7,0,135,0,0,180,,76.6,54,75.3,0,
2025-07-11,13:00:00,cool,compressorCoolOff,,Home,76,70,75.6,54,86.2,0,0,0,0,0,,76.5,54,74.7,0,
2025-07-11,13:05:00,cool,compressorCoolOff,,Home,76,70,75.5,55,86.2,0,0,0,0,0,,76.6,55,74.5,0,
2025-07-11,13:10:00,cool,compressorCoolOff,,Home,76,70,75.7,56,86.2,0,0,0,0,0,,76.6,56,74.7,0,
2025-07-11,13:15:00,cool,compressorCoolOff,,Home,76,70,75.8,56,86.2,0,0,0,0,0,,76.8,56,74.9,0,
2025-07-11,13:20:00,cool,compressorCoolOff,,Home,76,70,76,56,86.2,0,0,0,0,0,,76.9,56,75.1,0,
2025-07-11,13:25:00,cool,compressorCoolOff,,Home,76,70,76.1,58,86.2,0,0,0,0,0,,77,58,75.2,0,
2025-07-11,13:30:00,cool,compressorCoolOff,,Home,76,70,76.1,58,86.2,0,0,0,0,0,,77.1,58,75.3,0,
2025-07-11,13:35:00,cool,compressorCoolOff,,Home,76,70,76.3,58,86.2,0,0,0,0,0,,77.1,58,75.5,0,
2025-07-11,13:40:00,cool,compressorCoolOff,,Home,76,70,76.4,58,86.2,0,0,0,0,0,,77.2,58,75.6,0,
2025-07-11,13:45:00,cool,compressorCoolOff,,Home,76,70,76.4,57,86.2,0,195,0,0,195,,77.2,57,75.7,0,
2025-07-11,13:50:00,cool,compressorCoolStage1On,,Home,76,70,76.4,56,86.2,0,300,0,0,300,,77,56,75.8,0,
2025-07-11,13:55:00,cool,compressorCoolStage1On,,Home,76,70,76.1,54,86.2,0,165,0,0,210,,76.7,54,75.6,0,
2025-07-11,14:00:00,cool,compressorCoolOff,,Home,76,70,75.9,54,86.9,0,0,0,0,0,,76.6,54,75.3,0,
2025-07-11,14:05:00,cool,compressorCoolOff,,Home,76,70,75.9,56,86.9,0,0,0,0,0,,76.6,56,75.2,0,
2025-07-11,14:10:00,cool,compressorCoolOff,,Home,76,70,76.1,56,86.9,0,0,0,0,0,,76.8,56,75.4,0,
2025-07-11,14:15:00,cool,compressorCoolOff,,Home,76,70,76.3,56,86.9,0,0,0,0,0,,77,56,75.6,0,
2025-07-11,14:20:00,cool,compressorCoolOff,,Home,76,70,76.4,56,86.9,0,120,0,0,120,,77.1,56,75.8,0,
2025-07-11,14:25:00,cool,compressorCoolStage1On,,Home,76,70,76.5,55,86.9,0,300,0,0,300,,77.1,55,75.9,0,
2025-07-11,14:30:00,cool,compressorCoolStage1On,,Home,76,70,76.3,54,87.6,0,300,0,0,300,,76.9,54,75.8,0,
2025-07-11,14:35:00,cool,compressorCoolStage1On,,Home,76,70,76,54,87.6,0,135,0,0,180,,76.6,54,75.4,0,
2025-07-11,14:40:00,cool,compressorCoolOff,,Home,76,70,75.7,54,87.6,0,0,0,0,0,,76.4,54,75,0,
2025-07-11,14:45:00,cool,compressorCoolOff,,Home,76,70,75.6,54,87.6,0,0,0,0,0,,76.4,54,74.9,0,
2025-07-11,14:50:00,cool,compressorCoolOff,,Home,76,70,75.7,55,87.6,0,0,0,0,0,,76.5,55,74.9,0,
2025-07-11,14:55:00,cool,compressorCoolOff,,Home,76,70,75.9,56,87.6,0,0,0,0,0,,76.7,56,75.2,0,
2025-07-11,15:00:00,cool,compressorCoolOff,,Home,76,70,76.1,56,87.9,0,0,0,0,0,,76.9,56,75.4,0,
2025-07-11,15:05:00,cool,compressorCoolOff,,Home,76,70,76.3,56,87.9,0,0,0,0,0,,77,56,75.6,0,
2025-07-11,15:10:00,cool,compressorCoolOff,,Home,76,70,76.4,56,87.9,0,255,0,0,255,,77.1,56,75.7,0,
2025-07-11,15:15:00,cool,compressorCoolStage1On,,Home,76,70,76.5,55,87.9,0,300,0,0,300,,77.1,55,75.9,0,
2025-07-11,15:20:00,cool,compressorCoolStage1On,,Home,76,70,76.2,54,87.9,0,285,0,0,300,,76.9,54,75.5,0,
2025-07-11,15:25:00,cool,compressorCoolOff,,Home,76,70,75.8,53,87.9,0,0,0,0,30,,76.5,53,75.1,0,
2025-07-11,15:30:00,cool,compressorCoolOff,,Home,76,70,75.7,54,88.1,0,0,0,0,0,,76.5,54,74.9,0,
2025-07-11,15:35:00,cool,compressorCoolOff,,Home,76,70,75.7,55,88.1,0,0,0,0,0,,76.6,55,75,0,
2025-07-11,15:40:00,cool,compressorCoolOff,,Home,76,70,76,56,88.1,0,0,0,0,0,,76.7,56,75.3,0,
2025-07-11,15:45:00,cool,compressorCoolOff,,Home,76,70,76.2,56,88.1,0,0,0,0,0,,76.9,56,75.6,0,
2025-07-11,15:50:00,cool,compressorCoolOff,,Home,76,70,76.4,56,88.1,0,75,0,0,75,,77.1,56,75.8,0,
2025-07-11,15:55:00,cool,compressorCoolStage1On,,Home,76,70,76.6,55,88.1,0,300,0,0,300,,77.2,55,76,0,
2025-07-11,16:00:00,cool,compressorCoolStage1On,,Home,76,70,76.5,54,88.2,0,300,0,0,300,,77,54,76,0,
2025-07-11,16:05:00,cool,compressorCoolStage1On,,Home,76,70,76,54,88.2,0,150,0,0,195,,76.7,54,75.4,0,
2025-07-11,16:10:00,cool,compressorCoolOff,,Home,76,70,75.8,54,88.2,0,0,0,0,0,,76.5,54,75.1,0,
2025-07-11,16:15:00,cool,compressorCoolOff,,Home,76,70,75.8,54,88.2,0,0,0,0,0,,76.5,54,75.1,0,
2025-07-11,16:20:00,cool,compressorCoolOff,,Home,76,70,75.9,55,88.2,0,0,0,0,0,,76.6,55,75.2,0,
2025-07-11,16:25:00,cool,compressorCoolOff,,Home,76,70,76.1,55,88.2,0,0,0,0,0,,76.8,55,75.4,0,
2025-07-11,16:30:00,cool,compressorCoolOff,,Home,76,70,76.3,55,88.2,0,0,0,0,0,,76.9,55,75.6,0,
2025-07-11,16:35:00,cool,compressorCoolOff,,Home,76,70,76.4,56,88.2,0,75,0,0,75,,77.1,56,75.8,0,
2025-07-11,16:40:00,cool,compressorCoolStage1On,,Home,76,70,76.5,55,88.2,0,300,0,0,300,,77.2,55,75.9,0,
2025-07-11,16:45:00,cool,compressorCoolStage1On,,Home,76,70,76.3,54,88.2,0,300,0,0,300,,77,54,75.8,0,
2025-07-11,16:50:00,cool,compressorCoolOff,,Home,76,70,75.9,54,88.2,0,0,0,0,45,,76.7,54,75.2,0,
2025-07-11,16:55:00,cool,compressorCoolOff,,Home,76,70,75.8,54,88.2,0,0,0,0,0,,76.6,54,75.1,0,
2025-07-11,17:00:00,cool,compressorCoolOff,,Home,76,70,75.8,55,87.9,0,0,0,0,0,,76.6,55,75.1,0,
2025-07-11,17:05:00,cool,compressorCoolOff,,Home,76,70,76,55,87.9,0,0,0,0,0,,76.7,55,75.4,0,
2025-07-11,17:10:00,cool,compressorCoolOff,,Home,76,70,76.2,55,87.9,0,0,0,0,0,,76.8,55,75.7,0,
2025-07-11,17:15:00,cool,compressorCoolOff,,Home,76,70,76.4,55,87.9,0,150,0,0,150,,77,55,75.9,0,
2025-07-11,17:20:00,cool,compressorCoolStage1On,,Home,76,70,76.5,55,87.9,0,300,0,0,300,,77.1,55,76,0,
2025-07-11,17:25:00,cool,compressorCoolStage1On,,Home,76,70,76.3,53,87.9,0,300,0,0,300,,76.9,53,75.8,0,
2025-07-11,17:30:00,cool,compressorCoolStage1On,,Home,76,70,76,52,87.9,0,165,0,0,210,,76.7,52,75.3,0,
2025-07-11,17:35:00,cool,compressorCoolOff,,Home,76,70,75.7,52,87.9,0,0,0,0,0,,76.6,52,74.9,0,
2025-07-11,17:40:00,cool,compressorCoolOff,,Home,76,70,75.8,54,87.9,0,0,0,0,0,,76.7,54,74.9,0,
2025-07-11,17:45:00,cool,compressorCoolOff,,Home,76,70,75.8,55,87.9,0,0,0,0,0,,76.7,55,75,0,
2025-07-11,17:50:00,cool,compressorCoolOff,,Home,76,70,75.9,55,87.9,0,0,0,0,0,,76.7,55,75.1,0,
2025-07-11,17:55:00,cool,compressorCoolOff,,Home,76,70,76.1,55,87.9,0,0,0,0,0,,76.9,55,75.5,0,
2025-07-11,18:00:00,cool,compressorCoolOff,,Home,76,70,76.3,55,86.5,0,0,0,0,0,,77,55,75.7,0,
2025-07-11,18:05:00,cool,compressorCoolStage1On,,Home,76,70,76.5,55,86.5,0,300,0,0,300,,77.2,55,75.8,0,
2025-07-11,18:10:00,cool,compressorCoolStage1On,,Home,76,70,76.4,54,86.5,0,300,0,0,300,,77.1,54,75.8,0,
2025-07-11,18:15:00,cool,compressorCoolStage1On,,Home,76,70,76.2,52,86.5,0,210,0,0,255,,76.9,52,75.6,0,
2025-07-11,18:20:00,cool,compressorCoolOff,,Home,76,70,75.9,52,86.5,0,0,0,0,0,,76.7,52,75.2,0,
2025-07-11,18:25:00,cool,compressorCoolOff,,Home,76,70,75.9,53,86.5,0,0,0,0,0,,76.7,53,75.2,0,
2025-07-11,18:30:00,cool,compressorCoolOff,,Home,76,70,75.9,54,85.7,0,0,0,0,0,,76.7,54,75.2,0,
2025-07-11,18:35:00,cool,compressorCoolOff,,Home,76,70,76.1,55,85.7,0,0,0,0,0,,76.8,55,75.4,0,
2025-07-11,18:40:00,cool,compressorCoolOff,,Home,76,70,76.1,55,85.7,0,0,0,0,0,,76.8,55,75.5,0,
2025-07-11,18:45:00,cool,compressorCoolOff,,Home,76,70,76.4,55,85.7,0,150,0,0,150,,76.9,55,75.9,0,
2025-07-11,18:50:00,cool,compressorCoolStage1On,,Home,76,70,76.5,54,85.7,0,300,0,0,300,,77,54,76,0,
2025-07-11,18:55:00,cool,compressorCoolStage1On,,Home,76,70,76.3,52,85.7,0,300,0,0,300,,76.9,52,75.7,0,
2025-07-11,19:00:00,cool,compressorCoolStage1On,,Home,76,70,76.1,52,85.7,0,300,0,0,300,,76.7,52,75.6,0,
2025-07-11,19:05:00,cool,compressorCoolStage1On,,Home,76,70,75.8,51,85.7,0,45,0,0,90,,76.5,51,75.2,0,
2025-07-11,19:10:00,cool,compressorCoolOff,,Home,76,70,75.5,52,85.7,0,0,0,0,0,,76.5,52,74.5,0,
2025-07-11,19:15:00,cool,compressorCoolOff,,Home,76,70,75.5,53,85.7,0,0,0,0,0,,76.5,53,74.5,0,
2025-07-11,19:20:00,cool,compressorCoolOff,,Home,76,70,75.8,54,85.7,0,0,0,0,0,,76.6,54,75.1,0,
2025-07-11,19:25:00,cool,compressorCoolOff,,Home,76,70,76,54,85.7,0,0,0,0,0,,76.6,54,75.4,0,
2025-07-11,19:30:00,cool,compressorCoolOff,,Home,76,70,76,54,85.7,0,0,0,0,0,,76.6,54,75.5,0,
2025-07-11,19:35:00,cool,compressorCoolOff,,Home,76,70,76.3,54,85.7,0,0,0,0,0,,76.7,54,75.9,0,
2025-07-11,19:40:00,cool,compressorCoolOff,,Home,76,70,76.4,55,85.7,0,0,0,0,0,,76.8,55,76,0,
2025-07-11,19:45:00,cool,compressorCoolOff,,Home,76,70,76.5,55,85.7,0,195,0,0,195,,76.9,55,76.1,0,
2025-07-11,19:50:00,cool,compressorCoolStage1On,,Home,76,70,76.5,54,85.7,0,300,0,0,300,,76.9,54,76.2,0,
2025-07-11,19:55:00,cool,compressorCoolStage1On,,Home,76,70,76.4,52,85.7,0,300,0,0,300,,76.7,52,76.2,0,
2025-07-11,20:00:00,cool,compressorCoolStage1On,,Home,76,70,76.1,51,82.5,0,195,0,0,240,,76.5,51,75.8,0,
2025-07-11,20:05:00,cool,compressorCoolOff,,Home,76,70,75.7,52,82.5,0,0,0,0,0,,76.4,52,75,0,
2025-07-11,20:10:00,cool,compressorCoolOff,,Home,76,70,75.7,54,82.5,0,0,0,0,0,,76.5,54,74.9,0,
2025-07-11,20:15:00,cool,compressorCoolOff,,Home,76,70,75.9,54,82.5,0,0,0,0,0,,76.7,54,75.1,0,
2025-07-11,20:20:00,cool,compressorCoolOff,,Home,76,70,76,54,82.5,0,0,0,0,0,,76.8,54,75.2,0,
2025-07-11,20:25:00,cool,compressorCoolOff,,Home,76,70,76.1,55,82.5,0,0,0,0,0,,76.9,55,75.3,0,
2025-07-11,20:30:00,cool,compressorCoolOff,,Home,76,70,76.2,55,82.5,0,0,0,0,0,,77,55,75.5,0,
2025-07-11,20:35:00,cool,compressorCoolOff,,Home,76,70,76.3,55,82.5,0,0,0,0,0,,77.1,55,75.6,0,
2025-07-11,20:40:00,cool,compressorCoolOff,,Home,76,70,76.3,55,82.5,0,0,0,0,0,,77.1,55,75.7,0,
2025-07-11,20:45:00,cool,compressorCoolOff,,Home,76,70,76.4,55,82.5,0,135,0,0,135,,77,55,75.8,0,
2025-07-11,20:50:00,cool,compressorCoolStage1On,,Home,76,70,76.4,54,82.5,0,300,0,0,300,,76.9,54,75.9,0,
2025-07-11,20:55:00,cool,compressorCoolStage1On,,Home,76,70,76.1,53,82.5,0,210,0,0,255,,76.6,53,75.6,0,
2025-07-11,21:00:00,cool,compressorCoolOff,,Home,76,70,75.7,53,80.9,0,0,0,0,0,,76.5,53,75.1,0,
2025-07-11,21:05:00,cool,compressorCoolOff,,Home,76,70,75.7,54,80.9,0,0,0,0,0,,76.5,54,74.9,0,
2025-07-11,21:10:00,cool,compressorCoolOff,,Home,76,70,75.8,54,80.9,0,0,0,0,0,,76.7,54,74.9,0,
2025-07-11,21:15:00,cool,compressorCoolOff,,Home,76,70,76,54,80.9,0,0,0,0,0,,76.8,54,75.2,0,
2025-07-11,21:20:00,cool,compressorCoolOff,,Home,76,70,76,54,80.9,0,0,0,0,0,,76.9,54,75.3,0,
2025-07-11,21:25:00,cool,compressorCoolOff,,Home,76,70,76.2,55,80.9,0,0,0,0,0,,76.9,55,75.5,0,
2025-07-11,21:30:00,cool,compressorCoolOff,,Home,76,70,76.3,55,80.9,0,0,0,0,0,,77,55,75.6,0,
2025-07-11,21:35:00,cool,compressorCoolOff,,Home,76,70,76.3,55,80.9,0,0,0,0,0,,77,55,75.7,0,
2025-07-11,21:40:00,cool,compressorCoolOff,,Home,76,70,76.4,56,80.9,0,135,0,0,135,,77,56,75.8,0,
2025-07-11,21:45:00,cool,compressorCoolStage1On,,Home,76,70,76.4,55,80.9,0,300,0,0,300,,77,55,75.9,0,
2025-07-11,21:50:00,cool,compressorCoolStage1On,,Home,76,70,76.1,53,80.9,0,225,0,0,270,,76.7,53,75.6,0,
2025-07-11,21:55:00,cool,compressorCoolOff,,Home,76,70,75.7,52,80.9,0,0,0,0,0,,76.4,52,75.1,0,
2025-07-11,22:00:00,cool,compressorCoolOff,,Home,76,70,75.6,53,79.6,0,0,0,0,0,,76.3,53,74.9,0,
2025-07-11,22:05:00,cool,compressorCoolOff,,Home,76,70,75.6,54,79.6,0,0,0,0,0,,76.4,54,74.9,0,
2025-07-11,22:10:00,cool,compressorCoolOff,,Home,76,70,75.8,55,79.6,0,0,0,0,0,,76.5,55,75.2,0,
2025-07-11,22:15:00,cool,compressorCoolOff,,Home,76,70,75.9,55,79.6,0,0,0,0,0,,76.7,55,75.3,0,
2025-07-11,22:20:00,cool,compressorCoolOff,,Home,76,70,76.1,55,79.6,0,0,0,0,0,,76.8,55,75.5,0,
2025-07-11,22:25:00,cool,compressorCoolOff,,Home,76,70,76.2,56,79.6,0,0,0,0,0,,76.8,56,75.6,0,
2025-07-11,22:30:00,cool,compressorCoolOff,,Home,76,70,76.2,57,79.6,0,0,0,0,0,,76.8,57,75.7,0,
2025-07-11,22:35:00,cool,compressorCoolOff,,Home,76,70,76.3,57,79.6,0,0,0,0,0,,76.9,57,75.8,0,
2025-07-11,22:40:00,cool,compressorCoolOff,,Home,76,70,76.3,56,79.6,0,75,0,0,75,,76.9,56,75.8,0,
2025-07-11,22:45:00,cool,compressorCoolStage1On,,Home,76,70,76.4,56,79.6,0,300,0,0,300,,76.9,56,75.9,0,
2025-07-11,22:50:00,cool,compressorCoolStage1On,,Home,76,70,76.2,53,79.6,0,270,0,0,300,,76.7,53,75.7,0,
2025-07-11,22:55:00,cool,compressorCoolOff,,Home,76,70,75.8,52,79.6,0,0,0,0,15,,76.4,52,75.2,0,
2025-07-11,23:00:00,cool,compressorCoolOff,,Home,76,70,75.6,54,77.8,0,0,0,0,0,,76.4,54,74.9,0,
2025-07-11,23:05:00,cool,compressorCoolOff,,Home,76,70,75.7,54,77.8,0,0,0,0,0,,76.5,54,74.9,0,
2025-07-11,23:10:00,cool,compressorCoolOff,,Home,76,70,75.7,54,77.8,0,0,0,0,0,,76.5,54,74.9,0,
2025-07-11,23:15:00,cool,compressorCoolOff,,Home,76,70,75.7,54,77.8,0,0,0,0,0,,76.5,54,75.1,0,
2025-07-11,23:20:00,cool,compressorCoolOff,,Home,76,70,75.9,55,77.8,0,0,0,0,0,,76.6,55,75.3,0,
2025-07-11,23:25:00,cool,compressorCoolOff,,Home,76,70,76,55,77.8,0,0,0,0,0,,76.6,55,75.5,0,
2025-07-11,23:30:00,cool,compressorCoolOff,,Home,76,70,76.1,55,77.8,0,0,0,0,0,,76.7,55,75.6,0,
2025-07-11,23:35:00,cool,compressorCoolOff,,Home,76,70,76.2,55,77.8,0,0,0,0,0,,76.8,55,75.6,0,
2025-07-11,23:40:00,cool,compressorCoolOff,,Home,76,70,76.2,56,77.8,0,0,0,0,0,,76.8,56,75.6,0,
2025-07-11,23:45:00,cool,compressorCoolOff,,Home,76,70,76.3,57,77.8,0,0,0,0,0,,76.8,57,75.8,0,
2025-07-11,23:50:00,cool,compressorCoolOff,,Home,76,70,76.3,57,77.8,0,0,0,0,0,,76.9,57,75.8,0,
2025-07-11,23:55:00,cool,compressorCoolOff,,Home,76.1,69.6,76.4,57,77.8,0,0,0,0,0,,76.9,57,76,0,
2025-07-12,00:00:00,cool,compressorCoolOff,,Sleep,78,62,76.4,57,76.7,0,0,0,0,0,,76.9,57,76,0,
2025-07-12,00:05:00,cool,compressorCoolOff,,Sleep,78,62,76.4,57,76.7,0,0,0,0,0,,76.9,57,76,0,
2025-07-12,00:10:00,cool,compressorCoolOff,,Sleep,78,62,76.4,57,76.7,0,0,0,0,0,,76.9,57,76,0,
2025-07-12,00:15:00,cool,compressorCoolOff,,Sleep,78,62,76.5,57,76.7,0,0,0,0,0,,77,57,76,0,
2025-07-12,00:20:00,cool,compressorCoolOff,,Sleep,78,62,76.5,57,76.7,0,0,0,0,0,,77,57,76,0,
2025-07-12,00:25:00,cool,compressorCoolOff,,Sleep,78,62,76.6,57,76.7,0,0,0,0,0,,77,57,76.2,0,
2025-07-12,00:30:00,cool,compressorCoolOff,,Sleep,78,62,76.6,57,76.1,0,0,0,0,0,,77,57,76.2,0,
2025-07-12,00:35:00,cool,compressorCoolOff,,Sleep,78,62,76.6,57,76.1,0,0,0,0,0,,77,57,76.2,0,
2025-07-12,00:40:00,cool,compressorCoolOff,,Sleep,78,62,76.6,58,76.1,0,0,0,0,0,,77,58,76.2,0,
2025-07-12,00:45:00,cool,compressorCoolOff,,Sleep,78,62,76.6,58,76.1,0,0,0,0,0,,77.1,58,76.2,0,
2025-07-12,00:50:00,cool,compressorCoolOff,,Sleep,78,62,76.6,58,76.1,0,0,0,0,0,,77.1,58,76.2,0,
2025-07-12,00:55:00,cool,compressorCoolOff,,Sleep,78,62,76.6,57,76.1,0,0,0,0,0,,77.1,57,76.3,0,
2025-07-12,01:00:00,cool,compressorCoolOff,,Sleep,78,62,76.7,57,75.7,0,0,0,0,0,,77,57,76.4,0,
2025-07-12,01:05:00,cool,compressorCoolOff,,Sleep,78,62,76.7,58,75.7,0,0,0,0,0,,77,58,76.4,0,
2025-07-12,01:10:00,cool,compressorCoolOff,,Sleep,78,62,76.7,58,75.7,0,0,0,0,0,,77,58,76.4,0,
2025-07-12,01:15:00,cool,compressorCoolOff,,Sleep,78,62,76.7,58,75.7,0,0,0,0,0,,77,58,76.4,0,
2025-07-12,01:20:00,cool,compressorCoolOff,,Sleep,78,62,76.7,58,75.7,0,0,0,0,0,,77,58,76.4,0,
2025-07-12,01:25:00,cool,compressorCoolOff,,Sleep,78,62,76.7,58,75.7,0,0,0,0,0,,77,58,76.4,0,
2025-07-12,01:30:00,cool,compressorCoolOff,,Sleep,78,62,76.7,58,75.7,0,0,0,0,0,,77,58,76.4,0,
2025-07-12,01:35:00,cool,compressorCoolOff,,Sleep,78,62,76.7,58,75.7,0,0,0,0,0,,77,58,76.4,0,
2025-07-12,01:40:00,cool,compressorCoolOff,,Sleep,78,62,76.7,58,75.7,0,0,0,0,0,,77.1,58,76.4,0,
2025-07-12,01:45:00,cool,compressorCoolOff,,Sleep,78,62,76.7,58,75.7,0,0,0,0,0,,77.1,58,76.4,0,
2025-07-12,01:50:00,cool,compressorCoolOff,,Sleep,78,62,76.7,58,75.7,0,0,0,0,0,,77.1,58,76.4,0,
2025-07-12,01:55:00,cool,compressorCoolOff,,Sleep,78,62,76.7,58,75.7,0,0,0,0,0,,77.1,58,76.4,0,
2025-07-12,02:00:00,cool,compressorCoolOff,,Sleep,78,62,76.7,57,75.4,0,0,0,0,0,,77,57,76.4,0,
2025-07-12,02:05:00,cool,compressorCoolOff,,Sleep,78,62,76.7,58,75.4,0,0,0,0,0,,77,58,76.4,0,
2025-07-12,02:10:00,cool,compressorCoolOff,,Sleep,78,62,76.7,58,75.4,0,0,0,0,0,,77,58,76.4,0,
2025-07-12,02:15:00,cool,compressorCoolOff,,Sleep,78,62,76.7,58,75.4,0,0,0,0,0,,77,58,76.4,0,
2025-07-12,02:20:00,cool,compressorCoolOff,,Sleep,78,62,76.7,58,75.4,0,0,0,0,0,,77.1,58,76.4,0,
2025-07-12,02:25:00,cool,compressorCoolOff,,Sleep,78,62,76.7,58,75.4,0,0,0,0,0,,77.1,58,76.4,0,
2025-07-12,02:30:00,cool,compressorCoolOff,,Sleep,78,62,76.7,58,75.4,0,0,0,0,0,,77.1,58,76.4,0,
2025-07-12,02:35:00,cool,compressorCoolOff,,Sleep,78,62,76.7,58,75.4,0,0,0,0,0,,77.1,58,76.4,0,
2025-07-12,02:40:00,cool,compressorCoolOff,,Sleep,78,62,76.7,58,75.4,0,0,0,0,0,,77.1,58,76.4,0,
2025-07-12,02:45:00,cool,compressorCoolOff,,Sleep,78,62,76.8,58,75.4,0,0,0,0,0,,77.1,58,76.5,0,
2025-07-12,02:50:00,cool,compressorCoolOff,,Sleep,78,62,76.8,58,75.4,0,0,0,0,0,,77.1,58,76.5,0,
2025-07-12,02:55:00,cool,compressorCoolOff,,Sleep,78,62,76.8,58,75.4,0,0,0,0,0,,77.1,58,76.5,0,
2025-07-12,03:00:00,cool,compressorCoolOff,,Sleep,78,62,76.8,58,74.7,0,0,0,0,0,,77.1,58,76.5,0,
2025-07-12,03:05:00,cool,compressorCoolOff,,Sleep,78,62,76.8,58,74.7,0,0,0,0,0,,77.1,58,76.5,0,
2025-07-12,03:10:00,cool,compressorCoolOff,,Sleep,78,62,76.8,58,74.7,0,0,0,0,0,,77.2,58,76.5,0,
2025-07-12,03:15:00,cool,compressorCoolOff,,Sleep,78,62,76.8,58,74.7,0,0,0,0,0,,77.2,58,76.5,0,
2025-07-12,03:20:00,cool,compressorCoolOff,,Sleep,78,62,76.8,58,74.7,0,0,0,0,0,,77.2,58,76.5,0,
2025-07-12,03:25:00,cool,compressorCoolOff,,Sleep,78,62,76.8,58,74.7,0,0,0,0,0,,77.2,58,76.5,0,
2025-07-12,03:30:00,cool,compressorCoolOff,,Sleep,78,62,76.8,58,74.6,0,0,0,0,0,,77.2,58,76.5,0,
2025-07-12,03:35:00,cool,compressorCoolOff,,Sleep,78,62,76.8,58,74.6,0,0,0,0,0,,77.2,58,76.5,0,
2025-07-12,03:40:00,cool,compressorCoolOff,,Sleep,78,62,76.8,58,74.6,0,0,0,0,0,,77.1,58,76.5,0,
2025-07-12,03:45:00,cool,compressorCoolOff,,Sleep,78,62,76.8,58,74.6,0,0,0,0,0,,77.1,58,76.5,0,
2025-07-12,03:50:00,cool,compressorCoolOff,,Sleep,78,62,76.8,59,74.6,0,0,0,0,0,,77.1,59,76.5,0,
2025-07-12,03:55:00,cool,compressorCoolOff,,Sleep,78,62,76.8,59,74.6,0,0,0,0,0,,77.1,59,76.5,0,
2025-07-12,04:00:00,cool,compressorCoolOff,,Sleep,78,62,76.8,59,74.5,0,0,0,0,0,,77.1,59,76.5,0,
2025-07-12,04:05:00,cool,compressorCoolOff,,Sleep,78,62,76.8,59,74.5,0,0,0,0,0,,77.1,59,76.5,0,
2025-07-12,04:10:00,cool,compressorCoolOff,,Sleep,78,62,76.8,59,74.5,0,0,0,0,0,,77.1,59,76.5,0,
2025-07-12,04:15:00,cool,compressorCoolOff,,Sleep,78,62,76.8,59,74.5,0,0,0,0,0,,77.1,59,76.5,0,
2025-07-12,04:20:00,cool,compressorCoolOff,,Sleep,78,62,76.8,59,74.5,0,0,0,0,0,,77.2,59,76.5,0,
2025-07-12,04:25:00,cool,compressorCoolOff,,Sleep,78,62,76.8,58,74.5,0,0,0,0,0,,77.2,58,76.5,0,
2025-07-12,04:30:00,cool,compressorCoolOff,,Sleep,78,62,76.8,58,74.5,0,0,0,0,0,,77.2,58,76.5,0,
2025-07-12,04:35:00,cool,compressorCoolOff,,Sleep,78,62,76.8,58,74.5,0,0,0,0,0,,77.2,58,76.5,0,
2025-07-12,04:40:00,cool,compressorCoolOff,,Sleep,78,62,76.8,59,74.5,0,0,0,0,0,,77.2,59,76.5,0,
2025-07-12,04:45:00,cool,compressorCoolOff,,Sleep,78,62,76.8,59,74.5,0,0,0,0,0,,77.2,59,76.5,0,
2025-07-12,04:50:00,cool,compressorCoolOff,,Sleep,78,62,76.8,59,74.5,0,0,0,0,0,,77.2,59,76.5,0,
2025-07-12,04:55:00,cool,compressorCoolOff,,Sleep,78,62,76.8,59,74.5,0,0,0,0,0,,77.2,59,76.5,0,
2025-07-12,05:00:00,cool,compressorCoolOff,,Sleep,78,62,76.8,59,73.9,0,0,0,0,0,,77.2,59,76.5,0,
2025-07-12,05:05:00,cool,compressorCoolOff,,Sleep,78,62,76.8,59,73.9,0,0,0,0,0,,77.2,59,76.5,0,
2025-07-12,05:10:00,cool,compressorCoolOff,,Sleep,78,62,76.8,59,73.9,0,0,0,0,0,,77.2,59,76.5,0,
2025-07-12,05:15:00,cool,compressorCoolOff,,Sleep,78,62,76.8,59,73.9,0,0,0,0,0,,77.2,59,76.5,0,
2025-07-12,05:20:00,cool,compressorCoolOff,,Sleep,78,62,76.8,59,73.9,0,0,0,0,0,,77.2,59,76.5,0,
2025-07-12,05:25:00,cool,compressorCoolOff,,Sleep,78,62,76.8,59,73.9,0,0,0,0,0,,77.2,59,76.5,0,
2025-07-12,05:30:00,cool,compressorCoolOff,,Sleep,78,62,76.8,59,73.9,0,0,0,0,0,,77.2,59,76.5,0,
2025-07-12,05:35:00,cool,compressorCoolOff,,Sleep,78,62,76.8,58,73.9,0,0,0,0,0,,77.2,58,76.5,0,
2025-07-12,05:40:00,cool,compressorCoolOff,,Sleep,78,62,76.8,58,73.9,0,0,0,0,0,,77.1,58,76.5,0,
2025-07-12,05:45:00,cool,compressorCoolOff,,Sleep,78,62,76.8,58,73.9,0,0,0,0,0,,77.1,58,76.5,0,
2025-07-12,05:50:00,cool,compressorCoolOff,,Sleep,78,62,76.8,59,73.9,0,0,0,0,0,,77.1,59,76.5,0,
2025-07-12,05:55:00,cool,compressorCoolOff,,Sleep,78,62,76.8,59,73.9,0,0,0,0,0,,77.1,59,76.5,0,
2025-07-12,06:00:00,cool,compressorCoolOff,,Sleep,78,62,76.8,59,73.9,0,0,0,0,0,,77.1,59,76.5,0,
2025-07-12,06:05:00,cool,compressorCoolOff,,Sleep,78,62,76.8,59,73.9,0,0,0,0,0,,77.1,59,76.5,0,
2025-07-12,06:10:00,cool,compressorCoolOff,,Sleep,78,62,76.8,59,73.9,0,0,0,0,0,,77.1,59,76.5,0,
2025-07-12,06:15:00,cool,compressorCoolOff,,Sleep,78,62,76.8,59,73.9,0,0,0,0,0,,77.1,59,76.5,0,
2025-07-12,06:20:00,cool,compressorCoolOff,,Sleep,78,62,76.8,59,73.9,0,0,0,0,0,,77.1,59,76.5,0,
2025-07-12,06:25:00,cool,compressorCoolOff,,Sleep,78,62,76.8,59,73.9,0,0,0,0,0,,77.1,59,76.5,0,
2025-07-12,06:30:00,cool,compressorCoolOff,,Sleep,78,62,76.8,59,73.9,0,0,0,0,0,,77.1,59,76.5,0,
2025-07-12,06:35:00,cool,compressorCoolOff,,Sleep,78,62,76.8,59,73.9,0,0,0,0,0,,77.1,59,76.5,0,
2025-07-12,06:40:00,cool,compressorCoolOff,,Sleep,78,62,76.8,59,73.9,0,0,0,0,0,,77.2,59,76.5,0,
2025-07-12,06:45:00,cool,compressorCoolOff,,Sleep,78,62,76.8,59,73.9,0,0,0,0,0,,77.2,59,76.5,0,
2025-07-12,06:50:00,cool,compressorCoolOff,,Sleep,78,62,76.8,59,73.9,0,0,0,0,0,,77.2,59,76.5,0,
2025-07-12,06:55:00,cool,compressorCoolOff,,Sleep,78,62,76.8,59,73.9,0,0,0,0,0,,77.2,59,76.5,0,
2025-07-12,07:00:00,cool,compressorCoolOff,,Sleep,78,62,76.8,59,75.3,0,0,0,0,0,,77.2,59,76.5,0,
2025-07-12,07:05:00,cool,compressorCoolOff,,Sleep,78,62,76.8,59,75.3,0,0,0,0,0,,77.2,59,76.5,0,
2025-07-12,07:10:00,cool,compressorCoolOff,,Sleep,78,62,76.8,59,75.3,0,0,0,0,0,,77.2,59,76.5,0,
2025-07-12,07:15:00,cool,compressorCoolOff,,Sleep,78,62,76.8,59,75.3,0,0,0,0,0,,77.2,59,76.5,0,
2025-07-12,07:20:00,cool,compressorCoolOff,,Sleep,78,62,76.9,59,75.3,0,0,0,0,0,,77.2,59,76.7,0,
2025-07-12,07:25:00,cool,compressorCoolOff,,Sleep,78,62,77,59,75.3,0,0,0,0,0,,77.3,59,76.7,0,
2025-07-12,07:30:00,cool,compressorCoolOff,,Sleep,78,62,77,59,76.1,0,0,0,0,0,,77.3,59,76.7,0,
2025-07-12,07:35:00,cool,compressorCoolOff,,Sleep,78,62,77,59,76.1,0,0,0,0,0,,77.3,59,76.8,0,
2025-07-12,07:40:00,cool,compressorCoolOff,,Sleep,78,62,77.1,59,76.1,0,240,0,0,240,,77.3,59,76.9,0,
2025-07-12,07:45:00,cool,compressorCoolStage1On,(SmartRecovery),Sleep,78,62,76.9,57,76.1,0,300,0,0,300,,77.2,57,76.7,0,
2025-07-12,07:50:00,cool,compressorCoolStage1On,(SmartRecovery),Sleep,78,62,76.6,55,76.1,0,300,0,0,300,,76.9,55,76.3,0,
2025-07-12,07:55:00,cool,compressorCoolStage1On,(SmartRecovery),Sleep,77.9,62.4,76.2,54,76.1,0,255,0,0,300,,76.6,54,75.8,0,
2025-07-12,08:00:00,cool,compressorCoolOff,,Home,76,70,75.9,54,77.4,0,0,0,0,0,,76.4,54,75.5,0,
2025-07-12,08:05:00,cool,compressorCoolOff,,Home,76,70,75.7,55,77.4,0,0,0,0,0,,76.5,55,75.1,0,
2025-07-12,08:10:00,cool,compressorCoolOff,,Home,76,70,75.8,55,77.4,0,0,0,0,0,,76.6,55,75.1,0,
2025-07-12,08:15:00,cool,compressorCoolOff,,Home,76,70,75.9,55,77.4,0,0,0,0,0,,76.7,55,75.1,0,
2025-07-12,08:20:00,cool,compressorCoolOff,,Home,76,70,76,56,77.4,0,0,0,0,0,,76.9,56,75.3,0,
2025-07-12,08:25:00,cool,compressorCoolOff,,Home,76,70,76.1,57,77.4,0,0,0,0,0,,76.9,57,75.5,0,
2025-07-12,08:30:00,cool,compressorCoolOff,,Home,76,70,76.3,57,78.6,0,0,0,0,0,,77,57,75.6,0,
2025-07-12,08:35:00,cool,compressorCoolOff,,Home,76,70,76.3,56,78.6,0,0,0,0,0,,77,56,75.7,0,
2025-07-12,08:40:00,cool,compressorCoolOff,,Home,76,70,76.4,56,78.6,0,0,0,0,0,,77,56,75.8,0,
2025-07-12,08:45:00,cool,compressorCoolOff,,Home,76,70,76.4,56,78.6,0,75,0,0,75,,77,56,75.8,0,
2025-07-12,08:50:00,cool,compressorCoolStage1On,,Home,76,70,76.4,57,78.6,0,300,0,0,300,,77,57,75.9,0,
2025-07-12,08:55:00,cool,compressorCoolStage1On,,Home,76,70,76.2,55,78.6,0,270,0,0,300,,76.8,55,75.7,0,
2025-07-12,09:00:00,cool,compressorCoolOff,,Home,76,70,75.9,54,79.6,0,0,0,0,15,,76.5,54,75.4,0,
2025-07-12,09:05:00,cool,compressorCoolOff,,Home,76,70,75.9,55,79.6,0,0,0,0,0,,76.6,55,75.4,0,
2025-07-12,09:10:00,cool,compressorCoolOff,,Home,76,70,75.9,55,79.6,0,0,0,0,0,,76.7,55,75.2,0,
2025-07-12,09:15:00,cool,compressorCoolOff,,Home,76,70,76,55,79.6,0,0,0,0,0,,76.8,55,75.3,0,
2025-07-12,09:20:00,cool,compressorCoolOff,,Home,76,70,76.1,55,79.6,0,0,0,0,0,,76.9,55,75.4,0,
2025-07-12,09:25:00,cool,compressorCoolOff,,Home,76,70,76.2,56,79.6,0,0,0,0,0,,77,56,75.5,0,
2025-07-12,09:30:00,cool,compressorCoolOff,,Home,76,70,76.3,56,79.6,0,0,0,0,0,,77,56,75.6,0,
2025-07-12,09:35:00,cool,compressorCoolOff,,Home,76,70,76.4,56,79.6,0,0,0,0,0,,77.1,56,75.8,0,
2025-07-12,09:40:00,cool,compressorCoolOff,,Home,76,70,76.4,56,79.6,0,60,0,0,60,,77.1,56,75.8,0,
2025-07-12,09:45:00,cool,compressorCoolStage1On,,Home,76,70,76.4,55,79.6,0,300,0,0,300,,77.1,55,75.9,0,
2025-07-12,09:50:00,cool,compressorCoolStage1On,,Home,76,70,76.3,54,79.6,0,300,0,0,300,,76.9,54,75.8,0,
2025-07-12,09:55:00,cool,compressorCoolStage1On,,Home,76,70,76,53,79.6,0,45,0,0,90,,76.6,53,75.4,0,
2025-07-12,10:00:00,cool,compressorCoolOff,,Home,76,70,75.8,54,81.3,0,0,0,0,0,,76.6,54,75.1,0,
2025-07-12,10:05:00,cool,compressorCoolOff,,Home,76,70,75.9,55,81.3,0,0,0,0,0,,76.7,55,75.1,0,
2025-07-12,10:10:00,cool,compressorCoolOff,,Home,76,70,75.9,55,81.3,0,0,0,0,0,,76.7,55,75.1,0,
2025-07-12,10:15:00,cool,compressorCoolOff,,Home,76,70,75.9,55,81.3,0,0,0,0,0,,76.6,55,75.3,0,
2025-07-12,10:20:00,cool,compressorCoolOff,,Home,76,70,76,55,81.3,0,0,0,0,0,,76.7,55,75.4,0,
2025-07-12,10:25:00,cool,compressorCoolOff,,Home,76,70,76.1,56,81.3,0,0,0,0,0,,76.8,56,75.4,0,
2025-07-12,10:30:00,cool,compressorCoolOff,,Home,76,70,76.2,56,81.3,0,0,0,0,0,,76.9,56,75.6,0,
2025-07-12,10:35:00,cool,compressorCoolOff,,Home,76,70,76.3,56,81.3,0,0,0,0,0,,76.9,56,75.6,0,
2025-07-12,10:40:00,cool,compressorCoolOff,,Home,76,70,76.4,56,81.3,0,0,0,0,0,,77,56,75.8,0,
2025-07-12,10:45:00,cool,compressorCoolOff,,Home,76,70,76.4,56,81.3,0,0,0,0,0,,77.1,56,75.8,0,
2025-07-12,10:50:00,cool,compressorCoolOff,,Home,76,70,76.5,56,81.3,0,285,0,0,285,,77.1,56,75.9,0,
2025-07-12,10:55:00,cool,compressorCoolStage1On,,Home,76,70,76.4,54,81.3,0,300,0,0,300,,77,54,75.8,0,
2025-07-12,11:00:00,cool,compressorCoolStage1On,,Home,76,70,76.1,53,83.6,0,195,0,0,240,,76.7,53,75.5,0,
2025-07-12,11:05:00,cool,compressorCoolOff,,Home,76,70,75.8,53,83.6,0,0,0,0,0,,76.6,53,75.1,0,
2025-07-12,11:10:00,cool,compressorCoolOff,,Home,76,70,75.7,54,83.6,0,0,0,0,0,,76.6,54,74.9,0,
2025-07-12,11:15:00,cool,compressorCoolOff,,Home,76,70,75.9,55,83.6,0,0,0,0,0,,76.8,55,74.9,0,
2025-07-12,11:20:00,cool,compressorCoolOff,,Home,76,70,76,55,83.6,0,0,0,0,0,,76.9,55,75.1,0,
2025-07-12,11:25:00,cool,compressorCoolOff,,Home,76,70,76,55,83.6,0,0,0,0,0,,76.9,55,75.2,0,
2025-07-12,11:30:00,cool,compressorCoolOff,,Home,76,70,76.2,55,84.1,0,0,0,0,0,,76.8,55,75.6,0,
2025-07-12,11:35:00,cool,compressorCoolOff,,Home,76,70,76.2,55,84.1,0,0,0,0,0,,76.8,55,75.6,0,
2025-07-12,11:40:00,cool,compressorCoolOff,,Home,76,70,76.3,56,84.1,0,0,0,0,0,,76.9,56,75.8,0,
2025-07-12,11:45:00,cool,compressorCoolOff,,Home,76,70,76.4,56,84.1,0,0,0,0,0,,77,56,75.8,0,
2025-07-12,11:50:00,cool,compressorCoolOff,,Home,76,70,76.5,56,84.1,0,240,0,0,240,,77.1,56,75.9,0,
2025-07-12,11:55:00,cool,compressorCoolStage1On,,Home,76,70,76.5,54,84.1,0,300,0,0,300,,77.1,54,76,0,
2025-07-12,12:00:00,cool,compressorCoolStage1On,,Home,76,70,76.2,53,85.1,0,270,0,0,300,,76.8,53,75.6,0,
2025-07-12,12:05:00,cool,compressorCoolOff,,Home,76,70,75.9,52,85.1,0,0,0,0,15,,76.6,52,75.2,0,
2025-07-12,12:10:00,cool,compressorCoolOff,,Home,76,70,75.8,54,85.1,0,0,0,0,0,,76.6,54,75.1,0,
2025-07-12,12:15:00,cool,compressorCoolOff,,Home,76,70,75.9,55,85.1,0,0,0,0,0,,76.8,55,75.1,0,
2025-07-12,12:20:00,cool,compressorCoolOff,,Home,76,70,76,55,85.1,0,0,0,0,0,,76.8,55,75.2,0,
2025-07-12,12:25:00,cool,compressorCoolOff,,Home,76,70,76.1,55,85.1,0,0,0,0,0,,76.8,55,75.4,0,
2025-07-12,12:30:00,cool,compressorCoolOff,,Home,76,70,76.2,55,85.1,0,0,0,0,0,,76.9,55,75.6,0,
2025-07-12,12:35:00,cool,compressorCoolOff,,Home,76,70,76.3,55,85.1,0,0,0,0,0,,77,55,75.6,0,
2025-07-12,12:40:00,cool,compressorCoolOff,,Home,76,70,76.4,55,85.1,0,90,0,0,90,,77.1,55,75.7,0,
2025-07-12,12:45:00,cool,compressorCoolStage1On,,Home,76,70,76.5,55,85.1,0,300,0,0,300,,77.2,55,75.9,0,
2025-07-12,12:50:00,cool,compressorCoolStage1On,,Home,76,70,76.4,53,85.1,0,300,0,0,300,,77,53,75.8,0,
2025-07-12,12:55:00,cool,compressorCoolStage1On,,Home,76,70,76.1,52,85.1,0,135,0,0,180,,76.7,52,75.5,0,
2025-07-12,13:00:00,cool,compressorCoolOff,,Home,76,70,75.8,52,86.9,0,0,0,0,0,,76.5,52,75.2,0,
2025-07-12,13:05:00,cool,compressorCoolOff,,Home,76,70,75.8,54,86.9,0,0,0,0,0,,76.6,54,75.1,0,
2025-07-12,13:10:00,cool,compressorCoolOff,,Home,76,70,75.9,55,86.9,0,0,0,0,0,,76.7,55,75.2,0,
2025-07-12,13:15:00,cool,compressorCoolOff,,Home,76,70,76,55,86.9,0,0,0,0,0,,76.8,55,75.3,0,
2025-07-12,13:20:00,cool,compressorCoolOff,,Home,76,70,76.4,55,86.9,0,30,0,0,30,,76.9,55,75.8,0,
2025-07-12,13:25:00,cool,compressorCoolStage1On,,Home,76,70,76.6,55,86.9,0,300,0,0,300,,77.1,55,76.2,0,
2025-07-12,13:30:00,cool,compressorCoolStage1On,,Home,76,70,76.5,53,86.9,0,300,0,0,300,,77,53,76.2,0,
2025-07-12,13:35:00,cool,compressorCoolStage1On,,Home,76,70,76.3,52,86.9,0,300,0,0,300,,76.7,52,76,0,
2025-07-12,13:40:00,cool,compressorCoolStage1On,,Home,76,70,76,52,86.9,0,60,0,0,105,,76.4,52,75.6,0,
2025-07-12,13:45:00,cool,compressorCoolOff,,Home,76,70,76,53,86.9,0,0,0,0,0,,76.4,53,75.6,0,
2025-07-12,13:50:00,cool,compressorCoolOff,,Home,76,70,76,54,86.9,0,0,0,0,0,,76.4,54,75.6,0,
2025-07-12,13:55:00,cool,compressorCoolOff,,Home,76,70,76.1,55,86.9,0,0,0,0,0,,76.6,55,75.7,0,
2025-07-12,14:00:00,cool,compressorCoolOff,,Home,76,70,76.3,55,88.4,0,0,0,0,0,,76.7,55,76,0,
2025-07-12,14:05:00,cool,compressorCoolOff,,Home,76,70,76.4,55,88.4,0,75,0,0,75,,76.9,55,76.1,0,
2025-07-12,14:10:00,cool,compressorCoolStage1On,,Home,76,70,76.7,54,88.4,0,300,0,0,300,,77,54,76.4,0,
2025-07-12,14:15:00,cool,compressorCoolStage1On,,Home,76,70,76.6,53,88.4,0,300,0,0,300,,76.9,53,76.3,0,
2025-07-12,14:20:00,cool,compressorCoolStage1On,,Home,76,70,76.2,52,88.4,0,300,0,0,300,,76.6,52,76,0,
2025-07-12,14:25:00,cool,compressorCoolStage1On,,Home,76,70,75.8,51,88.4,0,30,0,0,75,,76.3,51,75.4,0,
2025-07-12,14:30:00,cool,compressorCoolOff,,Home,76,70,75.8,52,88.7,0,0,0,0,0,,76.3,52,75.4,0,
2025-07-12,14:35:00,cool,compressorCoolOff,,Home,76,70,75.9,53,88.7,0,0,0,0,0,,76.4,53,75.5,0,
2025-07-12,14:40:00,cool,compressorCoolOff,,Home,76,70,76.1,54,88.7,0,0,0,0,0,,76.5,54,75.8,0,
2025-07-12,14:45:00,cool,compressorCoolOff,,Home,76,70,76.3,54,88.7,0,0,0,0,0,,76.6,54,76,0,
2025-07-12,14:50:00,cool,compressorCoolOff,,Home,76,70,76.5,55,88.7,0,120,0,0,120,,76.8,55,76.2,0,
2025-07-12,14:55:00,cool,compressorCoolStage1On,,Home,76,70,76.7,54,88.7,0,300,0,0,300,,76.9,54,76.5,0,
2025-07-12,15:00:00,cool,compressorCoolStage1On,,Home,76,70,76.6,52,88.8,0,300,0,0,300,,76.7,52,76.4,0,
2025-07-12,15:05:00,cool,compressorCoolStage1On,,Home,76,70,76.3,51,88.8,0,285,0,0,300,,76.4,51,76.3,0,
2025-07-12,15:10:00,cool,compressorCoolOff,,Home,76,70,76,51,88.8,0,0,0,0,30,,76.2,51,75.8,0,
2025-07-12,15:15:00,cool,compressorCoolOff,,Home,76,70,75.9,52,88.8,0,0,0,0,0,,76.3,52,75.6,0,
2025-07-12,15:20:00,cool,compressorCoolOff,,Home,76,70,76,54,88.8,0,0,0,0,0,,76.4,54,75.7,0,
2025-07-12,15:25:00,cool,compressorCoolOff,,Home,76,70,76.2,54,88.8,0,0,0,0,0,,76.5,54,76.1,0,
2025-07-12,15:30:00,cool,compressorCoolOff,,Home,76,70,76.4,54,88.8,0,195,0,0,195,,76.6,54,76.3,0,
2025-07-12,15:35:00,cool,compressorCoolStage1On,,Home,76,70,76.5,53,88.8,0,300,0,0,300,,76.6,53,76.4,0,
2025-07-12,15:40:00,cool,compressorCoolStage1On,,Home,76,70,76.3,52,88.8,0,300,0,0,300,,76.5,52,76.2,0,
2025-07-12,15:45:00,cool,compressorCoolStage1On,,Home,76,70,76,51,88.8,0,195,0,0,240,,76.2,51,75.8,0,
2025-07-12,15:50:00,cool,compressorCoolOff,,Home,76,70,75.9,52,88.8,0,0,0,0,0,,76.2,52,75.6,0,
2025-07-12,15:55:00,cool,compressorCoolOff,,Home,76,70,75.9,53,88.8,0,0,0,0,0,,76.4,53,75.6,0,
2025-07-12,16:00:00,cool,compressorCoolOff,,Home,76,70,76,54,88.8,0,0,0,0,0,,76.6,54,75.6,0,
2025-07-12,16:05:00,cool,compressorCoolOff,,Home,76,70,76.1,54,88.8,0,0,0,0,0,,76.7,54,75.6,0,
2025-07-12,16:10:00,cool,compressorCoolOff,,Home,76,70,76.5,54,88.8,0,255,0,0,255,,76.8,54,76.2,0,
2025-07-12,16:15:00,cool,compressorCoolStage1On,,Home,76,70,76.5,53,88.8,0,300,0,0,300,,76.6,53,76.4,0,
2025-07-12,16:20:00,cool,compressorCoolStage1On,,Home,76,70,76.2,52,88.8,0,300,0,0,300,,76.3,52,76.1,0,
2025-07-12,16:25:00,cool,compressorCoolStage1On,,Home,76,70,76,52,88.8,0,30,0,0,75,,76,52,76,0,
2025-07-12,16:30:00,cool,compressorCoolOff,,Home,76,70,76,53,88.8,0,0,0,0,0,,76.1,53,76,0,
2025-07-12,16:35:00,cool,compressorCoolOff,,Home,76,70,76.1,54,88.8,0,0,0,0,0,,76.4,54,76,0,
2025-07-12,16:40:00,cool,compressorCoolOff,,Home,76,70,76.2,54,88.8,0,0,0,0,0,,76.6,54,76,0,
2025-07-12,16:45:00,cool,compressorCoolOff,,Home,76,70,76.3,54,88.8,0,0,0,0,0,,76.7,54,76,0,
2025-07-12,16:50:00,cool,compressorCoolOff,,Home,76,70,76.4,55,88.8,0,30,0,0,30,,76.9,55,76,0,
2025-07-12,16:55:00,cool,compressorCoolStage1On,,Home,76,70,76.4,54,88.8,0,300,0,0,300,,76.9,54,76,0,
2025-07-12,17:00:00,cool,compressorCoolStage1On,,Home,76,70,76.5,53,88.2,0,300,0,0,300,,76.7,53,76.3,0,
2025-07-12,17:05:00,cool,compressorCoolStage1On,,Home,76,70,76.3,52,88.2,0,300,0,0,300,,76.4,52,76.4,0,
2025-07-12,17:10:00,cool,compressorCoolStage1On,,Home,76,70,76.2,52,88.2,0,300,0,0,300,,76,52,76.4,0,
2025-07-12,17:15:00,cool,compressorCoolStage1On,,Home,76,70,75.6,51,88.2,0,120,0,0,165,,75.8,51,75.6,0,
2025-07-12,17:20:00,cool,compressorCoolOff,,Home,76,70,75.4,52,88.2,0,0,0,0,0,,75.9,52,75.1,0,
2025-07-12,17:25:00,cool,compressorCoolOff,,Home,76,70,75.6,52,88.2,0,0,0,0,0,,76.2,52,75.1,0,
2025-07-12,17:30:00,cool,compressorCoolOff,,Home,76,70,75.7,52,88.2,0,0,0,0,0,,76.4,52,75.2,0,
2025-07-12,17:35:00,cool,compressorCoolOff,,Home,76,70,75.9,53,88.2,0,0,0,0,0,,76.6,53,75.2,0,
2025-07-12,17:40:00,cool,compressorCoolOff,,Home,76,70,76.1,54,88.2,0,0,0,0,0,,76.7,54,75.6,0,
2025-07-12,17:45:00,cool,compressorCoolOff,,Home,76,70,76.2,54,88.2,0,0,0,0,0,,76.8,54,75.6,0,
2025-07-12,17:50:00,cool,compressorCoolOff,,Home,76,70,76.4,55,88.2,0,0,0,0,0,,76.9,55,76,0,
2025-07-12,17:55:00,cool,compressorCoolOff,,Home,76,70,76.4,55,88.2,0,0,0,0,0,,76.9,55,76,0,
2025-07-12,18:00:00,cool,compressorCoolOff,,Home,76,70,76.4,55,86.9,0,0,0,0,0,,76.9,55,76,0,
2025-07-12,18:05:00,cool,compressorCoolOff,,Home,76,70,76.4,55,86.9,0,0,0,0,0,,76.8,55,76,0,
2025-07-12,18:10:00,cool,compressorCoolOff,,Home,76,70,76.4,55,86.9,0,0,0,0,0,,76.8,55,76,0,
2025-07-12,18:15:00,cool,compressorCoolOff,,Home,76,70,76.4,55,86.9,0,0,0,0,0,,76.9,55,76,0,
2025-07-12,18:20:00,cool,compressorCoolOff,,Home,76,70,76.4,55,86.9,0,255,0,0,255,,76.9,55,76,0,
2025-07-12,18:25:00,cool,compressorCoolStage1On,,Home,76,70,76.5,54,86.9,0,300,0,0,300,,76.9,54,76.1,0,
2025-07-12,18:30:00,cool,compressorCoolStage1On,,Home,76,70,76.6,52,86.3,0,300,0,0,300,,76.7,52,76.5,0,
2025-07-12,18:35:00,cool,compressorCoolStage1On,,Home,76,70,76.4,51,86.3,0,300,0,0,300,,76.5,51,76.5,0,
2025-07-12,18:40:00,cool,compressorCoolStage1On,,Home,76,70,76.3,51,86.3,0,300,0,0,300,,76.2,51,76.5,0,
2025-07-12,18:45:00,cool,compressorCoolStage1On,,Home,76,70,76.2,50,86.3,0,300,0,0,300,,75.9,50,76.5,0,
2025-07-12,18:50:00,cool,compressorCoolStage1On,,Home,76,70,76.1,50,86.3,0,300,0,0,300,,75.7,50,76.5,0,
2025-07-12,18:55:00,cool,compressorCoolStage1On,,Home,76,70,76,50,86.3,0,60,0,0,105,,75.6,50,76.5,0,
2025-07-12,19:00:00,cool,compressorCoolOff,,Home,76,70,75.1,51,86.3,0,0,0,0,0,,75.6,51,74.8,0,
2025-07-12,19:05:00,cool,compressorCoolOff,,Home,76,70,75,53,86.3,0,0,0,0,0,,75.8,53,74.3,0,
2025-07-12,19:10:00,cool,compressorCoolOff,,Home,76,70,75.2,54,86.3,0,0,0,0,0,,76,54,74.5,0,
2025-07-12,19:15:00,cool,compressorCoolOff,,Home,76,70,75.4,54,86.3,0,0,0,0,0,,76.2,54,74.7,0,
2025-07-12,19:20:00,cool,compressorCoolOff,,Home,76,70,75.7,54,86.3,0,0,0,0,0,,76.4,54,75.1,0,
2025-07-12,19:25:00,cool,compressorCoolOff,,Home,76,70,75.8,54,86.3,0,0,0,0,0,,76.5,54,75.2,0,
2025-07-12,19:30:00,cool,compressorCoolOff,,Home,76,70,76,54,86.3,0,0,0,0,0,,76.6,54,75.4,0,
2025-07-12,19:35:00,cool,compressorCoolOff,,Home,76,70,76,54,86.3,0,0,0,0,0,,76.6,54,75.4,0,
2025-07-12,19:40:00,cool,compressorCoolOff,,Home,76,70,76.2,55,86.3,0,0,0,0,0,,76.7,55,75.7,0,
2025-07-12,19:45:00,cool,compressorCoolOff,,Home,76,70,76.3,55,86.3,0,0,0,0,0,,76.8,55,75.8,0,
2025-07-12,19:50:00,cool,compressorCoolOff,,Home,76,70,76.3,55,86.3,0,0,0,0,0,,76.7,55,75.9,0,
2025-07-12,19:55:00,cool,compressorCoolOff,,Home,76,70,76.3,55,86.3,0,0,0,0,0,,76.7,55,76,0,
2025-07-12,20:00:00,cool,compressorCoolOff,,Home,76,70,76.3,55,82.6,0,0,0,0,0,,76.7,55,76,0,
2025-07-12,20:05:00,cool,compressorCoolOff,,Home,76,70,76.4,55,82.6,0,105,0,0,105,,76.7,55,76.1,0,
2025-07-12,20:10:00,cool,compressorCoolStage1On,,Home,76,70,76.6,54,82.6,0,300,0,0,300,,76.8,54,76.4,0,
2025-07-12,20:15:00,cool,compressorCoolStage1On,,Home,76,70,76.4,52,82.6,0,285,0,0,300,,76.6,52,76.3,0,
2025-07-12,20:20:00,cool,compressorCoolOff,,Home,76,70,76,52,82.6,0,0,0,0,30,,76.4,52,75.6,0,
2025-07-12,20:25:00,cool,compressorCoolOff,,Home,76,70,76,53,82.6,0,0,0,0,0,,76.4,53,75.6,0,
2025-07-12,20:30:00,cool,compressorCoolOff,,Home,76,70,76,54,82.6,0,0,0,0,0,,76.5,54,75.6,0,
2025-07-12,20:35:00,cool,compressorCoolOff,,Home,76,70,76.2,54,82.6,0,0,0,0,0,,76.7,54,75.7,0,
2025-07-12,20:40:00,cool,compressorCoolOff,,Home,76,70,76.3,54,82.6,0,0,0,0,0,,76.7,54,75.9,0,
2025-07-12,20:45:00,cool,compressorCoolOff,,Home,76,70,76.3,55,82.6,0,0,0,0,0,,76.7,55,76.1,0,
2025-07-12,20:50:00,cool,compressorCoolOff,,Home,76,70,76.4,55,82.6,0,0,0,0,0,,76.6,55,76.2,0,
2025-07-12,20:55:00,cool,compressorCoolOff,,Home,76,70,76.4,56,82.6,0,90,0,0,90,,76.7,56,76.2,0,
2025-07-12,21:00:00,cool,compressorCoolStage1On,,Home,76,70,76.6,56,80.2,0,300,0,0,300,,76.8,56,76.5,0,
2025-07-12,21:05:00,cool,compressorCoolStage1On,,Home,76,70,76.5,53,80.2,0,300,0,0,300,,76.6,53,76.4,0,
2025-07-12,21:10:00,cool,compressorCoolStage1On,,Home,76,70,76.1,52,80.2,0,300,0,0,300,,76.4,52,76,0,
2025-07-12,21:15:00,cool,compressorCoolStage1On,,Home,76,70,76,51,80.2,0,150,0,0,195,,76.1,51,76,0,
2025-07-12,21:20:00,cool,compressorCoolOff,,Home,76,70,75.6,52,80.2,0,0,0,0,0,,76,52,75.3,0,
2025-07-12,21:25:00,cool,compressorCoolOff,,Home,76,70,75.6,52,80.2,0,0,0,0,0,,76.2,52,75.1,0,
2025-07-12,21:30:00,cool,compressorCoolOff,,Home,76,70,75.7,52,80.2,0,0,0,0,0,,76.4,52,75.1,0,
2025-07-12,21:35:00,cool,compressorCoolOff,,Home,76,70,75.9,53,80.2,0,0,0,0,0,,76.5,53,75.3,0,
2025-07-12,21:40:00,cool,compressorCoolOff,,Home,76,70,76.2,54,80.2,0,0,0,0,0,,76.6,54,75.8,0,
2025-07-12,21:45:00,cool,compressorCoolOff,,Home,76,70,76.2,54,80.2,0,0,0,0,0,,76.7,54,75.8,0,
2025-07-12,21:50:00,cool,compressorCoolOff,,Home,76,70,76.4,55,80.2,0,0,0,0,0,,76.6,55,76.2,0,
2025-07-12,21:55:00,cool,compressorCoolOff,,Home,76,70,76.3,55,80.2,0,0,0,0,0,,76.5,55,76.2,0,
2025-07-12,22:00:00,cool,compressorCoolOff,,Home,76,70,76.4,55,78.8,0,285,0,0,285,,76.6,55,76.4,0,
2025-07-12,22:05:00,cool,compressorCoolStage1On,,Home,76,70,76.5,53,78.8,0,300,0,0,300,,76.5,53,76.5,0,
2025-07-12,22:10:00,cool,compressorCoolStage1On,,Home,76,70,76.2,52,78.8,0,300,0,0,300,,76.3,52,76.2,0,
2025-07-12,22:15:00,cool,compressorCoolStage1On,,Home,76,70,76,51,78.8,0,255,0,0,300,,76,51,76.2,0,
2025-07-12,22:20:00,cool,compressorCoolOff,,Home,76,70,76,51,78.8,0,0,0,0,0,,75.8,51,76.2,0,
2025-07-12,22:25:00,cool,compressorCoolOff,,Home,76,70,75.8,52,78.8,0,0,0,0,0,,76,52,75.7,0,
2025-07-12,22:30:00,cool,compressorCoolOff,,Home,76,70,75.6,52,79,0,0,0,0,0,,76.1,52,75.2,0,
2025-07-12,22:35:00,cool,compressorCoolOff,,Home,76,70,75.8,52,79,0,0,0,0,0,,76.3,52,75.4,0,
2025-07-12,22:40:00,cool,compressorCoolOff,,Home,76,70,76.2,53,79,0,0,0,0,0,,76.4,53,76,0,
2025-07-12,22:45:00,cool,compressorCoolOff,,Home,76,70,76.2,54,79,0,0,0,0,0,,76.4,54,76,0,
2025-07-12,22:50:00,cool,compressorCoolOff,,Home,76,70,76.2,54,79,0,0,0,0,0,,76.5,54,76,0,
2025-07-12,22:55:00,cool,compressorCoolOff,,Home,76,70,76.2,54,79,0,0,0,0,0,,76.5,54,76,0,
2025-07-12,23:00:00,cool,compressorCoolOff,,Home,76,70,76.4,55,78.7,0,225,0,0,225,,76.6,55,76.3,0,
2025-07-12,23:05:00,cool,compressorCoolStage1On,,Home,76,70,76.4,53,78.7,0,300,0,0,300,,76.5,53,76.4,0,
2025-07-12,23:10:00,cool,compressorCoolStage1On,,Home,76,70,76.3,51,78.7,0,300,0,0,300,,76.2,51,76.4,0,
2025-07-12,23:15:00,cool,compressorCoolStage1On,,Home,76,70,75.8,51,78.7,0,180,0,0,225,,75.9,51,75.8,0,
2025-07-12,23:20:00,cool,compressorCoolOff,,Home,76,70,75.2,51,78.7,0,0,0,0,0,,75.7,51,74.8,0,
2025-07-12,23:25:00,cool,compressorCoolOff,,Home,76,70,75.2,53,78.7,0,0,0,0,0,,75.8,53,74.7,0,
2025-07-12,23:30:00,cool,compressorCoolOff,,Home,76,70,75.4,54,78.6,0,0,0,0,0,,76,54,74.9,0,
2025-07-12,23:35:00,cool,compressorCoolOff,,Home,76,70,75.5,54,78.6,0,0,0,0,0,,76.2,54,74.9,0,
2025-07-12,23:40:00,cool,compressorCoolOff,,Home,76,70,75.6,54,78.6,0,0,0,0,0,,76.3,54,74.9,0,
2025-07-12,23:45:00,cool,compressorCoolOff,,Home,76,70,75.6,54,78.6,0,0,0,0,0,,76.4,54,74.9,0,
2025-07-12,23:50:00,cool,compressorCoolOff,,Home,76,70,75.9,54,78.6,0,0,0,0,0,,76.4,54,75.5,0,
2025-07-12,23:55:00,cool,compressorCoolOff,,Home,76,70,76.1,55,78.6,0,0,0,0,0,,76.5,55,75.8,0,
2025-07-13,00:00:00,cool,compressorCoolOff,,Sleep,78,62,76.2,55,78.4,0,0,0,0,0,,76.6,55,75.8,0,
2025-07-13,00:05:00,cool,compressorCoolOff,,Sleep,78,62,76.2,55,78.4,0,0,0,0,0,,76.6,55,75.8,0,
2025-07-13,00:10:00,cool,compressorCoolOff,,Sleep,78,62,76.3,55,78.4,0,0,0,0,0,,76.6,55,76,0,
2025-07-13,00:15:00,cool,compressorCoolOff,,Sleep,78,62,76.3,57,78.4,0,0,0,0,0,,76.6,57,76,0,
2025-07-13,00:20:00,cool,compressorCoolOff,,Sleep,78,62,76.4,57,78.4,0,0,0,0,0,,76.6,57,76.2,0,
2025-07-13,00:25:00,cool,compressorCoolOff,,Sleep,78,62,76.4,57,78.4,0,0,0,0,0,,76.6,57,76.2,0,
2025-07-13,00:30:00,cool,compressorCoolOff,,Sleep,78,62,76.4,57,78.4,0,0,0,0,0,,76.7,57,76.2,0,
2025-07-13,00:35:00,cool,compressorCoolOff,,Sleep,78,62,76.4,57,78.4,0,0,0,0,0,,76.7,57,76.2,0,
2025-07-13,00:40:00,cool,compressorCoolOff,,Sleep,78,62,76.5,57,78.4,0,0,0,0,0,,76.8,57,76.2,0,
2025-07-13,00:45:00,cool,compressorCoolOff,,Sleep,78,62,76.5,57,78.4,0,0,0,0,0,,76.8,57,76.2,0,
2025-07-13,00:50:00,cool,compressorCoolOff,,Sleep,78,62,76.6,57,78.4,0,0,0,0,0,,76.8,57,76.4,0,
2025-07-13,00:55:00,cool,compressorCoolOff,,Sleep,78,62,76.6,57,78.4,0,0,0,0,0,,76.9,57,76.4,0,
2025-07-13,01:00:00,cool,compressorCoolOff,,Sleep,78,62,76.6,57,77.1,0,0,0,0,0,,76.9,57,76.4,0,
2025-07-13,01:05:00,cool,compressorCoolOff,,Sleep,78,62,76.6,57,77.1,0,0,0,0,0,,76.8,57,76.4,0,
2025-07-13,01:10:00,cool,compressorCoolOff,,Sleep,78,62,76.6,58,77.1,0,0,0,0,0,,76.8,58,76.4,0,
2025-07-13,01:15:00,cool,compressorCoolOff,,Sleep,78,62,76.6,58,77.1,0,0,0,0,0,,76.9,58,76.4,0,
2025-07-13,01:20:00,cool,compressorCoolOff,,Sleep,78,62,76.6,58,77.1,0,0,0,0,0,,76.9,58,76.4,0,
2025-07-13,01:25:00,cool,compressorCoolOff,,Sleep,78,62,76.7,58,77.1,0,0,0,0,0,,76.9,58,76.5,0,
2025-07-13,01:30:00,cool,compressorCoolOff,,Sleep,78,62,76.7,58,77.1,0,0,0,0,0,,76.9,58,76.5,0,
2025-07-13,01:35:00,cool,compressorCoolOff,,Sleep,78,62,76.7,58,77.1,0,0,0,0,0,,76.9,58,76.5,0,
2025-07-13,01:40:00,cool,compressorCoolOff,,Sleep,78,62,76.7,58,77.1,0,0,0,0,0,,77,58,76.5,0,
2025-07-13,01:45:00,cool,compressorCoolOff,,Sleep,78,62,76.7,58,77.1,0,0,0,0,0,,77,58,76.5,0,
2025-07-13,01:50:00,cool,compressorCoolOff,,Sleep,78,62,76.7,58,77.1,0,0,0,0,0,,77,58,76.5,0,
2025-07-13,01:55:00,cool,compressorCoolOff,,Sleep,78,62,76.7,58,77.1,0,0,0,0,0,,77,58,76.5,0,
2025-07-13,02:00:00,cool,compressorCoolOff,,Sleep,78,62,76.9,58,76.3,0,0,0,0,0,,77.1,58,76.7,0,
2025-07-13,02:05:00,cool,compressorCoolOff,,Sleep,78,62,76.9,58,76.3,0,0,0,0,0,,77.1,58,76.7,0,
2025-07-13,02:10:00,cool,compressorCoolOff,,Sleep,78,62,76.8,58,76.3,0,0,0,0,0,,77,58,76.7,0,
2025-07-13,02:15:00,cool,compressorCoolOff,,Sleep,78,62,76.9,58,76.3,0,0,0,0,0,,77.1,58,76.7,0,
2025-07-13,02:20:00,cool,compressorCoolOff,,Sleep,78,62,76.9,58,76.3,0,0,0,0,0,,77.1,58,76.7,0,
2025-07-13,02:25:00,cool,compressorCoolOff,,Sleep,78,62,76.9,58,76.3,0,0,0,0,0,,77.1,58,76.7,0,
2025-07-13,02:30:00,cool,compressorCoolOff,,Sleep,78,62,76.9,58,76.3,0,0,0,0,0,,77.1,58,76.7,0,
2025-07-13,02:35:00,cool,compressorCoolOff,,Sleep,78,62,76.9,58,76.3,0,0,0,0,0,,77.1,58,76.7,0,
2025-07-13,02:40:00,cool,compressorCoolOff,,Sleep,78,62,76.9,58,76.3,0,0,0,0,0,,77.1,58,76.7,0,
2025-07-13,02:45:00,cool,compressorCoolOff,,Sleep,78,62,76.9,58,76.3,0,0,0,0,0,,77.1,58,76.7,0,
2025-07-13,02:50:00,cool,compressorCoolOff,,Sleep,78,62,76.9,58,76.3,0,0,0,0,0,,77.1,58,76.7,0,
2025-07-13,02:55:00,cool,compressorCoolOff,,Sleep,78,62,76.9,58,76.3,0,0,0,0,0,,77.2,58,76.7,0,
2025-07-13,03:00:00,cool,compressorCoolOff,,Sleep,78,62,76.9,58,76.1,0,0,0,0,0,,77.2,58,76.8,0,
2025-07-13,03:05:00,cool,compressorCoolOff,,Sleep,78,62,77,58,76.1,0,0,0,0,0,,77.2,58,76.9,0,
2025-07-13,03:10:00,cool,compressorCoolOff,,Sleep,78,62,77,58,76.1,0,0,0,0,0,,77.1,58,76.9,0,
2025-07-13,03:15:00,cool,compressorCoolOff,,Sleep,78,62,77,58,76.1,0,0,0,0,0,,77.1,58,76.9,0,
2025-07-13,03:20:00,cool,compressorCoolOff,,Sleep,78,62,77,59,76.1,0,0,0,0,0,,77.1,59,76.9,0,
2025-07-13,03:25:00,cool,compressorCoolOff,,Sleep,78,62,77,59,76.1,0,0,0,0,0,,77.1,59,76.9,0,
2025-07-13,03:30:00,cool,compressorCoolOff,,Sleep,78,62,77,59,76.1,0,0,0,0,0,,77.1,59,76.9,0,
2025-07-13,03:35:00,cool,compressorCoolOff,,Sleep,78,62,77,59,76.1,0,0,0,0,0,,77.2,59,76.9,0,
2025-07-13,03:40:00,cool,compressorCoolOff,,Sleep,78,62,77.1,59,76.1,0,0,0,0,0,,77.2,59,77.1,0,
2025-07-13,03:45:00,cool,compressorCoolOff,,Sleep,78,62,77.1,59,76.1,0,0,0,0,0,,77.2,59,77.1,0,
2025-07-13,03:50:00,cool,compressorCoolOff,,Sleep,78,62,77.1,59,76.1,0,0,0,0,0,,77.2,59,77.1,0,
2025-07-13,03:55:00,cool,compressorCoolOff,,Sleep,78,62,77.1,59,76.1,0,0,0,0,0,,77.2,59,77.1,0,
2025-07-13,04:00:00,cool,compressorCoolOff,,Sleep,78,62,77.1,59,75.8,0,0,0,0,0,,77.2,59,77.1,0,
2025-07-13,04:05:00,cool,compressorCoolOff,,Sleep,78,62,77.1,59,75.8,0,0,0,0,0,,77.2,59,77.1,0,
2025-07-13,04:10:00,cool,compressorCoolOff,,Sleep,78,62,77.2,59,75.8,0,0,0,0,0,,77.3,59,77.1,0,
2025-07-13,04:15:00,cool,compressorCoolOff,,Sleep,78,62,77.2,59,75.8,0,0,0,0,0,,77.3,59,77.1,0,
2025-07-13,04:20:00,cool,compressorCoolOff,,Sleep,78,62,77.2,59,75.8,0,0,0,0,0,,77.3,59,77.1,0,
2025-07-13,04:25:00,cool,compressorCoolOff,,Sleep,78,62,77.2,59,75.8,0,0,0,0,0,,77.3,59,77.1,0,
2025-07-13,04:30:00,cool,compressorCoolOff,,Sleep,78,62,77.2,59,75.8,0,0,0,0,0,,77.3,59,77.1,0,
2025-07-13,04:35:00,cool,compressorCoolOff,,Sleep,78,62,77.2,59,75.8,0,0,0,0,0,,77.4,59,77.1,0,
2025-07-13,04:40:00,cool,compressorCoolOff,,Sleep,78,62,77.2,58,75.8,0,0,0,0,0,,77.4,58,77.1,0,
2025-07-13,04:45:00,cool,compressorCoolOff,,Sleep,78,62,77.2,58,75.8,0,0,0,0,0,,77.3,58,77.1,0,
2025-07-13,04:50:00,cool,compressorCoolOff,,Sleep,78,62,77.2,59,75.8,0,0,0,0,0,,77.3,59,77.1,0,
2025-07-13,04:55:00,cool,compressorCoolOff,,Sleep,78,62,77.2,59,75.8,0,0,0,0,0,,77.3,59,77.1,0,
2025-07-13,05:00:00,cool,compressorCoolOff,,Sleep,78,62,77.2,59,75,0,0,0,0,0,,77.3,59,77.1,0,
2025-07-13,05:05:00,cool,compressorCoolOff,,Sleep,78,62,77.2,59,75,0,0,0,0,0,,77.3,59,77.1,0,
2025-07-13,05:10:00,cool,compressorCoolOff,,Sleep,78,62,77.2,59,75,0,0,0,0,0,,77.3,59,77.1,0,
2025-07-13,05:15:00,cool,compressorCoolOff,,Sleep,78,62,77.2,59,75,0,0,0,0,0,,77.4,59,77.1,0,
2025-07-13,05:20:00,cool,compressorCoolOff,,Sleep,78,62,77.2,59,75,0,0,0,0,0,,77.4,59,77.1,0,
2025-07-13,05:25:00,cool,compressorCoolOff,,Sleep,78,62,77.2,59,75,0,0,0,0,0,,77.4,59,77.1,0,
2025-07-13,05:30:00,cool,compressorCoolOff,,Sleep,78,62,77.2,59,75.2,0,0,0,0,0,,77.4,59,77.1,0,
2025-07-13,05:35:00,cool,compressorCoolOff,,Sleep,78,62,77.2,59,75.2,0,0,0,0,0,,77.4,59,77.1,0,
2025-07-13,05:40:00,cool,compressorCoolOff,,Sleep,78,62,77.2,59,75.2,0,0,0,0,0,,77.4,59,77.1,0,
2025-07-13,05:45:00,cool,compressorCoolOff,,Sleep,78,62,77.2,59,75.2,0,0,0,0,0,,77.4,59,77.1,0,
2025-07-13,05:50:00,cool,compressorCoolOff,,Sleep,78,62,77.2,59,75.2,0,0,0,0,0,,77.4,59,77.1,0,
2025-07-13,05:55:00,cool,compressorCoolOff,,Sleep,78,62,77.3,59,75.2,0,0,0,0,0,,77.5,59,77.1,0,
2025-07-13,06:00:00,cool,compressorCoolOff,,Sleep,78,62,77.2,58,75.3,0,0,0,0,0,,77.4,58,77.1,0,
2025-07-13,06:05:00,cool,compressorCoolOff,,Sleep,78,62,77.2,59,75.3,0,0,0,0,0,,77.4,59,77.1,0,
2025-07-13,06:10:00,cool,compressorCoolOff,,Sleep,78,62,77.2,59,75.3,0,0,0,0,0,,77.4,59,77.1,0,
2025-07-13,06:15:00,cool,compressorCoolOff,,Sleep,78,62,77.2,59,75.3,0,0,0,0,0,,77.4,59,77.1,0,
2025-07-13,06:20:00,cool,compressorCoolOff,,Sleep,78,62,77.2,59,75.3,0,0,0,0,0,,77.4,59,77.1,0,
2025-07-13,06:25:00,cool,compressorCoolOff,,Sleep,78,62,77.2,59,75.3,0,0,0,0,0,,77.4,59,77.1,0,
2025-07-13,06:30:00,cool,compressorCoolOff,,Sleep,78,62,77.3,59,75.3,0,0,0,0,0,,77.5,59,77.1,0,
2025-07-13,06:35:00,cool,compressorCoolOff,,Sleep,78,62,77.3,59,75.3,0,0,0,0,0,,77.5,59,77.1,0,
2025-07-13,06:40:00,cool,compressorCoolOff,,Sleep,78,62,77.3,59,75.3,0,0,0,0,0,,77.5,59,77.1,0,
2025-07-13,06:45:00,cool,compressorCoolOff,,Sleep,78,62,77.3,59,75.3,0,0,0,0,0,,77.5,59,77.1,0,
2025-07-13,06:50:00,cool,compressorCoolOff,,Sleep,78,62,77.3,59,75.3,0,0,0,0,0,,77.5,59,77.1,0,
2025-07-13,06:55:00,cool,compressorCoolOff,,Sleep,78,62,77.3,59,75.3,0,0,0,0,0,,77.5,59,77.1,0,
2025-07-13,07:00:00,cool,compressorCoolOff,,Sleep,78,62,77.3,59,76.3,0,0,0,0,0,,77.5,59,77.1,0,
2025-07-13,07:05:00,cool,compressorCoolOff,,Sleep,78,62,77.3,59,76.3,0,0,0,0,0,,77.5,59,77.1,0,
2025-07-13,07:10:00,cool,compressorCoolOff,,Sleep,78,62,77.3,59,76.3,0,0,0,0,0,,77.5,59,77.1,0,
2025-07-13,07:15:00,cool,compressorCoolOff,,Sleep,78,62,77.3,59,76.3,0,0,0,0,0,,77.6,59,77.1,0,
2025-07-13,07:20:00,cool,compressorCoolOff,,Sleep,78,62,77.3,58,76.3,0,0,0,0,0,,77.5,58,77.1,0,
2025-07-13,07:25:00,cool,compressorCoolOff,,Sleep,78,62,77.3,59,76.3,0,0,0,0,0,,77.5,59,77.1,0,
2025-07-13,07:30:00,cool,compressorCoolOff,,Sleep,78,62,77.3,59,76.3,0,0,0,0,0,,77.5,59,77.2,0,
2025-07-13,07:35:00,cool,compressorCoolOff,,Sleep,78,62,77.4,59,76.3,0,165,0,0,165,,77.5,59,77.3,0,
2025-07-13,07:40:00,cool,compressorCoolStage1On,(SmartRecovery),Sleep,78,62,77.3,58,76.3,0,300,0,0,300,,77.4,58,77.3,0,
2025-07-13,07:45:00,cool,compressorCoolStage1On,(SmartRecovery),Sleep,78,62,77.2,56,76.3,0,300,0,0,300,,77.3,56,77.3,0,
2025-07-13,07:50:00,cool,compressorCoolStage1On,(SmartRecovery),Sleep,78,62,77.1,54,76.3,0,300,0,0,300,,77,54,77.3,0,
2025-07-13,07:55:00,cool,compressorCoolStage1On,(SmartRecovery),Sleep,78,62,76.9,54,76.3,0,300,0,0,300,,76.7,54,77.3,0,
2025-07-13,08:00:00,cool,compressorCoolStage1On,,Home,76,70,76.8,53,77.4,0,300,0,0,300,,76.4,53,77.3,0,
2025-07-13,08:05:00,cool,compressorCoolStage1On,,Home,76,70,76.7,53,77.4,0,300,0,0,300,,76.1,53,77.3,0,
2025-07-13,08:10:00,cool,compressorCoolStage1On,,Home,76,70,76.5,51,77.4,0,300,0,0,300,,75.9,51,77.3,0,
2025-07-13,08:15:00,cool,compressorCoolStage1On,,Home,76,70,76,51,77.4,0,150,0,0,195,,75.7,51,77.3,0,
2025-07-13,08:20:00,cool,compressorCoolOff,,Home,76,70,75.6,52,77.4,0,0,0,0,0,,75.7,52,74,0,
2025-07-13,08:25:00,cool,compressorCoolOff,,Home,76,70,75.6,53,77.4,0,0,0,0,0,,75.9,53,74,0,
2025-07-13,08:30:00,cool,compressorCoolOff,,Home,76,70,75.6,53,77.9,0,0,0,0,0,,76.2,53,74,0,
2025-07-13,08:35:00,cool,compressorCoolOff,,Home,76,70,75.5,54,77.9,0,0,0,0,0,,76.3,54,74,0,
2025-07-13,08:40:00,cool,compressorCoolOff,,Home,76,70,75.4,54,77.9,0,0,0,0,0,,76.4,54,74,0,
2025-07-13,08:45:00,cool,compressorCoolOff,,Home,76,70,75.3,54,77.9,0,0,0,0,0,,76.6,54,74,0,
2025-07-13,08:50:00,cool,compressorCoolOff,,Home,76,70,75.3,54,77.9,0,0,0,0,0,,76.7,54,74,0,
2025-07-13,08:55:00,cool,compressorCoolOff,,Home,76,70,75.3,55,77.9,0,0,0,0,0,,76.7,55,74,0,
2025-07-13,09:00:00,cool,compressorCoolOff,,Home,76,70,76.2,55,78.6,0,0,0,0,0,,76.8,55,75.7,0,
2025-07-13,09:05:00,cool,compressorCoolOff,,Home,76,70,76.3,56,78.6,0,0,0,0,0,,76.9,56,75.8,0,
2025-07-13,09:10:00,cool,compressorCoolOff,,Home,76,70,76.5,56,78.6,0,240,0,0,240,,77,56,76.1,0,
2025-07-13,09:15:00,cool,compressorCoolStage1On,,Home,76,70,76.5,55,78.6,0,300,0,0,300,,76.9,55,76.2,0,
2025-07-13,09:20:00,cool,compressorCoolStage1On,,Home,76,70,76.2,54,78.6,0,300,0,0,300,,76.6,54,75.9,0,
2025-07-13,09:25:00,cool,compressorCoolStage1On,,Home,76,70,76.1,53,78.6,0,300,0,0,300,,76.4,53,75.8,0,
2025-07-13,09:30:00,cool,compressorCoolStage1On,,Home,76,70,76,53,78.6,0,30,0,0,75,,76.3,53,75.8,0,
2025-07-13,09:35:00,cool,compressorCoolOff,,Home,76,70,75.9,54,78.6,0,0,0,0,0,,76.3,54,75.6,0,
2025-07-13,09:40:00,cool,compressorCoolOff,,Home,76,70,75.8,54,78.6,0,0,0,0,0,,76.5,54,75.2,0,
2025-07-13,09:45:00,cool,compressorCoolOff,,Home,76,70,75.9,55,78.6,0,0,0,0,0,,76.6,55,75.3,0,
2025-07-13,09:50:00,cool,compressorCoolOff,,Home,76,70,76.4,55,78.6,0,240,0,0,240,,76.7,55,76.2,0,
2025-07-13,09:55:00,cool,compressorCoolStage1On,,Home,76,70,76.6,54,78.6,0,300,0,0,300,,76.7,54,76.5,0,
2025-07-13,10:00:00,cool,compressorCoolStage1On,,Home,76,70,76.3,52,80.9,0,300,0,0,300,,76.6,52,76.2,0,
2025-07-13,10:05:00,cool,compressorCoolStage1On,,Home,76,70,76,52,80.9,0,60,0,0,105,,76.3,52,75.7,0,
2025-07-13,10:10:00,cool,compressorCoolOff,,Home,76,70,75.9,53,80.9,0,0,0,0,0,,76.3,53,75.4,0,
2025-07-13,10:15:00,cool,compressorCoolOff,,Home,76,70,76,54,80.9,0,0,0,0,0,,76.5,54,75.6,0,
2025-07-13,10:20:00,cool,compressorCoolOff,,Home,76,70,76.3,54,80.9,0,135,0,0,135,,76.6,54,76,0,
2025-07-13,10:25:00,cool,compressorCoolStage1On,,Home,76,70,76.5,53,80.9,0,300,0,0,300,,76.7,53,76.4,0,
2025-07-13,10:30:00,cool,compressorCoolStage1On,,Home,76,70,76.3,52,80.9,0,300,0,0,300,,76.5,52,76.3,0,
2025-07-13,10:35:00,cool,compressorCoolStage1On,,Home,76,70,76,53,80.9,0,195,0,0,240,,76.1,53,75.9,0,
2025-07-13,10:40:00,cool,compressorCoolOff,,Home,76,70,75.7,53,80.9,0,0,0,0,0,,76,53,75.5,0,
2025-07-13,10:45:00,cool,compressorCoolOff,,Home,76,70,75.8,53,80.9,0,0,0,0,0,,76.2,53,75.4,0,
2025-07-13,10:50:00,cool,compressorCoolOff,,Home,76,70,75.9,53,80.9,0,0,0,0,0,,76.4,53,75.5,0,
2025-07-13,10:55:00,cool,compressorCoolOff,,Home,76,70,76.2,54,80.9,0,0,0,0,0,,76.5,54,75.9,0,
2025-07-13,11:00:00,cool,compressorCoolOff,,Home,76,70,76.3,54,82.3,0,0,0,0,0,,76.6,54,76.1,0,
2025-07-13,11:05:00,cool,compressorCoolOff,,Home,76,70,76.4,54,82.3,0,0,0,0,0,,76.7,54,76.2,0,
2025-07-13,11:10:00,cool,compressorCoolOff,,Home,76,70,76.4,55,82.3,0,210,0,0,210,,76.7,55,76.2,0,
2025-07-13,11:15:00,cool,compressorCoolStage1On,,Home,76,70,76.4,53,82.3,0,300,0,0,300,,76.7,53,76.2,0,
2025-07-13,11:20:00,cool,compressorCoolStage1On,,Home,76,70,76.3,52,82.3,0,300,0,0,300,,76.4,52,76.2,0,
2025-07-13,11:25:00,cool,compressorCoolStage1On,,Home,76,70,76,51,82.3,0,135,0,0,180,,76.1,51,75.9,0,
2025-07-13,11:30:00,cool,compressorCoolOff,,Home,76,70,75.6,52,82.3,0,0,0,0,0,,76,52,75.3,0,
2025-07-13,11:35:00,cool,compressorCoolOff,,Home,76,70,75.6,54,82.3,0,0,0,0,0,,76.2,54,75.2,0,
2025-07-13,11:40:00,cool,compressorCoolOff,,Home,76,70,75.8,54,82.3,0,0,0,0,0,,76.3,54,75.3,0,
2025-07-13,11:45:00,cool,compressorCoolOff,,Home,76,70,75.9,54,82.3,0,0,0,0,0,,76.4,54,75.5,0,
2025-07-13,11:50:00,cool,compressorCoolOff,,Home,76,70,76,54,82.3,0,0,0,0,0,,76.5,54,75.6,0,
2025-07-13,11:55:00,cool,compressorCoolOff,,Home,76,70,76.1,54,82.3,0,0,0,0,0,,76.6,54,75.7,0,
2025-07-13,12:00:00,cool,compressorCoolOff,,Home,76,70,76.2,54,82.9,0,0,0,0,0,,76.6,54,75.8,0,
2025-07-13,12:05:00,cool,compressorCoolOff,,Home,76,70,76.2,54,82.9,0,0,0,0,0,,76.6,54,75.8,0,
2025-07-13,12:10:00,cool,compressorCoolOff,,Home,76,70,76.3,55,82.9,0,0,0,0,0,,76.7,55,76,0,
2025-07-13,12:15:00,cool,compressorCoolOff,,Home,76,70,76.3,55,82.9,0,0,0,0,0,,76.7,55,76,0,
2025-07-13,12:20:00,cool,compressorCoolOff,,Home,76,70,76.4,55,82.9,0,0,0,0,0,,76.7,55,76.2,0,
2025-07-13,12:25:00,cool,compressorCoolOff,,Home,76,70,76.4,55,82.9,0,285,0,0,285,,76.6,55,76.3,0,
2025-07-13,12:30:00,cool,compressorCoolStage1On,,Home,76,70,76.3,53,82.9,0,300,0,0,300,,76.5,53,76.2,0,
2025-07-13,12:35:00,cool,compressorCoolStage1On,,Home,76,70,75.9,52,82.9,0,60,0,0,105,,76.2,52,75.7,0,
2025-07-13,12:40:00,cool,compressorCoolOff,,Home,76,70,75.7,53,82.9,0,0,0,0,0,,76.2,53,75.3,0,
2025-07-13,12:45:00,cool,compressorCoolOff,,Home,76,70,75.8,54,82.9,0,0,0,0,0,,76.3,54,75.3,0,
2025-07-13,12:50:00,cool,compressorCoolOff,,Home,76,70,75.9,54,82.9,0,0,0,0,0,,76.4,54,75.5,0,
2025-07-13,12:55:00,cool,compressorCoolOff,,Home,76,70,76,54,82.9,0,0,0,0,0,,76.5,54,75.6,0,
2025-07-13,13:00:00,cool,compressorCoolOff,,Home,76,70,76,54,84.2,0,0,0,0,0,,76.5,54,75.6,0,
2025-07-13,13:05:00,cool,compressorCoolOff,,Home,76,70,76.2,54,84.2,0,0,0,0,0,,76.6,54,75.8,0,
2025-07-13,13:10:00,cool,compressorCoolOff,,Home,76,70,76.2,55,84.2,0,0,0,0,0,,76.6,55,75.8,0,
2025-07-13,13:15:00,cool,compressorCoolOff,,Home,76,70,76.3,55,84.2,0,0,0,0,0,,76.6,55,76,0,
2025-07-13,13:20:00,cool,compressorCoolOff,,Home,76,70,76.3,55,84.2,0,0,0,0,0,,76.7,55,76,0,
2025-07-13,13:25:00,cool,compressorCoolOff,,Home,76,70,76.3,55,84.2,0,0,0,0,0,,76.7,55,76,0,
2025-07-13,13:30:00,cool,compressorCoolOff,,Home,76,70,76.3,56,84.2,0,0,0,0,0,,76.7,56,76,0,
2025-07-13,13:35:00,cool,compressorCoolOff,,Home,76,70,76.4,56,84.2,0,0,0,0,0,,76.8,56,76,0,
2025-07-13,13:40:00,cool,compressorCoolOff,,Home,76,70,76.5,57,84.2,0,165,0,0,165,,76.8,57,76.2,0,
2025-07-13,13:45:00,cool,compressorCoolStage1On,,Home,76,70,76.6,55,84.2,0,300,0,0,300,,76.8,55,76.4,0,
2025-07-13,13:50:00,cool,compressorCoolStage1On,,Home,76,70,76.4,53,84.2,0,300,0,0,300,,76.5,53,76.4,0,
2025-07-13,13:55:00,cool,compressorCoolStage1On,,Home,76,70,76.2,52,84.2,0,240,0,0,285,,76.2,52,76.1,0,
2025-07-13,14:00:00,cool,compressorCoolOff,,Home,76,70,75.6,52,85.8,0,0,0,0,0,,76,52,75.2,0,
2025-07-13,14:05:00,cool,compressorCoolOff,,Home,76,70,75.6,52,85.8,0,0,0,0,0,,76.1,52,75.1,0,
2025-07-13,14:10:00,cool,compressorCoolOff,,Home,76,70,75.6,52,85.8,0,0,0,0,0,,76.3,52,74.9,0,
2025-07-13,14:15:00,cool,compressorCoolOff,,Home,76,70,75.6,52,85.8,0,0,0,0,0,,76.4,52,74.9,0,
2025-07-13,14:20:00,cool,compressorCoolOff,,Home,76,70,75.8,53,85.8,0,0,0,0,0,,76.5,53,75.3,0,
2025-07-13,14:25:00,cool,compressorCoolOff,,Home,76,70,75.9,54,85.8,0,0,0,0,0,,76.5,54,75.4,0,
2025-07-13,14:30:00,cool,compressorCoolOff,,Home,76,70,76,54,84.5,0,0,0,0,0,,76.6,54,75.5,0,
2025-07-13,14:35:00,cool,compressorCoolOff,,Home,76,70,76.1,55,84.5,0,0,0,0,0,,76.6,55,75.6,0,
2025-07-13,14:40:00,cool,compressorCoolOff,,Home,76,70,76.2,55,84.5,0,0,0,0,0,,76.6,55,75.8,0,
2025-07-13,14:45:00,cool,compressorCoolOff,,Home,76,70,76.3,55,84.5,0,0,0,0,0,,76.7,55,76,0,
2025-07-13,14:50:00,cool,compressorCoolOff,,Home,76,70,76.3,55,84.5,0,0,0,0,0,,76.6,55,76,0,
2025-07-13,14:55:00,cool,compressorCoolOff,,Home,76,70,76.3,56,84.5,0,0,0,0,0,,76.6,56,76,0,
2025-07-13,15:00:00,cool,compressorCoolOff,,Home,76,70,76.4,57,85.1,0,75,0,0,75,,76.7,57,76.2,0,
2025-07-13,15:05:00,cool,compressorCoolStage1On,,Home,76,70,76.5,56,85.1,0,300,0,0,300,,76.8,56,76.2,0,
2025-07-13,15:10:00,cool,compressorCoolStage1On,,Home,76,70,76.3,53,85.1,0,300,0,0,300,,76.6,53,76,0,
2025-07-13,15:15:00,cool,compressorCoolStage1On,,Home,76,70,76,53,85.1,0,90,0,0,135,,76.3,53,75.7,0,
2025-07-13,15:20:00,cool,compressorCoolOff,,Home,76,70,75.7,53,85.1,0,0,0,0,0,,76.2,53,75.3,0,
2025-07-13,15:25:00,cool,compressorCoolOff,,Home,76,70,75.7,54,85.1,0,0,0,0,0,,76.4,54,75.2,0,
2025-07-13,15:30:00,cool,compressorCoolOff,,Home,76,70,75.9,54,85.1,0,0,0,0,0,,76.5,54,75.3,0,
2025-07-13,15:35:00,cool,compressorCoolOff,,Home,76,70,76.1,54,85.1,0,0,0,0,0,,76.6,54,75.6,0,
2025-07-13,15:40:00,cool,compressorCoolOff,,Home,76,70,76.2,54,85.1,0,0,0,0,0,,76.7,54,75.8,0,
2025-07-13,15:45:00,cool,compressorCoolOff,,Home,76,70,76.3,54,85.1,0,0,0,0,0,,76.8,54,75.8,0,
2025-07-13,15:50:00,cool,compressorCoolOff,,Home,76,70,76.4,55,85.1,0,0,0,0,0,,76.8,55,76,0,
2025-07-13,15:55:00,cool,compressorCoolOff,,Home,76,70,76.4,55,85.1,0,0,0,0,0,,76.9,55,76,0,
2025-07-13,16:00:00,cool,compressorCoolOff,,Home,76,70,76.4,55,84.9,0,270,0,0,270,,76.8,55,76.1,0,
2025-07-13,16:05:00,cool,compressorCoolStage1On,,Home,76,70,76.4,54,84.9,0,300,0,0,300,,76.6,54,76.2,0,
2025-07-13,16:10:00,cool,compressorCoolStage1On,,Home,76,70,76.1,52,84.9,0,105,0,0,150,,76.4,52,75.8,0,
2025-07-13,16:15:00,cool,compressorCoolOff,,Home,76,70,75.8,53,84.9,0,0,0,0,0,,76.4,53,75.3,0,
2025-07-13,16:20:00,cool,compressorCoolOff,,Home,76,70,75.8,54,84.9,0,0,0,0,0,,76.5,54,75.2,0,
2025-07-13,16:25:00,cool,compressorCoolOff,,Home,76,70,76,54,84.9,0,0,0,0,0,,76.6,54,75.4,0,
2025-07-13,16:30:00,cool,compressorCoolOff,,Home,76,70,76.1,54,84.9,0,0,0,0,0,,76.7,54,75.6,0,
2025-07-13,16:35:00,cool,compressorCoolOff,,Home,76,70,76.2,54,84.9,0,0,0,0,0,,76.8,54,75.6,0,
2025-07-13,16:40:00,cool,compressorCoolOff,,Home,76,70,76.4,54,84.9,0,0,0,0,0,,76.9,54,76,0,
2025-07-13,16:45:00,cool,compressorCoolStage1On,,Home,76,70,76.5,55,84.9,0,300,0,0,300,,76.9,55,76.2,0,
2025-07-13,16:50:00,cool,compressorCoolStage1On,,Home,76,70,76.5,53,84.9,0,300,0,0,300,,76.9,53,76.2,0,
2025-07-13,16:55:00,cool,compressorCoolStage1On,,Home,76,70,76.2,52,84.9,0,300,0,0,300,,76.6,52,75.8,0,
2025-07-13,17:00:00,cool,compressorCoolStage1On,,Home,76,70,75.9,51,85.3,0,75,0,0,120,,76.3,51,75.5,0,
2025-07-13,17:05:00,,,,,,,,,85.3,0,,,,,,,,,,
2025-07-13,17:10:00,,,,,,,,,85.3,0,,,,,,,,,,
2025-07-13,17:15:00,cool,compressorCoolOff,,Home,76,70,76.2,54,85.3,0,0,0,0,0,,76.7,54,75.8,0,
2025-07-13,17:20:00,cool,compressorCoolOff,,Home,76,70,76.4,54,85.3,0,45,0,0,45,,76.8,54,76,0,
2025-07-13,17:25:00,cool,compressorCoolStage1On,,Home,76,70,76.5,54,85.3,0,300,0,0,300,,76.9,54,76.2,0,
2025-07-13,17:30:00,,,,,,,,,84.6,0,,,,,,,,,,
2025-07-13,17:35:00,cool,compressorCoolStage1On,,Home,76,70,76.4,52,84.6,0,300,0,0,300,,76.7,52,76.2,0,
2025-07-13,17:40:00,cool,compressorCoolStage1On,,Home,76,70,76.1,51,84.6,0,240,0,0,285,,76.4,51,75.8,0,
2025-07-13,17:45:00,cool,compressorCoolOff,,Home,76,70,75.8,51,84.6,0,0,0,0,0,,76.2,51,75.4,0,
2025-07-13,17:50:00,,,,,,,,,84.6,0,,,,,,,,,,
2025-07-13,17:55:00,,,,,,,,,84.6,0,,,,,,,,,,
2025-07-13,18:00:00,cool,compressorCoolOff,,Home,76,70,76.1,54,84.9,0,0,0,0,0,,76.6,54,75.7,0,
2025-07-13,18:05:00,cool,compressorCoolOff,,Home,76,70,76.4,54,84.9,0,60,0,0,60,,76.7,54,76.2,0,
2025-07-13,18:10:00,cool,compressorCoolStage1On,,Home,76,70,76.5,54,84.9,0,300,0,0,300,,76.8,54,76.2,0,
2025-07-13,18:15:00,,,,,,,,,84.9,0,,,,,,,,,,
2025-07-13,18:20:00,cool,compressorCoolStage1On,,Home,76,70,76.4,52,84.9,0,300,0,0,300,,76.6,52,76.2,0,
2025-07-13,18:25:00,cool,compressorCoolStage1On,,Home,76,70,76.2,51,84.9,0,300,0,0,300,,76.4,51,76.2,0,
2025-07-13,18:30:00,cool,compressorCoolStage1On,,Home,76,70,75.6,51,84.2,0,45,0,0,90,,76.1,51,75.2,0,
2025-07-13,18:35:00,,,,,,,,,84.2,0,,,,,,,,,,
2025-07-13,18:40:00,,,,,,,,,84.2,0,,,,,,,,,,
2025-07-13,18:45:00,cool,compressorCoolOff,,Home,76,70,75.9,54,84.2,0,0,0,0,0,,76.4,54,75.4,0,
2025-07-13,18:50:00,cool,compressorCoolOff,,Home,76,70,76.1,54,84.2,0,0,0,0,0,,76.5,54,75.7,0,
2025-07-13,18:55:00,cool,compressorCoolOff,,Home,76,70,76.3,54,84.2,0,0,0,0,0,,76.6,54,76,0,
2025-07-13,19:00:00,cool,compressorCoolOff,,Home,76,70,76.4,54,84.2,0,30,0,0,30,,76.7,54,76,0,
2025-07-13,19:05:00,cool,compressorCoolStage1On,,Home,76,70,76.6,54,84.2,0,300,0,0,300,,76.8,54,76.4,0,
2025-07-13,19:10:00,cool,compressorCoolStage1On,,Home,76,70,76.5,53,84.2,0,300,0,0,300,,76.7,53,76.4,0,
2025-07-13,19:15:00,,,,,,,,,84.2,0,,,,,,,,,,
2025-07-13,19:20:00,cool,compressorCoolStage1On,,Home,76,70,76.4,51,84.2,0,300,0,0,300,,76.5,51,76.4,0,
2025-07-13,19:25:00,cool,compressorCoolStage1On,,Home,76,70,75.9,51,84.2,0,60,0,0,105,,76.2,51,75.6,0,
2025-07-13,19:30:00,cool,compressorCoolOff,,Home,76,70,75.6,52,84.2,0,0,0,0,0,,76.2,52,75.1,0,
2025-07-13,19:35:00,,,,,,,,,84.2,0,,,,,,,,,,
2025-07-13,19:40:00,,,,,,,,,84.2,0,,,,,,,,,,
2025-07-13,19:45:00,,,,,,,,,84.2,0,,,,,,,,,,
2025-07-13,19:50:00,cool,compressorCoolStage1On,,Home,76,70,76.5,54,84.2,0,300,0,0,300,,76.6,54,76.4,0,
2025-07-13,19:55:00,cool,compressorCoolStage1On,,Home,76,70,76.4,53,84.2,0,300,0,0,300,,76.5,53,76.3,0,
2025-07-13,20:00:00,cool,compressorCoolStage1On,,Home,76,70,76.1,51,81.5,0,300,0,0,300,,76.3,51,76,0,
2025-07-13,20:05:00,cool,compressorCoolStage1On,,Home,76,70,75.7,51,81.5,0,15,0,0,60,,76.1,51,75.4,0,
2025-07-13,20:10:00,cool,compressorCoolOff,,Home,76,70,75.6,52,81.5,0,0,0,0,0,,76.1,52,75.2,0,
2025-07-13,20:15:00,cool,compressorCoolOff,,Home,76,70,75.8,54,81.5,0,0,0,0,0,,76.3,54,75.4,0,
2025-07-13,20:20:00,,,,,,,,,81.5,0,,,,,,,,,,
2025-07-13,20:25:00,,,,,,,,,81.5,0,,,,,,,,,,
2025-07-13,20:30:00,,,,,,,,,81.5,0,,,,,,,,,,
2025-07-13,20:35:00,cool,compressorCoolStage1On,,Home,76,70,76.4,52,81.5,0,300,0,0,300,,76.5,52,76.4,0,
2025-07-13,20:40:00,cool,compressorCoolStage1On,,Home,76,70,76.2,51,81.5,0,270,0,0,300,,76.2,51,76.3,0,
2025-07-13,20:45:00,cool,compressorCoolOff,,Home,76,70,75.8,51,81.5,0,0,0,0,15,,75.9,51,75.8,0,
2025-07-13,20:50:00,,,,,,,,,81.5,0,,,,,,,,,,
2025-07-13,20:55:00,,,,,,,,,81.5,0,,,,,,,,,,
2025-07-13,21:00:00,cool,compressorCoolOff,,Home,76,70,76.3,54,79.8,0,0,0,0,0,,76.3,54,76.3,0,
2025-07-13,21:05:00,cool,compressorCoolOff,,Home,76,70,76.5,54,79.8,0,210,0,0,210,,76.4,54,76.7,0,
2025-07-13,21:10:00,cool,compressorCoolStage1On,,Home,76,70,76.6,53,79.8,0,300,0,0,300,,76.4,53,76.8,0,
2025-07-13,21:15:00,,,,,,,,,79.8,0,,,,,,,,,,
2025-07-13,21:20:00,cool,compressorCoolStage1On,,Home,76,70,76.4,51,79.8,0,300,0,0,300,,76.2,51,76.5,0,
2025-07-13,21:25:00,cool,compressorCoolStage1On,,Home,76,70,76.1,51,79.8,0,225,0,0,270,,76,51,76.2,0,
2025-07-13,21:30:00,cool,compressorCoolOff,,Home,76,70,75.7,51,79.8,0,0,0,0,0,,75.8,51,75.7,0,
2025-07-13,21:35:00,,,,,,,,,79.8,0,,,,,,,,,,
2025-07-13,21:40:00,,,,,,,,,79.8,0,,,,,,,,,,
2025-07-13,21:45:00,cool,compressorCoolOff,,Home,76,70,76.1,54,79.8,0,0,0,0,0,,76,54,76.3,0,
2025-07-13,21:50:00,cool,compressorCoolOff,,Home,76,70,76.3,55,79.8,0,0,0,0,0,,76.1,55,76.6,0,
2025-07-13,21:55:00,cool,compressorCoolOff,,Home,76,70,76.4,55,79.8,0,0,0,0,0,,76.1,55,76.7,0,
2025-07-13,22:00:00,cool,compressorCoolOff,,Home,76,70,76.4,55,78.8,0,120,0,0,120,,76.2,55,76.7,0,
2025-07-13,22:05:00,cool,compressorCoolStage1On,,Home,76,70,76.5,54,78.8,0,300,0,0,300,,76.2,54,76.8,0,
2025-07-13,22:10:00,cool,compressorCoolStage1On,,Home,76,70,76.2,54,78.8,0,300,0,0,300,,75.9,54,76.6,0,
2025-07-13,22:15:00,cool,compressorCoolOff,,Home,76,70,75.9,54,78.8,0,0,0,0,45,,75.6,54,76.3,0,
2025-07-13,22:20:00,cool,compressorCoolOff,,Home,76,70,75.7,54,78.8,0,0,0,0,0,,75.6,54,75.8,0,
2025-07-13,22:25:00,cool,compressorCoolOff,,Home,76,70,75.9,54,78.8,0,0,0,0,0,,75.8,54,76,0,
2025-07-13,22:30:00,cool,compressorCoolOff,,Home,76,70,75.9,54,77.9,0,0,0,0,0,,75.9,54,76.1,0,
2025-07-13,22:35:00,cool,compressorCoolOff,,Home,76,70,76.1,54,77.9,0,0,0,0,0,,75.9,54,76.3,0,
2025-07-13,22:40:00,cool,compressorCoolOff,,Home,76,70,76.2,55,77.9,0,0,0,0,0,,76,55,76.4,0,
2025-07-13,22:45:00,cool,compressorCoolOff,,Home,76,70,76.2,55,77.9,0,0,0,0,0,,76,55,76.5,0,
2025-07-13,22:50:00,cool,compressorCoolOff,,Home,76,70,76.2,55,77.9,0,0,0,0,0,,76,55,76.5,0,
2025-07-13,22:55:00,cool,compressorCoolOff,,Home,76,70,76.4,55,77.9,0,0,0,0,0,,76.2,55,76.7,0,
2025-07-13,23:00:00,cool,compressorCoolOff,,Home,76,70,76.4,55,77.7,0,285,0,0,285,,76.2,55,76.7,0,
2025-07-13,23:05:00,cool,compressorCoolStage1On,,Home,76,70,76.3,54,77.7,0,300,0,0,300,,76.1,54,76.6,0,
2025-07-13,23:10:00,cool,compressorCoolStage1On,,Home,76,70,76.1,52,77.7,0,285,0,0,300,,75.9,52,76.3,0,
2025-07-13,23:15:00,cool,compressorCoolOff,,Home,76,70,75.7,52,77.7,0,0,0,0,30,,75.8,52,75.6,0,
2025-07-13,23:20:00,cool,compressorCoolOff,,Home,76,70,75.5,53,77.7,0,0,0,0,0,,75.9,53,75.2,0,
2025-07-13,23:25:00,cool,compressorCoolOff,,Home,76,70,75.6,54,77.7,0,0,0,0,0,,75.9,54,75.3,0,
2025-07-13,23:30:00,cool,compressorCoolOff,,Home,76,70,75.7,54,77.5,0,0,0,0,0,,76,54,75.5,0,
2025-07-13,23:35:00,cool,compressorCoolOff,,Home,76,70,75.8,54,77.5,0,0,0,0,0,,76.1,54,75.6,0,
2025-07-13,23:40:00,cool,compressorCoolOff,,Home,76,70,75.9,54,77.5,0,0,0,0,0,,76.2,54,75.7,0,
2025-07-13,23:45:00,cool,compressorCoolOff,,Home,76,70,76,55,77.5,0,0,0,0,0,,76.2,55,75.8,0,
2025-07-13,23:50:00,cool,compressorCoolOff,,Home,76,70,76,55,77.5,0,0,0,0,0,,76.3,55,75.8,0,
2025-07-13,23:55:00,cool,compressorCoolOff,,Home,77.9,62.4,76.1,55,77.5,0,0,0,0,0,,76.3,55,76,0,
2025-07-14,00:00:00,cool,compressorCoolOff,,Sleep,78,62,76.2,55,77.3,0,0,0,0,0,,76.4,55,76,0,
2025-07-14,00:05:00,cool,compressorCoolOff,,Sleep,78,62,76.2,55,77.3,0,0,0,0,0,,76.4,55,76,0,
2025-07-14,00:10:00,cool,compressorCoolOff,,Sleep,78,62,76.3,55,77.3,0,0,0,0,0,,76.5,55,76.2,0,
2025-07-14,00:15:00,cool,compressorCoolOff,,Sleep,78,62,76.3,55,77.3,0,0,0,0,0,,76.5,55,76.2,0,
2025-07-14,00:20:00,cool,compressorCoolOff,,Sleep,78,62,76.3,55,77.3,0,0,0,0,0,,76.5,55,76.2,0,
2025-07-14,00:25:00,cool,compressorCoolOff,,Sleep,78,62,76.4,55,77.3,0,0,0,0,0,,76.6,55,76.2,0,
2025-07-14,00:30:00,cool,compressorCoolOff,,Sleep,78,62,76.4,55,77.3,0,0,0,0,0,,76.6,55,76.3,0,
2025-07-14,00:35:00,cool,compressorCoolOff,,Sleep,78,62,76.5,55,77.3,0,0,0,0,0,,76.6,55,76.4,0,
2025-07-14,00:40:00,cool,compressorCoolOff,,Sleep,78,62,76.5,55,77.3,0,0,0,0,0,,76.7,55,76.4,0,
2025-07-14,00:45:00,cool,compressorCoolOff,,Sleep,78,62,76.5,57,77.3,0,0,0,0,0,,76.6,57,76.4,0,
2025-07-14,00:50:00,cool,compressorCoolOff,,Sleep,78,62,76.5,57,77.3,0,0,0,0,0,,76.6,57,76.4,0,
2025-07-14,00:55:00,cool,compressorCoolOff,,Sleep,78,62,76.5,57,77.3,0,0,0,0,0,,76.6,57,76.4,0,
2025-07-14,01:00:00,cool,compressorCoolOff,,Sleep,78,62,76.5,57,76.5,0,0,0,0,0,,76.7,57,76.4,0,
2025-07-14,01:05:00,cool,compressorCoolOff,,Sleep,78,62,76.5,57,76.5,0,0,0,0,0,,76.7,57,76.4,0,
2025-07-14,01:10:00,cool,compressorCoolOff,,Sleep,78,62,76.5,57,76.5,0,0,0,0,0,,76.6,57,76.4,0,
2025-07-14,01:15:00,cool,compressorCoolOff,,Sleep,78,62,76.5,57,76.5,0,0,0,0,0,,76.7,57,76.4,0,
2025-07-14,01:20:00,cool,compressorCoolOff,,Sleep,78,62,76.5,57,76.5,0,0,0,0,0,,76.7,57,76.4,0,
2025-07-14,01:25:00,cool,compressorCoolOff,,Sleep,78,62,76.5,57,76.5,0,0,0,0,0,,76.7,57,76.4,0,
2025-07-14,01:30:00,cool,compressorCoolOff,,Sleep,78,62,76.6,57,76.5,0,0,0,0,0,,76.8,57,76.4,0,
2025-07-14,01:35:00,cool,compressorCoolOff,,Sleep,78,62,76.6,57,76.5,0,0,0,0,0,,76.9,57,76.4,0,
2025-07-14,01:40:00,cool,compressorCoolOff,,Sleep,78,62,76.6,57,76.5,0,0,0,0,0,,76.9,57,76.4,0,
2025-07-14,01:45:00,cool,compressorCoolOff,,Sleep,78,62,76.7,57,76.5,0,0,0,0,0,,76.9,57,76.5,0,
2025-07-14,01:50:00,cool,compressorCoolOff,,Sleep,78,62,76.7,57,76.5,0,0,0,0,0,,77,57,76.5,0,
2025-07-14,01:55:00,cool,compressorCoolOff,,Sleep,78,62,76.7,57,76.5,0,0,0,0,0,,77,57,76.5,0,
2025-07-14,02:00:00,cool,compressorCoolOff,,Sleep,78,62,76.7,57,75.6,0,0,0,0,0,,77,57,76.5,0,
2025-07-14,02:05:00,cool,compressorCoolOff,,Sleep,78,62,76.7,57,75.6,0,0,0,0,0,,77,57,76.5,0,
2025-07-14,02:10:00,cool,compressorCoolOff,,Sleep,78,62,76.7,57,75.6,0,0,0,0,0,,77,57,76.5,0,
2025-07-14,02:15:00,cool,compressorCoolOff,,Sleep,78,62,76.7,57,75.6,0,0,0,0,0,,77,57,76.5,0,
2025-07-14,02:20:00,cool,compressorCoolOff,,Sleep,78,62,76.8,57,75.6,0,0,0,0,0,,77.1,57,76.5,0,
2025-07-14,02:25:00,cool,compressorCoolOff,,Sleep,78,62,76.8,57,75.6,0,0,0,0,0,,77.1,57,76.5,0,
2025-07-14,02:30:00,cool,compressorCoolOff,,Sleep,78,62,76.7,57,75.6,0,0,0,0,0,,77,57,76.5,0,
2025-07-14,02:35:00,cool,compressorCoolOff,,Sleep,78,62,76.7,57,75.6,0,0,0,0,0,,77,57,76.5,0,
2025-07-14,02:40:00,cool,compressorCoolOff,,Sleep,78,62,76.7,58,75.6,0,0,0,0,0,,77,58,76.5,0,
2025-07-14,02:45:00,cool,compressorCoolOff,,Sleep,78,62,76.7,58,75.6,0,0,0,0,0,,77,58,76.5,0,
2025-07-14,02:50:00,cool,compressorCoolOff,,Sleep,78,62,76.7,58,75.6,0,0,0,0,0,,77,58,76.5,0,
2025-07-14,02:55:00,cool,compressorCoolOff,,Sleep,78,62,76.7,58,75.6,0,0,0,0,0,,77,58,76.5,0,
2025-07-14,03:00:00,cool,compressorCoolOff,,Sleep,78,62,76.7,58,75,0,0,0,0,0,,77,58,76.5,0,
2025-07-14,03:05:00,cool,compressorCoolOff,,Sleep,78,62,76.8,58,75,0,0,0,0,0,,77.1,58,76.5,0,
2025-07-14,03:10:00,cool,compressorCoolOff,,Sleep,78,62,76.8,58,75,0,0,0,0,0,,77.1,58,76.5,0,
2025-07-14,03:15:00,cool,compressorCoolOff,,Sleep,78,62,76.8,58,75,0,0,0,0,0,,77.1,58,76.5,0,
2025-07-14,03:20:00,cool,compressorCoolOff,,Sleep,78,62,76.8,58,75,0,0,0,0,0,,77.1,58,76.5,0,
2025-07-14,03:25:00,cool,compressorCoolOff,,Sleep,78,62,76.8,58,75,0,0,0,0,0,,77.1,58,76.5,0,
2025-07-14,03:30:00,cool,compressorCoolOff,,Sleep,78,62,76.8,58,74.4,0,0,0,0,0,,77.1,58,76.5,0,
2025-07-14,03:35:00,cool,compressorCoolOff,,Sleep,78,62,76.8,58,74.4,0,0,0,0,0,,77.1,58,76.5,0,
2025-07-14,03:40:00,cool,compressorCoolOff,,Sleep,78,62,76.8,58,74.4,0,0,0,0,0,,77.2,58,76.5,0,
2025-07-14,03:45:00,cool,compressorCoolOff,,Sleep,78,62,76.8,58,74.4,0,0,0,0,0,,77.2,58,76.5,0,
2025-07-14,03:50:00,cool,compressorCoolOff,,Sleep,78,62,76.8,58,74.4,0,0,0,0,0,,77.2,58,76.5,0,
2025-07-14,03:55:00,cool,compressorCoolOff,,Sleep,78,62,76.8,58,74.4,0,0,0,0,0,,77.2,58,76.5,0,
2025-07-14,04:00:00,cool,compressorCoolOff,,Sleep,78,62,76.8,58,74.3,0,0,0,0,0,,77.1,58,76.5,0,
2025-07-14,04:05:00,cool,compressorCoolOff,,Sleep,78,62,76.8,58,74.3,0,0,0,0,0,,77.1,58,76.5,0,
2025-07-14,04:10:00,cool,compressorCoolOff,,Sleep,78,62,76.8,58,74.3,0,0,0,0,0,,77.2,58,76.5,0,
2025-07-14,04:15:00,cool,compressorCoolOff,,Sleep,78,62,76.8,58,74.3,0,0,0,0,0,,77.2,58,76.5,0,
2025-07-14,04:20:00,cool,compressorCoolOff,,Sleep,78,62,76.8,58,74.3,0,0,0,0,0,,77.2,58,76.5,0,
2025-07-14,04:25:00,cool,compressorCoolOff,,Sleep,78,62,76.8,58,74.3,0,0,0,0,0,,77.2,58,76.5,0,
2025-07-14,04:30:00,cool,compressorCoolOff,,Sleep,78,62,76.8,58,74.3,0,0,0,0,0,,77.1,58,76.5,0,
2025-07-14,04:35:00,cool,compressorCoolOff,,Sleep,78,62,76.8,58,74.3,0,0,0,0,0,,77.1,58,76.6,0,
2025-07-14,04:40:00,cool,compressorCoolOff,,Sleep,78,62,76.9,58,74.3,0,0,0,0,0,,77.1,58,76.7,0,
2025-07-14,04:45:00,cool,compressorCoolOff,,Sleep,78,62,76.9,59,74.3,0,0,0,0,0,,77.1,59,76.7,0,
2025-07-14,04:50:00,cool,compressorCoolOff,,Sleep,78,62,76.9,59,74.3,0,0,0,0,0,,77.1,59,76.7,0,
2025-07-14,04:55:00,cool,compressorCoolOff,,Sleep,78,62,76.9,59,74.3,0,0,0,0,0,,77.2,59,76.7,0,
2025-07-14,05:00:00,cool,compressorCoolOff,,Sleep,78,62,76.9,59,73.8,0,0,0,0,0,,77.2,59,76.7,0,
2025-07-14,05:05:00,cool,compressorCoolOff,,Sleep,78,62,76.9,59,73.8,0,0,0,0,0,,77.2,59,76.7,0,
2025-07-14,05:10:00,cool,compressorCoolOff,,Sleep,78,62,76.9,59,73.8,0,0,0,0,0,,77.2,59,76.7,0,
2025-07-14,05:15:00,cool,compressorCoolOff,,Sleep,78,62,76.9,59,73.8,0,0,0,0,0,,77.2,59,76.7,0,
2025-07-14,05:20:00,cool,compressorCoolOff,,Sleep,78,62,76.9,59,73.8,0,0,0,0,0,,77.2,59,76.7,0,
2025-07-14,05:25:00,cool,compressorCoolOff,,Sleep,78,62,76.9,59,73.8,0,0,0,0,0,,77.2,59,76.7,0,
2025-07-14,05:30:00,cool,compressorCoolOff,,Sleep,78,62,76.9,59,73.8,0,0,0,0,0,,77.2,59,76.7,0,
2025-07-14,05:35:00,cool,compressorCoolOff,,Sleep,78,62,76.9,59,73.8,0,0,0,0,0,,77.2,59,76.7,0,
2025-07-14,05:40:00,cool,compressorCoolOff,,Sleep,78,62,76.9,59,73.8,0,0,0,0,0,,77.2,59,76.7,0,
2025-07-14,05:45:00,cool,compressorCoolOff,,Sleep,78,62,76.9,59,73.8,0,0,0,0,0,,77.2,59,76.7,0,
2025-07-14,05:50:00,cool,compressorCoolOff,,Sleep,78,62,76.9,59,73.8,0,0,0,0,0,,77.2,59,76.7,0,
2025-07-14,05:55:00,cool,compressorCoolOff,,Sleep,78,62,76.9,59,73.8,0,0,0,0,0,,77.2,59,76.7,0,
2025-07-14,06:00:00,cool,compressorCoolOff,,Sleep,78,62,76.9,59,73.4,0,0,0,0,0,,77.2,59,76.7,0,
2025-07-14,06:05:00,cool,compressorCoolOff,,Sleep,78,62,76.9,59,73.4,0,0,0,0,0,,77.2,59,76.7,0,
2025-07-14,06:10:00,cool,compressorCoolOff,,Sleep,78,62,76.9,59,73.4,0,0,0,0,0,,77.2,59,76.7,0,
2025-07-14,06:15:00,cool,compressorCoolOff,,Sleep,78,62,76.9,59,73.4,0,0,0,0,0,,77.2,59,76.7,0,
2025-07-14,06:20:00,cool,compressorCoolOff,,Sleep,78,62,76.9,59,73.4,0,0,0,0,0,,77.2,59,76.7,0,
2025-07-14,06:25:00,cool,compressorCoolOff,,Sleep,78,62,76.9,58,73.4,0,0,0,0,0,,77.2,58,76.7,0,
2025-07-14,06:30:00,cool,compressorCoolOff,,Sleep,78,62,76.9,58,73.4,0,0,0,0,0,,77.2,58,76.7,0,
2025-07-14,06:35:00,cool,compressorCoolOff,,Sleep,78,62,76.9,58,73.4,0,0,0,0,0,,77.1,58,76.7,0,
2025-07-14,06:40:00,cool,compressorCoolOff,,Sleep,78,62,76.9,59,73.4,0,0,0,0,0,,77.1,59,76.7,0,
2025-07-14,06:45:00,cool,compressorCoolOff,,Sleep,78,62,76.9,59,73.4,0,0,0,0,0,,77.2,59,76.7,0,
2025-07-14,06:50:00,cool,compressorCoolOff,,Sleep,78,62,76.9,59,73.4,0,0,0,0,0,,77.2,59,76.7,0,
2025-07-14,06:55:00,cool,compressorCoolOff,,Sleep,78,62,76.9,59,73.4,0,0,0,0,0,,77.2,59,76.7,0,
2025-07-14,07:00:00,cool,compressorCoolOff,,Sleep,78,62,76.9,59,74.6,0,0,0,0,0,,77.2,59,76.7,0,
2025-07-14,07:05:00,cool,compressorCoolOff,,Sleep,78,62,76.9,59,74.6,0,0,0,0,0,,77.2,59,76.7,0,
2025-07-14,07:10:00,cool,compressorCoolOff,,Sleep,78,62,76.9,59,74.6,0,0,0,0,0,,77.2,59,76.7,0,
2025-07-14,07:15:00,cool,compressorCoolOff,,Sleep,78,62,76.9,59,74.6,0,0,0,0,0,,77.2,59,76.7,0,
2025-07-14,07:20:00,cool,compressorCoolOff,,Sleep,78,62,76.9,59,74.6,0,0,0,0,0,,77.2,59,76.8,0,
2025-07-14,07:25:00,cool,compressorCoolOff,,Sleep,78,62,77,59,74.6,0,0,0,0,0,,77.2,59,76.9,0,
2025-07-14,07:30:00,cool,compressorCoolOff,,Sleep,78,62,77.1,59,75.4,0,0,0,0,0,,77.3,59,76.9,0,
2025-07-14,07:35:00,cool,compressorCoolOff,,Sleep,78,62,77.1,59,75.4,0,255,0,0,255,,77.3,59,76.9,0,
2025-07-14,07:40:00,cool,compressorCoolStage1On,(SmartRecovery),Sleep,78,62,76.9,57,75.4,0,300,0,0,300,,77.2,57,76.8,0,
2025-07-14,07:45:00,cool,compressorCoolStage1On,(SmartRecovery),Sleep,78,62,76.6,55,75.4,0,300,0,0,300,,76.9,55,76.4,0,
2025-07-14,07:50:00,cool,compressorCoolStage1On,(SmartRecovery),Sleep,78,62,76.5,54,75.4,0,300,0,0,300,,76.6,54,76.4,0,
2025-07-14,07:55:00,cool,compressorCoolStage1On,(SmartRecovery),Sleep,76.1,69.6,75.8,54,75.4,0,30,0,0,75,,76.3,54,75.3,0,
2025-07-14,08:00:00,cool,compressorCoolOff,,Home,76,70,75.7,54,76.3,0,0,0,0,0,,76.3,54,75.1,0,
2025-07-14,08:05:00,cool,compressorCoolOff,,Home,76,70,75.7,55,76.3,0,0,0,0,0,,76.5,55,75.1,0,
2025-07-14,08:10:00,cool,compressorCoolOff,,Home,76,70,75.8,56,76.3,0,0,0,0,0,,76.6,56,75.1,0,
2025-07-14,08:15:00,cool,compressorCoolOff,,Home,76,70,76,57,76.3,0,0,0,0,0,,76.7,57,75.3,0,
2025-07-14,08:20:00,cool,compressorCoolOff,,Home,76,70,76.1,57,76.3,0,0,0,0,0,,76.8,57,75.4,0,
2025-07-14,08:25:00,cool,compressorCoolOff,,Home,76,70,76.2,56,76.3,0,0,0,0,0,,76.8,56,75.6,0,
2025-07-14,08:30:00,cool,compressorCoolOff,,Home,76,70,76.2,56,76.3,0,0,0,0,0,,76.9,56,75.6,0,
2025-07-14,08:35:00,cool,compressorCoolOff,,Home,76,70,76.2,56,76.3,0,0,0,0,0,,76.9,56,75.6,0,
2025-07-14,08:40:00,cool,compressorCoolOff,,Home,76,70,76.4,58,76.3,0,0,0,0,0,,77,58,75.8,0,
2025-07-14,08:45:00,cool,compressorCoolOff,,Home,76,70,76.4,58,76.3,0,0,0,0,0,,77,58,75.8,0,
2025-07-14,08:50:00,cool,compressorCoolOff,,Home,76,70,76.4,58,76.3,0,0,0,0,0,,77,58,75.8,0,
2025-07-14,08:55:00,cool,compressorCoolOff,,Home,76,70,76.5,57,76.3,0,240,0,0,240,,77.1,57,76.1,0,
2025-07-14,09:00:00,cool,compressorCoolStage1On,,Home,76,70,76.5,56,78.3,0,300,0,0,300,,77,56,76.2,0,
2025-07-14,09:05:00,cool,compressorCoolStage1On,,Home,76,70,76.3,54,78.3,0,300,0,0,300,,76.7,54,75.9,0,
2025-07-14,09:10:00,cool,compressorCoolStage1On,,Home,76,70,75.9,54,78.3,0,135,0,0,180,,76.4,54,75.4,0,
2025-07-14,09:15:00,cool,compressorCoolOff,,Home,76,70,75.7,54,78.3,0,0,0,0,0,,76.3,54,75.1,0,
2025-07-14,09:20:00,cool,compressorCoolOff,,Home,76,70,75.7,55,78.3,0,0,0,0,0,,76.4,55,75.1,0,
2025-07-14,09:25:00,cool,compressorCoolOff,,Home,76,70,75.9,55,78.3,0,0,0,0,0,,76.5,55,75.2,0,
2025-07-14,09:30:00,cool,compressorCoolOff,,Home,76,70,76,55,78.3,0,0,0,0,0,,76.7,55,75.4,0,
2025-07-14,09:35:00,cool,compressorCoolOff,,Home,76,70,76.2,56,78.3,0,0,0,0,0,,76.7,56,75.8,0,
2025-07-14,09:40:00,cool,compressorCoolOff,,Home,76,70,76.3,56,78.3,0,0,0,0,0,,76.8,56,75.8,0,
2025-07-14,09:45:00,cool,compressorCoolOff,,Home,76,70,76.4,56,78.3,0,270,0,0,270,,76.9,56,76.1,0,
2025-07-14,09:50:00,cool,compressorCoolStage1On,,Home,76,70,76.4,54,78.3,0,300,0,0,300,,76.8,54,76.2,0,
2025-07-14,09:55:00,cool,compressorCoolStage1On,,Home,76,70,76.1,53,78.3,0,150,0,0,195,,76.5,53,75.8,0,
2025-07-14,10:00:00,cool,compressorCoolOff,,Home,76,70,76,53,80.3,0,0,0,0,0,,76.4,53,75.6,0,
2025-07-14,10:05:00,cool,compressorCoolOff,,Home,76,70,75.9,54,80.3,0,0,0,0,0,,76.5,54,75.4,0,
2025-07-14,10:10:00,cool,compressorCoolOff,,Home,76,70,75.9,55,80.3,0,0,0,0,0,,76.6,55,75.2,0,
2025-07-14,10:15:00,cool,compressorCoolOff,,Home,76,70,75.9,55,80.3,0,0,0,0,0,,76.7,55,75.2,0,
2025-07-14,10:20:00,cool,compressorCoolOff,,Home,76,70,76,56,80.3,0,0,0,0,0,,76.8,56,75.2,0,
2025-07-14,10:25:00,cool,compressorCoolOff,,Home,76,70,76.2,56,80.3,0,0,0,0,0,,76.9,56,75.6,0,
2025-07-14,10:30:00,cool,compressorCoolOff,,Home,76,70,76.2,56,82.1,0,0,0,0,0,,76.9,56,75.6,0,
2025-07-14,10:35:00,cool,compressorCoolOff,,Home,76,70,76.4,56,82.1,0,210,0,0,210,,76.9,56,75.9,0,
2025-07-14,10:40:00,cool,compressorCoolStage1On,,Home,76,70,76.4,55,82.1,0,300,0,0,300,,76.9,55,76,0,
2025-07-14,10:45:00,cool,compressorCoolStage1On,,Home,76,70,76.2,53,82.1,0,300,0,0,300,,76.7,53,75.7,0,
2025-07-14,10:50:00,cool,compressorCoolStage1On,,Home,76,70,75.7,52,82.1,0,30,0,0,75,,76.4,52,75.1,0,
2025-07-14,10:55:00,cool,compressorCoolOff,,Home,76,70,75.6,54,82.1,0,0,0,0,0,,76.4,54,74.9,0,
2025-07-14,11:00:00,cool,compressorCoolOff,,Home,76,70,75.7,55,82.9,0,0,0,0,0,,76.5,55,74.9,0,
2025-07-14,11:05:00,cool,compressorCoolOff,,Home,76,70,75.8,55,82.9,0,0,0,0,0,,76.7,55,74.9,0,
2025-07-14,11:10:00,cool,compressorCoolOff,,Home,76,70,75.8,55,82.9,0,0,0,0,0,,76.8,55,74.9,0,
2025-07-14,11:15:00,cool,compressorCoolOff,,Home,76,70,76,55,82.9,0,0,0,0,0,,76.8,55,75.2,0,
2025-07-14,11:20:00,cool,compressorCoolOff,,Home,76,70,76,56,82.9,0,0,0,0,0,,76.9,56,75.2,0,
2025-07-14,11:25:00,cool,compressorCoolOff,,Home,76,70,76.2,56,82.9,0,0,0,0,0,,76.9,56,75.6,0,
2025-07-14,11:30:00,cool,compressorCoolOff,,Home,76,70,76.2,56,83.8,0,0,0,0,0,,76.9,56,75.6,0,
2025-07-14,11:35:00,cool,compressorCoolOff,,Home,76,70,76.2,56,83.8,0,0,0,0,0,,76.9,56,75.7,0,
2025-07-14,11:40:00,cool,compressorCoolOff,,Home,76,70,76.3,56,83.8,0,0,0,0,0,,76.9,56,75.8,0,
2025-07-14,11:45:00,cool,compressorCoolOff,,Home,76,70,76.4,58,83.8,0,195,0,0,195,,77,58,75.9,0,
2025-07-14,11:50:00,cool,compressorCoolStage1On,,Home,76,70,76.4,56,83.8,0,300,0,0,300,,76.9,56,75.9,0,
2025-07-14,11:55:00,cool,compressorCoolStage1On,,Home,76,70,76.1,54,83.8,0,240,0,0,285,,76.8,54,75.6,0,
2025-07-14,12:00:00,cool,compressorCoolOff,,Home,76,70,75.8,53,84.7,0,0,0,0,0,,76.6,53,75.2,0,
2025-07-14,12:05:00,cool,compressorCoolOff,,Home,76,70,75.8,55,84.7,0,0,0,0,0,,76.7,55,74.9,0,
2025-07-14,12:10:00,cool,compressorCoolOff,,Home,76,70,75.9,55,84.7,0,0,0,0,0,,76.8,55,75.1,0,
2025-07-14,12:15:00,cool,compressorCoolOff,,Home,76,70,76,55,84.7,0,0,0,0,0,,76.9,55,75.2,0,
2025-07-14,12:20:00,cool,compressorCoolOff,,Home,76,70,76.2,56,84.7,0,0,0,0,0,,77,56,75.4,0,
2025-07-14,12:25:00,cool,compressorCoolOff,,Home,76,70,76.2,56,84.7,0,0,0,0,0,,77.1,56,75.5,0,
2025-07-14,12:30:00,cool,compressorCoolOff,,Home,76,70,76.3,56,85.7,0,0,0,0,0,,77.1,56,75.7,0,
2025-07-14,12:35:00,cool,compressorCoolOff,,Home,76,70,76.4,56,85.7,0,0,0,0,0,,77.1,56,75.8,0,
2025-07-14,12:40:00,cool,compressorCoolOff,,Home,76,70,76.4,56,85.7,0,150,0,0,150,,77.1,56,75.9,0,
2025-07-14,12:45:00,cool,compressorCoolStage1On,,Home,76,70,76.6,55,85.7,0,300,0,0,300,,77.2,55,76,0,
2025-07-14,12:50:00,cool,compressorCoolStage1On,,Home,76,70,76.3,54,85.7,0,300,0,0,300,,77,54,75.7,0,
2025-07-14,12:55:00,cool,compressorCoolStage1On,,Home,76,70,76,52,85.7,0,150,0,0,195,,76.7,52,75.4,0,
2025-07-14,13:00:00,cool,compressorCoolOff,,Home,76,70,75.9,53,86.3,0,0,0,0,0,,76.6,53,75.3,0,
2025-07-14,13:05:00,cool,compressorCoolOff,,Home,76,70,75.8,55,86.3,0,0,0,0,0,,76.7,55,74.9,0,
2025-07-14,13:10:00,cool,compressorCoolOff,,Home,76,70,75.9,55,86.3,0,0,0,0,0,,76.9,55,74.9,0,
2025-07-14,13:15:00,cool,compressorCoolOff,,Home,76,70,76,55,86.3,0,0,0,0,0,,76.9,55,75.3,0,
2025-07-14,13:20:00,cool,compressorCoolOff,,Home,76,70,76.2,56,86.3,0,0,0,0,0,,77,56,75.4,0,
2025-07-14,13:25:00,cool,compressorCoolOff,,Home,76,70,76.2,56,86.3,0,0,0,0,0,,77.1,56,75.4,0,
2025-07-14,13:30:00,cool,compressorCoolOff,,Home,76,70,76.4,57,86.3,0,165,0,0,165,,77.2,57,75.7,0,
2025-07-14,13:35:00,cool,compressorCoolStage1On,,Home,76,70,76.5,56,86.3,0,300,0,0,300,,77.2,56,76,0,
2025-07-14,13:40:00,cool,compressorCoolStage1On,,Home,76,70,76.3,54,86.3,0,300,0,0,300,,76.9,54,75.8,0,
2025-07-14,13:45:00,cool,compressorCoolStage1On,,Home,76,70,76,53,86.3,0,225,0,0,270,,76.6,53,75.6,0,
2025-07-14,13:50:00,cool,compressorCoolOff,,Home,76,70,75.9,54,86.3,0,0,0,0,0,,76.4,54,75.5,0,
2025-07-14,13:55:00,cool,compressorCoolOff,,Home,76,70,75.6,54,86.3,0,0,0,0,0,,76.5,54,74.9,0,
2025-07-14,14:00:00,cool,compressorCoolOff,,Home,76,70,75.9,55,87,0,0,0,0,0,,76.7,55,75.2,0,
2025-07-14,14:05:00,cool,compressorCoolOff,,Home,76,70,76,55,87,0,0,0,0,0,,76.8,55,75.3,0,
2025-07-14,14:10:00,cool,compressorCoolOff,,Home,76,70,76.2,55,87,0,0,0,0,0,,77,55,75.4,0,
2025-07-14,14:15:00,cool,compressorCoolOff,,Home,76,70,76.4,55,87,0,225,0,0,225,,77.2,55,75.7,0,
2025-07-14,14:20:00,cool,compressorCoolStage1On,,Home,76,70,76.4,55,87,0,300,0,0,300,,77,55,75.8,0,
2025-07-14,14:25:00,cool,compressorCoolStage1On,,Home,76,70,76.2,54,87,0,300,0,0,300,,76.7,54,75.8,0,
2025-07-14,14:30:00,cool,compressorCoolStage1On,,Home,76,70,76,53,87,0,180,0,0,225,,76.3,53,75.8,0,
2025-07-14,14:35:00,cool,compressorCoolOff,,Home,76,70,75.8,53,87,0,0,0,0,0,,76.2,53,75.4,0,
2025-07-14,14:40:00,cool,compressorCoolOff,,Home,76,70,75.5,54,87,0,0,0,0,0,,76.4,54,74.7,0,
2025-07-14,14:45:00,cool,compressorCoolOff,,Home,76,70,75.7,55,87,0,0,0,0,0,,76.6,55,74.9,0,
2025-07-14,14:50:00,cool,compressorCoolOff,,Home,76,70,75.9,55,87,0,0,0,0,0,,76.7,55,75.2,0,
2025-07-14,14:55:00,cool,compressorCoolOff,,Home,76,70,76.2,55,87,0,0,0,0,0,,76.9,55,75.5,0,
2025-07-14,15:00:00,cool,compressorCoolOff,,Home,76,70,76.4,55,84.6,0,75,0,0,75,,77.1,55,75.7,0,
2025-07-14,15:05:00,cool,compressorCoolStage1On,,Home,76,70,76.4,54,84.6,0,300,0,0,300,,77.1,54,75.8,0,
2025-07-14,15:10:00,cool,compressorCoolStage1On,,Home,76,70,76.2,53,84.6,0,300,0,0,300,,76.9,53,75.6,0,
2025-07-14,15:15:00,cool,compressorCoolStage1On,,Home,76,70,75.9,52,84.6,0,150,0,0,195,,76.5,52,75.4,0,
2025-07-14,15:20:00,cool,compressorCoolOff,,Home,76,70,75.6,52,84.6,0,0,0,0,0,,76.3,52,75,0,
2025-07-14,15:25:00,cool,compressorCoolOff,,Home,76,70,75.6,53,84.6,0,0,0,0,0,,76.4,53,74.9,0,
2025-07-14,15:30:00,cool,compressorCoolOff,,Home,76,70,75.8,54,84.6,0,0,0,0,0,,76.6,54,75.1,0,
2025-07-14,15:35:00,cool,compressorCoolOff,,Home,76,70,75.9,55,84.6,0,0,0,0,0,,76.7,55,75.2,0,
2025-07-14,15:40:00,cool,compressorCoolOff,,Home,76,70,76.1,55,84.6,0,0,0,0,0,,76.9,55,75.4,0,
2025-07-14,15:45:00,cool,compressorCoolOff,,Home,76,70,76.3,56,84.6,0,0,0,0,0,,77,56,75.6,0,
2025-07-14,15:50:00,cool,compressorCoolOff,,Home,76,70,76.3,56,84.6,0,0,0,0,0,,77.1,56,75.6,0,
2025-07-14,15:55:00,cool,compressorCoolOff,,Home,76,70,76.5,56,84.6,0,240,0,0,240,,77.1,56,75.9,0,
2025-07-14,16:00:00,cool,compressorCoolStage1On,,Home,76,70,76.4,54,84.8,0,300,0,0,300,,77,54,76,0,
2025-07-14,16:05:00,cool,compressorCoolStage1On,,Home,76,70,76.2,53,84.8,0,300,0,0,300,,76.7,53,75.7,0,
2025-07-14,16:10:00,cool,compressorCoolStage1On,,Home,76,70,75.8,52,84.8,0,45,0,0,90,,76.4,52,75.3,0,
2025-07-14,16:15:00,cool,compressorCoolOff,,Home,76,70,75.7,53,84.8,0,0,0,0,0,,76.4,53,75.1,0,
2025-07-14,16:20:00,cool,compressorCoolOff,,Home,76,70,75.8,54,84.8,0,0,0,0,0,,76.6,54,75.1,0,
2025-07-14,16:25:00,cool,compressorCoolOff,,Home,76,70,76,54,84.8,0,0,0,0,0,,76.8,54,75.2,0,
2025-07-14,16:30:00,cool,compressorCoolOff,,Home,76,70,76,54,85.5,0,0,0,0,0,,76.9,54,75.2,0,
2025-07-14,16:35:00,cool,compressorCoolOff,,Home,76,70,76.3,54,85.5,0,0,0,0,0,,77,54,75.6,0,
2025-07-14,16:40:00,cool,compressorCoolOff,,Home,76,70,76.4,54,85.5,0,285,0,0,285,,77,54,75.9,0,
2025-07-14,16:45:00,cool,compressorCoolStage1On,,Home,76,70,76.4,53,85.5,0,300,0,0,300,,76.9,53,76,0,
2025-07-14,16:50:00,cool,compressorCoolStage1On,,Home,76,70,76.2,52,85.5,0,300,0,0,300,,76.5,52,76,0,
2025-07-14,16:55:00,cool,compressorCoolStage1On,,Home,76,70,75.8,53,85.5,0,105,0,0,150,,76.1,53,75.4,0,
2025-07-14,17:00:00,cool,compressorCoolOff,,Home,76,70,75.6,53,85.2,0,0,0,0,0,,76,53,75.2,0,
2025-07-14,17:05:00,cool,compressorCoolOff,,Home,76,70,75.6,54,85.2,0,0,0,0,0,,76.2,54,75.2,0,
2025-07-14,17:10:00,cool,compressorCoolOff,,Home,76,70,75.8,54,85.2,0,0,0,0,0,,76.4,54,75.3,0,
2025-07-14,17:15:00,cool,compressorCoolOff,,Home,76,70,76,54,85.2,0,0,0,0,0,,76.5,54,75.6,0,
2025-07-14,17:20:00,cool,compressorCoolOff,,Home,76,70,76.1,54,85.2,0,0,0,0,0,,76.6,54,75.6,0,
2025-07-14,17:25:00,cool,compressorCoolOff,,Home,76,70,76.4,55,85.2,0,195,0,0,195,,76.7,55,76.2,0,
2025-07-14,17:30:00,cool,compressorCoolStage1On,,Home,76,70,76.4,53,85.2,0,300,0,0,300,,76.7,53,76.2,0,
2025-07-14,17:35:00,cool,compressorCoolStage1On,,Home,76,70,76.3,52,85.2,0,300,0,0,300,,76.5,52,76.2,0,
2025-07-14,17:40:00,cool,compressorCoolStage1On,,Home,76,70,76.1,51,85.2,0,300,0,0,300,,76.1,51,76.2,0,
2025-07-14,17:45:00,cool,compressorCoolStage1On,,Home,76,70,75.6,51,85.2,0,15,0,0,60,,75.8,51,75.5,0,
2025-07-14,17:50:00,cool,compressorCoolOff,,Home,76,70,75.5,52,85.2,0,0,0,0,0,,75.9,52,75.2,0,
2025-07-14,17:55:00,cool,compressorCoolOff,,Home,76,70,75.6,51,85.2,0,0,0,0,0,,76.1,51,75.2,0,
2025-07-14,18:00:00,cool,compressorCoolOff,,Home,76,70,75.8,51,83.6,0,0,0,0,0,,76.3,51,75.4,0,
2025-07-14,18:05:00,cool,compressorCoolOff,,Home,76,70,76.1,52,83.6,0,0,0,0,0,,76.4,52,75.8,0,
2025-07-14,18:10:00,cool,compressorCoolOff,,Home,76,70,76,53,83.6,0,0,0,0,0,,76.3,53,75.8,0,
2025-07-14,18:15:00,cool,compressorCoolOff,,Home,76,70,76.2,54,83.6,0,0,0,0,0,,76.3,54,76.2,0,
2025-07-14,18:20:00,cool,compressorCoolOff,,Home,76,70,76.4,54,83.6,0,0,0,0,0,,76.4,54,76.4,0,
2025-07-14,18:25:00,cool,compressorCoolOff,,Home,76,70,76.4,55,83.6,0,0,0,0,0,,76.5,55,76.4,0,
2025-07-14,18:30:00,cool,compressorCoolOff,,Home,76,70,76.4,55,83.6,0,45,0,0,45,,76.5,55,76.4,0,
2025-07-14,18:35:00,cool,compressorCoolStage1On,,Home,76,70,76.5,54,83.6,0,300,0,0,300,,76.6,54,76.4,0,
2025-07-14,18:40:00,cool,compressorCoolStage1On,,Home,76,70,76.3,52,83.6,0,300,0,0,300,,76.4,52,76.3,0,
2025-07-14,18:45:00,cool,compressorCoolStage1On,,Home,76,70,76.1,51,83.6,0,270,0,0,300,,76.1,51,76.2,0,
2025-07-14,18:50:00,cool,compressorCoolOff,,Home,76,70,75.8,51,83.6,0,0,0,0,15,,75.8,51,75.9,0,
2025-07-14,18:55:00,cool,compressorCoolOff,,Home,76,70,75.5,52,83.6,0,0,0,0,0,,75.8,52,75.2,0,
2025-07-14,19:00:00,cool,compressorCoolOff,,Home,76,70,75.6,52,83.6,0,0,0,0,0,,76,52,75.2,0,
2025-07-14,19:05:00,cool,compressorCoolOff,,Home,76,70,75.8,52,83.6,0,0,0,0,0,,76.2,52,75.4,0,
2025-07-14,19:10:00,cool,compressorCoolOff,,Home,76,70,75.8,52,83.6,0,0,0,0,0,,76.3,52,75.4,0,
2025-07-14,19:15:00,cool,compressorCoolOff,,Home,76,70,75.9,53,83.6,0,0,0,0,0,,76.3,53,75.5,0,
2025-07-14,19:20:00,cool,compressorCoolOff,,Home,76,70,76,54,83.6,0,0,0,0,0,,76.4,54,75.6,0,
2025-07-14,19:25:00,cool,compressorCoolOff,,Home,76,70,76.1,54,83.6,0,0,0,0,0,,76.4,54,75.8,0,
2025-07-14,19:30:00,cool,compressorCoolOff,,Home,76,70,76.2,54,83.6,0,0,0,0,0,,76.5,54,76,0,
2025-07-14,19:35:00,cool,compressorCoolOff,,Home,76,70,76.2,55,83.6,0,0,0,0,0,,76.5,55,76,0,
2025-07-14,19:40:00,cool,compressorCoolOff,,Home,76,70,76.3,55,83.6,0,0,0,0,0,,76.6,55,76,0,
2025-07-14,19:45:00,cool,compressorCoolOff,,Home,76,70,76.3,55,83.6,0,0,0,0,0,,76.6,55,76,0,
2025-07-14,19:50:00,cool,compressorCoolOff,,Home,76,70,76.4,55,83.6,0,0,0,0,0,,76.7,55,76.2,0,
2025-07-14,19:55:00,cool,compressorCoolOff,,Home,76,70,76.4,55,83.6,0,30,0,0,30,,76.7,55,76.2,0,
2025-07-14,20:00:00,,,,,,,,,78.4,0,,,,,,,,,,
2025-07-14,20:05:00,,,,,,,,,78.4,0,,,,,,,,,,
2025-07-14,20:10:00,cool,heatOff,,Home,76,70,84.9,40,78.4,0,0,0,0,0,,84.9,40,,,
2025-07-14,20:15:00,cool,heatOff,,Home,76,70,80.4,45,78.4,0,0,0,0,0,,80.4,45,76,0,
2025-07-14,20:20:00,cool,heatOff,,Home,76,70,76.2,53,78.4,0,0,0,0,0,,76.3,53,76,0,
2025-07-14,20:25:00,cool,heatOff,,Home,76,70,76.2,54,78.4,0,0,0,0,0,,76.3,54,76,0,
2025-07-14,20:30:00,cool,heatOff,,Home,76,70,76.2,55,78.4,0,0,0,0,0,,76.3,55,76.2,0,
2025-07-14,20:35:00,cool,heatOff,,Home,76,70,76.3,57,78.4,0,0,0,0,0,,76.4,57,76.3,0,
2025-07-14,20:40:00,cool,heatOff,,Home,76,70,76.3,57,78.4,0,0,0,0,0,,76.4,57,76.4,0,
2025-07-14,20:45:00,cool,heatOff,,Home,76,70,76.3,56,78.4,0,0,0,0,0,,76.4,56,76.4,0,
2025-07-14,20:50:00,cool,heatOff,,Home,76,70,76.4,56,78.4,0,0,0,0,0,,76.4,56,76.4,0,
2025-07-14,20:55:00,cool,heatOff,,Home,76,70,76.4,56,78.4,0,0,0,0,0,,76.4,56,76.4,0,
2025-07-14,21:00:00,cool,heatOff,,Home,76,70,76.4,58,77.2,0,0,0,0,0,,76.5,58,76.4,0,
2025-07-14,21:05:00,cool,heatOff,,Home,76,70,76.4,58,77.2,0,105,0,0,105,,76.4,58,76.4,0,
2025-07-14,21:10:00,cool,compressorCoolStage1On,,Home,76,70,76.4,56,77.2,0,300,0,0,300,,76.4,56,76.4,0,
2025-07-14,21:15:00,cool,compressorCoolStage1On,,Home,76,70,76.3,54,77.2,0,300,0,0,300,,76.3,54,76.4,0,
2025-07-14,21:20:00,cool,compressorCoolStage1On,,Home,76,70,76.2,52,77.2,0,300,0,0,300,,76.1,52,76.4,0,
2025-07-14,21:25:00,cool,compressorCoolStage1On,,Home,76,70,76.1,51,77.2,0,300,0,0,300,,75.8,51,76.4,0,
2025-07-14,21:30:00,cool,compressorCoolStage1On,,Home,76,70,76,51,77.2,0,15,0,0,60,,75.7,51,76.4,0,
2025-07-14,21:35:00,cool,compressorCoolOff,,Home,76,70,75.3,52,77.2,0,0,0,0,0,,75.7,52,74.9,0,
2025-07-14,21:40:00,cool,compressorCoolOff,,Home,76,70,75.4,52,77.2,0,0,0,0,0,,75.9,52,75,0,
2025-07-14,21:45:00,cool,compressorCoolOff,,Home,76,70,75.5,52,77.2,0,0,0,0,0,,76.1,52,75.1,0,
2025-07-14,21:50:00,cool,compressorCoolOff,,Home,76,70,75.6,52,77.2,0,0,0,0,0,,76.2,52,75.1,0,
2025-07-14,21:55:00,cool,compressorCoolOff,,Home,76,70,75.7,54,77.2,0,0,0,0,0,,76.3,54,75.1,0,
2025-07-14,22:00:00,cool,compressorCoolOff,,Home,76,70,75.8,54,76.1,0,0,0,0,0,,76.4,54,75.4,0,
2025-07-14,22:05:00,cool,compressorCoolOff,,Home,76,70,76.2,54,76.1,0,0,0,0,0,,76.4,54,76,0,
2025-07-14,22:10:00,cool,compressorCoolOff,,Home,76,70,76.2,55,76.1,0,0,0,0,0,,76.4,55,76,0,
2025-07-14,22:15:00,cool,compressorCoolOff,,Home,76,70,76.3,55,76.1,0,0,0,0,0,,76.5,55,76.2,0,
2025-07-14,22:20:00,cool,compressorCoolOff,,Home,76,70,76.4,55,76.1,0,0,0,0,0,,76.5,55,76.4,0,
2025-07-14,22:25:00,cool,compressorCoolOff,,Home,76,70,76.4,55,76.1,0,90,0,0,90,,76.5,55,76.4,0,
2025-07-14,22:30:00,cool,compressorCoolStage1On,,Home,76,70,76.5,54,76.1,0,300,0,0,300,,76.5,54,76.4,0,
2025-07-14,22:35:00,cool,compressorCoolStage1On,,Home,76,70,76.4,52,76.1,0,300,0,0,300,,76.4,52,76.5,0,
2025-07-14,22:40:00,cool,compressorCoolStage1On,,Home,76,70,76.2,51,76.1,0,300,0,0,300,,76,51,76.5,0,
2025-07-14,22:45:00,cool,compressorCoolStage1On,,Home,76,70,75.7,51,76.1,0,165,0,0,210,,75.7,51,75.8,0,
2025-07-14,22:50:00,cool,compressorCoolOff,,Home,76,70,75.3,51,76.1,0,0,0,0,0,,75.5,51,75.1,0,
2025-07-14,22:55:00,cool,compressorCoolOff,,Home,76,70,75.4,51,76.1,0,0,0,0,0,,75.7,51,75.1,0,
2025-07-14,23:00:00,cool,compressorCoolOff,,Home,76,70,75.5,51,75.5,0,0,0,0,0,,75.9,51,75.1,0,
2025-07-14,23:05:00,cool,compressorCoolOff,,Home,76,70,75.6,52,75.5,0,0,0,0,0,,76,52,75.2,0,
2025-07-14,23:10:00,cool,compressorCoolOff,,Home,76,70,75.6,52,75.5,0,0,0,0,0,,76.1,52,75.2,0,
2025-07-14,23:15:00,cool,compressorCoolOff,,Home,76,70,75.7,53,75.5,0,0,0,0,0,,76.2,53,75.2,0,
2025-07-14,23:20:00,cool,compressorCoolOff,,Home,76,70,75.8,54,75.5,0,0,0,0,0,,76.2,54,75.5,0,
2025-07-14,23:25:00,cool,compressorCoolOff,,Home,76,70,75.9,54,75.5,0,0,0,0,0,,76.3,54,75.6,0,
2025-07-14,23:30:00,cool,compressorCoolOff,,Home,76,70,75.9,54,74.4,0,0,0,0,0,,76.3,54,75.6,0,
2025-07-14,23:35:00,cool,compressorCoolOff,,Home,76,70,75.9,54,74.4,0,0,0,0,0,,76.3,54,75.6,0,
2025-07-14,23:40:00,cool,compressorCoolOff,,Home,76,70,76,54,74.4,0,0,0,0,0,,76.4,54,75.7,0,
2025-07-14,23:45:00,cool,compressorCoolOff,,Home,76,70,76.1,55,74.4,0,0,0,0,0,,76.4,55,75.8,0,
2025-07-14,23:50:00,cool,compressorCoolOff,,Home,76,70,76.1,55,74.4,0,0,0,0,0,,76.4,55,75.8,0,
2025-07-14,23:55:00,cool,compressorCoolOff,,Home,76.9,66.4,76.1,55,74.4,0,0,0,0,0,,76.4,55,75.8,0,
2025-07-15,00:00:00,cool,compressorCoolOff,,Sleep,78,62,76.1,55,74.4,0,0,0,0,0,,76.4,55,75.8,0,
2025-07-15,00:05:00,cool,compressorCoolOff,,Sleep,78,62,76.2,55,74.4,0,0,0,0,0,,76.5,55,76,0,
2025-07-15,00:10:00,cool,compressorCoolOff,,Sleep,78,62,76.2,55,74.4,0,0,0,0,0,,76.5,55,76,0,
2025-07-15,00:15:00,cool,compressorCoolOff,,Sleep,78,62,76.2,55,74.4,0,0,0,0,0,,76.5,55,76,0,
2025-07-15,00:20:00,cool,compressorCoolOff,,Sleep,78,62,76.2,55,74.4,0,0,0,0,0,,76.5,55,76,0,
2025-07-15,00:25:00,cool,compressorCoolOff,,Sleep,78,62,76.3,55,74.4,0,0,0,0,0,,76.6,55,76,0,
2025-07-15,00:30:00,cool,compressorCoolOff,,Sleep,78,62,76.3,56,74.4,0,0,0,0,0,,76.6,56,76,0,
2025-07-15,00:35:00,cool,compressorCoolOff,,Sleep,78,62,76.3,57,74.4,0,0,0,0,0,,76.6,57,76,0,
2025-07-15,00:40:00,cool,compressorCoolOff,,Sleep,78,62,76.4,57,74.4,0,0,0,0,0,,76.7,57,76.2,0,
2025-07-15,00:45:00,cool,compressorCoolOff,,Sleep,78,62,76.4,57,74.4,0,0,0,0,0,,76.7,57,76.2,0,
2025-07-15,00:50:00,cool,compressorCoolOff,,Sleep,78,62,76.4,57,74.4,0,0,0,0,0,,76.7,57,76.2,0,
2025-07-15,00:55:00,cool,compressorCoolOff,,Sleep,78,62,76.4,57,74.4,0,0,0,0,0,,76.7,57,76.2,0,
2025-07-15,01:00:00,cool,compressorCoolOff,,Sleep,78,62,76.4,57,74,0,0,0,0,0,,76.7,57,76.2,0,
2025-07-15,01:05:00,cool,compressorCoolOff,,Sleep,78,62,76.5,57,74,0,0,0,0,0,,76.8,57,76.2,0,
2025-07-15,01:10:00,cool,compressorCoolOff,,Sleep,78,62,76.5,57,74,0,0,0,0,0,,76.8,57,76.2,0,
2025-07-15,01:15:00,cool,compressorCoolOff,,Sleep,78,62,76.5,57,74,0,0,0,0,0,,76.8,57,76.2,0,
2025-07-15,01:20:00,cool,compressorCoolOff,,Sleep,78,62,76.5,57,74,0,0,0,0,0,,76.9,57,76.2,0,
2025-07-15,01:25:00,cool,compressorCoolOff,,Sleep,78,62,76.5,57,74,0,0,0,0,0,,76.8,57,76.2,0,
2025-07-15,01:30:00,cool,compressorCoolOff,,Sleep,78,62,76.5,57,74,0,0,0,0,0,,76.8,57,76.2,0,
2025-07-15,01:35:00,cool,compressorCoolOff,,Sleep,78,62,76.5,58,74,0,0,0,0,0,,76.8,58,76.2,0,
2025-07-15,01:40:00,cool,compressorCoolOff,,Sleep,78,62,76.5,58,74,0,0,0,0,0,,76.8,58,76.2,0,
2025-07-15,01:45:00,cool,compressorCoolOff,,Sleep,78,62,76.6,58,74,0,0,0,0,0,,76.8,58,76.4,0,
2025-07-15,01:50:00,cool,compressorCoolOff,,Sleep,78,62,76.6,58,74,0,0,0,0,0,,76.8,58,76.4,0,
2025-07-15,01:55:00,cool,compressorCoolOff,,Sleep,78,62,76.6,58,74,0,0,0,0,0,,76.8,58,76.4,0,
2025-07-15,02:00:00,cool,compressorCoolOff,,Sleep,78,62,76.6,58,73.5,0,0,0,0,0,,76.8,58,76.4,0,
2025-07-15,02:05:00,cool,compressorCoolOff,,Sleep,78,62,76.6,58,73.5,0,0,0,0,0,,76.9,58,76.4,0,
2025-07-15,02:10:00,cool,compressorCoolOff,,Sleep,78,62,76.6,58,73.5,0,0,0,0,0,,76.9,58,76.4,0,
2025-07-15,02:15:00,cool,compressorCoolOff,,Sleep,78,62,76.6,58,73.5,0,0,0,0,0,,76.9,58,76.4,0,
2025-07-15,02:20:00,cool,compressorCoolOff,,Sleep,78,62,76.6,58,73.5,0,0,0,0,0,,76.9,58,76.4,0,
2025-07-15,02:25:00,cool,compressorCoolOff,,Sleep,78,62,76.6,57,73.5,0,0,0,0,0,,76.8,57,76.4,0,
2025-07-15,02:30:00,cool,compressorCoolOff,,Sleep,78,62,76.6,57,73.5,0,0,0,0,0,,76.8,57,76.4,0,
2025-07-15,02:35:00,cool,compressorCoolOff,,Sleep,78,62,76.6,58,73.5,0,0,0,0,0,,76.8,58,76.4,0,
2025-07-15,02:40:00,cool,compressorCoolOff,,Sleep,78,62,76.6,58,73.5,0,0,0,0,0,,76.8,58,76.4,0,
2025-07-15,02:45:00,cool,compressorCoolOff,,Sleep,78,62,76.6,58,73.5,0,0,0,0,0,,76.8,58,76.4,0,
2025-07-15,02:50:00,cool,compressorCoolOff,,Sleep,78,62,76.6,58,73.5,0,0,0,0,0,,76.8,58,76.4,0,
2025-07-15,02:55:00,cool,compressorCoolOff,,Sleep,78,62,76.6,58,73.5,0,0,0,0,0,,76.8,58,76.4,0,
2025-07-15,03:00:00,cool,compressorCoolOff,,Sleep,78,62,76.6,58,73.4,0,0,0,0,0,,76.9,58,76.4,0,
2025-07-15,03:05:00,cool,compressorCoolOff,,Sleep,78,62,76.6,58,73.4,0,0,0,0,0,,76.9,58,76.4,0,
2025-07-15,03:10:00,cool,compressorCoolOff,,Sleep,78,62,76.6,58,73.4,0,0,0,0,0,,76.9,58,76.4,0,
2025-07-15,03:15:00,cool,compressorCoolOff,,Sleep,78,62,76.6,58,73.4,0,0,0,0,0,,76.9,58,76.4,0,
2025-07-15,03:20:00,cool,compressorCoolOff,,Sleep,78,62,76.6,58,73.4,0,0,0,0,0,,76.9,58,76.4,0,
2025-07-15,03:25:00,cool,compressorCoolOff,,Sleep,78,62,76.6,58,73.4,0,0,0,0,0,,76.9,58,76.4,0,
2025-07-15,03:30:00,cool,compressorCoolOff,,Sleep,78,62,76.6,58,71.8,0,0,0,0,0,,76.9,58,76.4,0,
2025-07-15,03:35:00,cool,compressorCoolOff,,Sleep,78,62,76.6,58,71.8,0,0,0,0,0,,76.9,58,76.4,0,
2025-07-15,03:40:00,cool,compressorCoolOff,,Sleep,78,62,76.6,58,71.8,0,0,0,0,0,,76.9,58,76.4,0,
2025-07-15,03:45:00,cool,compressorCoolOff,,Sleep,78,62,76.6,58,71.8,0,0,0,0,0,,76.9,58,76.4,0,
2025-07-15,03:50:00,cool,compressorCoolOff,,Sleep,78,62,76.6,58,71.8,0,0,0,0,0,,76.9,58,76.4,0,
2025-07-15,03:55:00,cool,compressorCoolOff,,Sleep,78,62,76.6,58,71.8,0,0,0,0,0,,76.9,58,76.4,0,
2025-07-15,04:00:00,cool,compressorCoolOff,,Sleep,78,62,76.7,58,71.6,0,0,0,0,0,,77,58,76.4,0,
2025-07-15,04:05:00,cool,compressorCoolOff,,Sleep,78,62,76.7,58,71.6,0,0,0,0,0,,77,58,76.4,0,
2025-07-15,04:10:00,cool,compressorCoolOff,,Sleep,78,62,76.7,58,71.6,0,0,0,0,0,,77,58,76.4,0,
2025-07-15,04:15:00,cool,compressorCoolOff,,Sleep,78,62,76.6,58,71.6,0,0,0,0,0,,76.9,58,76.4,0,
2025-07-15,04:20:00,cool,compressorCoolOff,,Sleep,78,62,76.6,58,71.6,0,0,0,0,0,,76.9,58,76.4,0,
2025-07-15,04:25:00,cool,compressorCoolOff,,Sleep,78,62,76.6,58,71.6,0,0,0,0,0,,76.9,58,76.4,0,
2025-07-15,04:30:00,cool,compressorCoolOff,,Sleep,78,62,76.6,59,71.6,0,0,0,0,0,,76.9,59,76.4,0,
2025-07-15,04:35:00,cool,compressorCoolOff,,Sleep,78,62,76.6,59,71.6,0,0,0,0,0,,76.9,59,76.4,0,
2025-07-15,04:40:00,cool,compressorCoolOff,,Sleep,78,62,76.6,59,71.6,0,0,0,0,0,,76.9,59,76.4,0,
2025-07-15,04:45:00,cool,compressorCoolOff,,Sleep,78,62,76.6,59,71.6,0,0,0,0,0,,76.9,59,76.4,0,
2025-07-15,04:50:00,cool,compressorCoolOff,,Sleep,78,62,76.6,59,71.6,0,0,0,0,0,,76.9,59,76.4,0,
2025-07-15,04:55:00,cool,compressorCoolOff,,Sleep,78,62,76.6,59,71.6,0,0,0,0,0,,76.9,59,76.4,0,
2025-07-15,05:00:00,cool,compressorCoolOff,,Sleep,78,62,76.6,59,71.7,0,0,0,0,0,,76.9,59,76.4,0,
2025-07-15,05:05:00,cool,compressorCoolOff,,Sleep,78,62,76.6,59,71.7,0,0,0,0,0,,76.9,59,76.4,0,
2025-07-15,05:10:00,cool,compressorCoolOff,,Sleep,78,62,76.6,59,71.7,0,0,0,0,0,,76.9,59,76.4,0,
2025-07-15,05:15:00,cool,compressorCoolOff,,Sleep,78,62,76.6,59,71.7,0,0,0,0,0,,76.9,59,76.4,0,
2025-07-15,05:20:00,cool,compressorCoolOff,,Sleep,78,62,76.6,59,71.7,0,0,0,0,0,,76.9,59,76.4,0,
2025-07-15,05:25:00,cool,compressorCoolOff,,Sleep,78,62,76.6,59,71.7,0,0,0,0,0,,76.9,59,76.4,0,
2025-07-15,05:30:00,cool,compressorCoolOff,,Sleep,78,62,76.6,59,71.7,0,0,0,0,0,,76.9,59,76.4,0,
2025-07-15,05:35:00,cool,compressorCoolOff,,Sleep,78,62,76.6,59,71.7,0,0,0,0,0,,76.9,59,76.4,0,
2025-07-15,05:40:00,cool,compressorCoolOff,,Sleep,78,62,76.7,59,71.7,0,0,0,0,0,,77,59,76.4,0,
2025-07-15,05:45:00,cool,compressorCoolOff,,Sleep,78,62,76.7,59,71.7,0,0,0,0,0,,77,59,76.4,0,
2025-07-15,05:50:00,cool,compressorCoolOff,,Sleep,78,62,76.7,59,71.7,0,0,0,0,0,,77,59,76.4,0,
2025-07-15,05:55:00,cool,compressorCoolOff,,Sleep,78,62,76.7,59,71.7,0,0,0,0,0,,77,59,76.4,0,
2025-07-15,06:00:00,cool,compressorCoolOff,,Sleep,78,62,76.7,59,71.6,0,0,0,0,0,,77,59,76.4,0,
2025-07-15,06:05:00,cool,compressorCoolOff,,Sleep,78,62,76.7,59,71.6,0,0,0,0,0,,77,59,76.4,0,
2025-07-15,06:10:00,cool,compressorCoolOff,,Sleep,78,62,76.7,59,71.6,0,0,0,0,0,,77,59,76.4,0,
2025-07-15,06:15:00,cool,compressorCoolOff,,Sleep,78,62,76.7,59,71.6,0,0,0,0,0,,77,59,76.4,0,
2025-07-15,06:20:00,cool,compressorCoolOff,,Sleep,78,62,76.7,59,71.6,0,0,0,0,0,,77,59,76.4,0,
2025-07-15,06:25:00,cool,compressorCoolOff,,Sleep,78,62,76.7,59,71.6,0,0,0,0,0,,77,59,76.4,0,
2025-07-15,06:30:00,cool,compressorCoolOff,,Sleep,78,62,76.7,59,72.4,0,0,0,0,0,,77,59,76.4,0,
2025-07-15,06:35:00,cool,compressorCoolOff,,Sleep,78,62,76.7,59,72.4,0,0,0,0,0,,77,59,76.4,0,
2025-07-15,06:40:00,cool,compressorCoolOff,,Sleep,78,62,76.7,59,72.4,0,0,0,0,0,,77,59,76.4,0,
2025-07-15,06:45:00,cool,compressorCoolOff,,Sleep,78,62,76.7,59,72.4,0,0,0,0,0,,77,59,76.4,0,
2025-07-15,06:50:00,cool,compressorCoolOff,,Sleep,78,62,76.7,59,72.4,0,0,0,0,0,,77,59,76.4,0,
2025-07-15,06:55:00,cool,compressorCoolOff,,Sleep,78,62,76.7,59,72.4,0,0,0,0,0,,77.1,59,76.4,0,
2025-07-15,07:00:00,cool,compressorCoolOff,,Sleep,78,62,76.7,59,73.1,0,0,0,0,0,,77.1,59,76.4,0,
2025-07-15,07:05:00,cool,compressorCoolOff,,Sleep,78,62,76.7,59,73.1,0,0,0,0,0,,77.1,59,76.4,0,
2025-07-15,07:10:00,cool,compressorCoolOff,,Sleep,78,62,76.7,59,73.1,0,0,0,0,0,,77.1,59,76.4,0,
2025-07-15,07:15:00,cool,compressorCoolOff,,Sleep,78,62,76.7,59,73.1,0,0,0,0,0,,77.1,59,76.4,0,
2025-07-15,07:20:00,cool,compressorCoolOff,,Sleep,78,62,76.7,59,73.1,0,0,0,0,0,,77.1,59,76.4,0,
2025-07-15,07:25:00,cool,compressorCoolOff,,Sleep,78,62,76.7,59,73.1,0,0,0,0,0,,77.1,59,76.4,0,
2025-07-15,07:30:00,cool,compressorCoolOff,,Sleep,78,62,76.7,59,74,0,0,0,0,0,,77.1,59,76.4,0,
2025-07-15,07:35:00,cool,compressorCoolOff,,Sleep,78,62,76.7,59,74,0,0,0,0,0,,77.1,59,76.4,0,
2025-07-15,07:40:00,cool,compressorCoolOff,,Sleep,78,62,76.7,59,74,0,105,0,0,105,,77.1,59,76.4,0,
2025-07-15,07:45:00,cool,compressorCoolStage1On,(SmartRecovery),Sleep,78,62,76.7,58,74,0,300,0,0,300,,77.1,58,76.4,0,
2025-07-15,07:50:00,cool,compressorCoolStage1On,(SmartRecovery),Sleep,78,62,76.4,56,74,0,300,0,0,300,,76.9,56,76,0,
2025-07-15,07:55:00,,,,,,,,,74,0,,,,,,,,,,
2025-07-15,08:00:00,,,,,,,,,75.2,0,,,,,,,,,,
2025-07-15,08:05:00,,,,,,,,,75.2,0,,,,,,,,,,
2025-07-15,08:10:00,cool,heatOff,,Home,76,70,80.9,43,75.2,0,0,0,0,0,,84.4,43,74.9,0,
2025-07-15,08:15:00,cool,heatOff,,Home,76,70,75.8,51,75.2,0,0,0,0,0,,76.7,51,74.9,0,
2025-07-15,08:20:00,cool,heatOff,,Home,76,70,75.9,55,75.2,0,0,0,0,0,,76.6,55,75.1,0,
2025-07-15,08:25:00,cool,heatOff,,Home,76,70,76,57,75.2,0,0,0,0,0,,76.6,57,75.5,0,
2025-07-15,08:30:00,cool,heatOff,,Home,76,70,76,58,75.2,0,0,0,0,0,,76.5,58,75.6,0,
2025-07-15,08:35:00,cool,heatOff,,Home,76,70,76,58,75.2,0,0,0,0,0,,76.5,58,75.6,0,
2025-07-15,08:40:00,cool,heatOff,,Home,76,70,76.1,58,75.2,0,0,0,0,0,,76.5,58,75.8,0,
2025-07-15,08:45:00,cool,heatOff,,Home,76,70,76.1,58,75.2,0,0,0,0,0,,76.5,58,75.8,0,
2025-07-15,08:50:00,cool,heatOff,,Home,76,70,76.1,58,75.2,0,0,0,0,0,,76.5,58,75.8,0,
2025-07-15,08:55:00,cool,heatOff,,Home,76,70,76.1,58,75.2,0,0,0,0,0,,76.5,58,75.8,0,
2025-07-15,09:00:00,cool,heatOff,,Home,76,70,76,59,76.8,0,0,0,0,0,,76.5,59,75.6,0,
2025-07-15,09:05:00,cool,heatOff,,Home,76,70,76,59,76.8,0,0,0,0,0,,76.5,59,75.6,0,
2025-07-15,09:10:00,cool,heatOff,,Home,76,70,76.1,59,76.8,0,0,0,0,0,,76.6,59,75.6,0,
2025-07-15,09:15:00,cool,heatOff,,Home,76,70,76.1,59,76.8,0,0,0,0,0,,76.6,59,75.6,0,
2025-07-15,09:20:00,cool,heatOff,,Home,76,70,76.1,59,76.8,0,0,0,0,0,,76.6,59,75.7,0,
2025-07-15,09:25:00,cool,heatOff,,Home,76,70,76.2,59,76.8,0,0,0,0,0,,76.6,59,75.8,0,
2025-07-15,09:30:00,cool,heatOff,,Home,76,70,76.2,59,76.8,0,0,0,0,0,,76.6,59,75.8,0,
2025-07-15,09:35:00,cool,heatOff,,Home,76,70,76.2,59,76.8,0,0,0,0,0,,76.6,59,75.8,0,
2025-07-15,09:40:00,cool,heatOff,,Home,76,70,76.2,59,76.8,0,0,0,0,0,,76.7,59,75.8,0,
2025-07-15,09:45:00,cool,heatOff,,Home,76,70,76.2,59,76.8,0,0,0,0,0,,76.7,59,75.8,0,
2025-07-15,09:50:00,cool,heatOff,,Home,76,70,76.2,59,76.8,0,0,0,0,0,,76.7,59,75.8,0,
2025-07-15,09:55:00,cool,heatOff,,Home,76,70,76.2,59,76.8,0,0,0,0,0,,76.7,59,75.8,0,
2025-07-15,10:00:00,cool,heatOff,,Home,76,70,76.3,59,79.3,0,0,0,0,0,,76.8,59,75.8,0,
2025-07-15,10:05:00,cool,heatOff,,Home,76,70,76.3,59,79.3,0,0,0,0,0,,76.8,59,75.8,0,
2025-07-15,10:10:00,cool,heatOff,,Home,76,70,76.3,59,79.3,0,0,0,0,0,,76.8,59,75.8,0,
2025-07-15,10:15:00,cool,heatOff,,Home,76,70,76.3,59,79.3,0,0,0,0,0,,76.8,59,75.8,0,
2025-07-15,10:20:00,cool,heatOff,,Home,76,70,76.3,60,79.3,0,0,0,0,0,,76.9,60,75.8,0,
2025-07-15,10:25:00,cool,heatOff,,Home,76,70,76.4,60,79.3,0,0,0,0,0,,76.9,60,76,0,
2025-07-15,10:30:00,cool,heatOff,,Home,76,70,76.4,60,79.3,0,0,0,0,0,,76.9,60,76,0,
2025-07-15,10:35:00,cool,heatOff,,Home,76,70,76.4,60,79.3,0,0,0,0,0,,76.9,60,76,0,
2025-07-15,10:40:00,cool,heatOff,,Home,76,70,76.4,60,79.3,0,0,0,0,0,,76.9,60,76,0,
2025-07-15,10:45:00,cool,heatOff,,Home,76,70,76.4,60,79.3,0,75,0,0,75,,76.9,60,76,0,
2025-07-15,10:50:00,cool,compressorCoolStage1On,,Home,76,70,76.5,59,79.3,0,300,0,0,300,,77,59,76,0,
2025-07-15,10:55:00,cool,compressorCoolStage1On,,Home,76,70,76.3,57,79.3,0,300,0,0,300,,76.9,57,75.8,0,
2025-07-15,11:00:00,cool,compressorCoolStage1On,,Home,76,70,76,55,81.4,0,120,0,0,165,,76.7,55,75.4,0,
2025-07-15,11:05:00,cool,compressorCoolOff,,Home,76,70,75.7,55,81.4,0,0,0,0,0,,76.5,55,75,0,
2025-07-15,11:10:00,cool,compressorCoolOff,,Home,76,70,75.7,55,81.4,0,0,0,0,0,,76.5,55,74.9,0,
2025-07-15,11:15:00,cool,compressorCoolOff,,Home,76,70,75.8,56,81.4,0,0,0,0,0,,76.7,56,74.9,0,
2025-07-15,11:20:00,cool,compressorCoolOff,,Home,76,70,75.9,56,81.4,0,0,0,0,0,,76.8,56,75.1,0,
2025-07-15,11:25:00,cool,compressorCoolOff,,Home,76,70,76,56,81.4,0,0,0,0,0,,76.9,56,75.1,0,
2025-07-15,11:30:00,cool,compressorCoolOff,,Home,76,70,76.1,56,82.5,0,0,0,0,0,,77,56,75.2,0,
2025-07-15,11:35:00,cool,compressorCoolOff,,Home,76,70,76.1,56,82.5,0,0,0,0,0,,77.1,56,75.2,0,
2025-07-15,11:40:00,cool,compressorCoolOff,,Home,76,70,76.2,56,82.5,0,0,0,0,0,,77.2,56,75.2,0,
2025-07-15,11:45:00,cool,compressorCoolOff,,Home,76,70,76.2,56,82.5,0,0,0,0,0,,77.2,56,75.2,0,
2025-07-15,11:50:00,cool,compressorCoolOff,,Home,76,70,76.2,58,82.5,0,0,0,0,0,,77.3,58,75.2,0,
2025-07-15,11:55:00,cool,compressorCoolOff,,Home,76,70,76.3,58,82.5,0,0,0,0,0,,77.3,58,75.4,0,
2025-07-15,12:00:00,cool,compressorCoolStage1On,,Home,76,70,76.5,57,83.4,0,300,0,0,300,,77.4,57,75.6,0,
2025-07-15,12:05:00,cool,compressorCoolStage1On,,Home,76,70,76.4,55,83.4,0,300,0,0,300,,77.3,55,75.5,0,
2025-07-15,12:10:00,cool,compressorCoolStage1On,,Home,76,70,76.2,54,83.4,0,300,0,0,300,,77,54,75.4,0,
2025-07-15,12:15:00,cool,compressorCoolStage1On,,Home,76,70,76,53,83.4,0,225,0,0,270,,76.8,53,75.2,0,
2025-07-15,12:20:00,cool,compressorCoolOff,,Home,76,70,75.4,53,83.4,0,0,0,0,0,,76.6,53,74.2,0,
2025-07-15,12:25:00,cool,compressorCoolOff,,Home,76,70,75.4,54,83.4,0,0,0,0,0,,76.7,54,74.1,0,
2025-07-15,12:30:00,cool,compressorCoolOff,,Home,76,70,75.5,55,83.9,0,0,0,0,0,,76.9,55,74.1,0,
2025-07-15,12:35:00,cool,compressorCoolOff,,Home,76,70,75.4,55,83.9,0,0,0,0,0,,76.8,55,74.1,0,
2025-07-15,12:40:00,cool,compressorCoolOff,,Home,76,70,75.7,55,83.9,0,0,0,0,0,,76.8,55,74.7,0,
2025-07-15,12:45:00,cool,compressorCoolOff,,Home,76,70,75.9,55,83.9,0,0,0,0,0,,76.8,55,75,0,
2025-07-15,12:50:00,cool,compressorCoolOff,,Home,76,70,76,56,83.9,0,0,0,0,0,,76.9,56,75.1,0,
2025-07-15,12:55:00,cool,compressorCoolOff,,Home,76,70,76,56,83.9,0,0,0,0,0,,77,56,75.1,0,
2025-07-15,13:00:00,cool,compressorCoolOff,,Home,76,70,76.1,56,84.5,0,0,0,0,0,,77.1,56,75.2,0,
2025-07-15,13:05:00,cool,compressorCoolOff,,Home,76,70,76.3,56,84.5,0,0,0,0,0,,77.2,56,75.4,0,
2025-07-15,13:10:00,cool,compressorCoolOff,,Home,76,70,76.4,56,84.5,0,0,0,0,0,,77.3,56,75.6,0,
2025-07-15,13:15:00,cool,compressorCoolOff,,Home,76,70,76.4,57,84.5,0,180,0,0,180,,77.3,57,75.6,0,
2025-07-15,13:20:00,cool,compressorCoolStage1On,,Home,76,70,76.4,56,84.5,0,300,0,0,300,,77.3,56,75.6,0,
2025-07-15,13:25:00,cool,compressorCoolStage1On,,Home,76,70,76.2,54,84.5,0,300,0,0,300,,77,54,75.4,0,
2025-07-15,13:30:00,cool,compressorCoolStage1On,,Home,76,70,75.8,53,84.5,0,60,0,0,105,,76.7,53,75,0,
2025-07-15,13:35:00,cool,compressorCoolOff,,Home,76,70,75.6,54,84.5,0,0,0,0,0,,76.5,54,74.7,0,
2025-07-15,13:40:00,cool,compressorCoolOff,,Home,76,70,75.6,55,84.5,0,0,0,0,0,,76.6,55,74.7,0,
2025-07-15,13:45:00,cool,compressorCoolOff,,Home,76,70,75.8,55,84.5,0,0,0,0,0,,76.8,55,74.9,0,
2025-07-15,13:50:00,cool,compressorCoolOff,,Home,76,70,76,55,84.5,0,0,0,0,0,,77,55,75.1,0,
2025-07-15,13:55:00,cool,compressorCoolOff,,Home,76,70,76.1,56,84.5,0,0,0,0,0,,77.1,56,75.2,0,
2025-07-15,14:00:00,cool,compressorCoolOff,,Home,76,70,76.3,56,85.6,0,0,0,0,0,,77.2,56,75.4,0,
2025-07-15,14:05:00,cool,compressorCoolOff,,Home,76,70,76.3,56,85.6,0,0,0,0,0,,77.2,56,75.4,0,
2025-07-15,14:10:00,cool,compressorCoolOff,,Home,76,70,76.3,56,85.6,0,0,0,0,0,,77.3,56,75.4,0,
2025-07-15,14:15:00,cool,compressorCoolOff,,Home,76,70,76.4,56,85.6,0,0,0,0,0,,77.4,56,75.4,0,
2025-07-15,14:20:00,cool,compressorCoolOff,,Home,76,70,76.4,56,85.6,0,0,0,0,0,,77.4,56,75.4,0,
2025-07-15,14:25:00,cool,compressorCoolOff,,Home,76,70,76.5,56,85.6,0,270,0,0,270,,77.2,56,75.9,0,
2025-07-15,14:30:00,cool,compressorCoolStage1On,,Home,76,70,76.5,55,85.6,0,300,0,0,300,,77,55,76,0,
2025-07-15,14:35:00,cool,compressorCoolStage1On,,Home,76,70,76.1,54,85.6,0,285,0,0,300,,76.8,54,75.5,0,
2025-07-15,14:40:00,cool,compressorCoolOff,,Home,76,70,75.8,53,85.6,0,0,0,0,30,,76.6,53,75.1,0,
2025-07-15,14:45:00,cool,compressorCoolOff,,Home,76,70,75.8,54,85.6,0,0,0,0,0,,76.7,54,74.9,0,
2025-07-15,14:50:00,cool,compressorCoolOff,,Home,76,70,75.8,55,85.6,0,0,0,0,0,,76.9,55,74.9,0,
2025-07-15,14:55:00,cool,compressorCoolOff,,Home,76,70,76,55,85.6,0,0,0,0,0,,77,55,75,0,
2025-07-15,15:00:00,cool,compressorCoolOff,,Home,76,70,76.3,55,87.9,0,0,0,0,0,,77.1,55,75.4,0,
2025-07-15,15:05:00,cool,compressorCoolOff,,Home,76,70,76.4,56,87.9,0,30,0,0,30,,77.3,56,75.6,0,
2025-07-15,15:10:00,cool,compressorCoolStage1On,,Home,76,70,76.5,56,87.9,0,300,0,0,300,,77.3,56,75.8,0,
2025-07-15,15:15:00,cool,compressorCoolStage1On,,Home,76,70,76.4,55,87.9,0,300,0,0,300,,77.1,55,75.8,0,
2025-07-15,15:20:00,cool,compressorCoolStage1On,,Home,76,70,76.2,54,87.9,0,300,0,0,300,,76.7,54,75.8,0,
2025-07-15,15:25:00,cool,compressorCoolStage1On,,Home,76,70,75.7,53,87.9,0,75,0,0,120,,76.4,53,75.1,0,
2025-07-15,15:30:00,cool,compressorCoolOff,,Home,76,70,75.6,53,88,0,0,0,0,0,,76.5,53,74.7,0,
2025-07-15,15:35:00,cool,compressorCoolOff,,Home,76,70,75.7,54,88,0,0,0,0,0,,76.7,54,74.7,0,
2025-07-15,15:40:00,cool,compressorCoolOff,,Home,76,70,75.9,55,88,0,0,0,0,0,,76.9,55,74.9,0,
2025-07-15,15:45:00,cool,compressorCoolOff,,Home,76,70,76.1,55,88,0,0,0,0,0,,77.1,55,75.2,0,
2025-07-15,15:50:00,cool,compressorCoolOff,,Home,76,70,76.2,55,88,0,0,0,0,0,,77.2,55,75.2,0,
2025-07-15,15:55:00,cool,compressorCoolOff,,Home,76,70,76.4,55,88,0,75,0,0,75,,77.3,55,75.6,0,
2025-07-15,16:00:00,cool,compressorCoolStage1On,,Home,76,70,76.5,55,87.9,0,300,0,0,300,,77.3,55,75.8,0,
2025-07-15,16:05:00,cool,compressorCoolStage1On,,Home,76,70,76.4,54,87.9,0,300,0,0,300,,77.2,54,75.8,0,
2025-07-15,16:10:00,cool,compressorCoolStage1On,,Home,76,70,76,53,87.9,0,105,0,0,150,,76.9,53,75.3,0,
2025-07-15,16:15:00,cool,compressorCoolOff,,Home,76,70,75.8,53,87.9,0,0,0,0,0,,76.8,53,74.9,0,
2025-07-15,16:20:00,cool,compressorCoolOff,,Home,76,70,75.8,54,87.9,0,0,0,0,0,,76.8,54,75,0,
2025-07-15,16:25:00,cool,compressorCoolOff,,Home,76,70,76,55,87.9,0,0,0,0,0,,76.8,55,75.2,0,
2025-07-15,16:30:00,cool,compressorCoolOff,,Home,76,70,76.2,55,87.7,0,0,0,0,0,,77,55,75.4,0,
2025-07-15,16:35:00,cool,compressorCoolOff,,Home,76,70,76.4,55,87.7,0,0,0,0,0,,77.2,55,75.6,0,
2025-07-15,16:40:00,cool,compressorCoolOff,,Home,76,70,76.4,56,87.7,0,195,0,0,195,,77.3,56,75.6,0,
2025-07-15,16:45:00,cool,compressorCoolStage1On,,Home,76,70,76.4,54,87.7,0,300,0,0,300,,77.3,54,75.6,0,
2025-07-15,16:50:00,cool,compressorCoolStage1On,,Home,76,70,76.3,53,87.7,0,300,0,0,300,,77.1,53,75.5,0,
2025-07-15,16:55:00,cool,compressorCoolStage1On,,Home,76,70,76,52,87.7,0,195,0,0,240,,76.8,52,75.4,0,
2025-07-15,17:00:00,cool,compressorCoolOff,,Home,76,70,75.8,52,87.2,0,0,0,0,0,,76.5,52,75.1,0,
2025-07-15,17:05:00,cool,compressorCoolOff,,Home,76,70,75.7,53,87.2,0,0,0,0,0,,76.5,53,74.9,0,
2025-07-15,17:10:00,cool,compressorCoolOff,,Home,76,70,75.7,54,87.2,0,0,0,0,0,,76.6,54,74.9,0,
2025-07-15,17:15:00,cool,compressorCoolOff,,Home,76,70,76,55,87.2,0,0,0,0,0,,76.8,55,75.2,0,
2025-07-15,17:20:00,cool,compressorCoolOff,,Home,76,70,76.2,55,87.2,0,0,0,0,0,,77,55,75.5,0,
2025-07-15,17:25:00,cool,compressorCoolOff,,Home,76,70,76.4,56,87.2,0,150,0,0,150,,77.1,56,75.8,0,
2025-07-15,17:30:00,cool,compressorCoolStage1On,,Home,76,70,76.6,55,85.8,0,300,0,0,300,,77.2,55,76,0,
2025-07-15,17:35:00,cool,compressorCoolStage1On,,Home,76,70,76.5,53,85.8,0,300,0,0,300,,77,53,76.1,0,
2025-07-15,17:40:00,cool,compressorCoolStage1On,,Home,76,70,76.2,52,85.8,0,300,0,0,300,,76.8,52,75.8,0,
2025-07-15,17:45:00,cool,compressorCoolStage1On,,Home,76,70,76.1,52,85.8,0,285,0,0,300,,76.5,52,75.7,0,
2025-07-15,17:50:00,cool,compressorCoolOff,,Home,76,70,75.7,53,85.8,0,0,0,0,30,,76.3,53,75.2,0,
2025-07-15,17:55:00,cool,compressorCoolOff,,Home,76,70,75.7,53,85.8,0,0,0,0,0,,76.3,53,75.1,0,
2025-07-15,18:00:00,cool,compressorCoolOff,,Home,76,70,75.7,54,85.3,0,0,0,0,0,,76.4,54,75.1,0,
2025-07-15,18:05:00,cool,compressorCoolOff,,Home,76,70,75.8,54,85.3,0,0,0,0,0,,76.6,54,75.1,0,
2025-07-15,18:10:00,cool,compressorCoolOff,,Home,76,70,76.1,55,85.3,0,15,0,0,15,,76.8,55,75.5,0,
2025-07-15,18:15:00,cool,compressorCoolStage1On,,Home,76,70,76.5,54,85.3,0,300,0,0,300,,77,54,76,0,
2025-07-15,18:20:00,cool,compressorCoolStage1On,,Home,76,70,76.4,53,85.3,0,300,0,0,300,,76.9,53,76,0,
2025-07-15,18:25:00,cool,compressorCoolStage1On,,Home,76,70,76.3,52,85.3,0,300,0,0,300,,76.7,52,75.9,0,
2025-07-15,18:30:00,cool,compressorCoolStage1On,,Home,76,70,76,51,84.9,0,90,0,0,135,,76.5,51,75.5,0,
2025-07-15,18:35:00,cool,compressorCoolOff,,Home,76,70,75.8,52,84.9,0,0,0,0,0,,76.4,52,75.2,0,
2025-07-15,18:40:00,cool,compressorCoolOff,,Home,76,70,75.8,53,84.9,0,0,0,0,0,,76.5,53,75.2,0,
2025-07-15,18:45:00,cool,compressorCoolOff,,Home,76,70,76,54,84.9,0,0,0,0,0,,76.7,54,75.5,0,
2025-07-15,18:50:00,cool,compressorCoolOff,,Home,76,70,76.1,55,84.9,0,0,0,0,0,,76.8,55,75.6,0,
2025-07-15,18:55:00,cool,compressorCoolOff,,Home,76,70,76.2,55,84.9,0,0,0,0,0,,76.9,55,75.6,0,
2025-07-15,19:00:00,cool,compressorCoolOff,,Home,76,70,76.3,55,84.9,0,0,0,0,0,,77.1,55,75.6,0,
2025-07-15,19:05:00,cool,compressorCoolOff,,Home,76,70,76.4,55,84.9,0,0,0,0,0,,77.2,55,75.6,0,
2025-07-15,19:10:00,cool,compressorCoolOff,,Home,76,70,76.5,55,84.9,0,120,0,0,120,,77.3,55,75.8,0,
2025-07-15,19:15:00,cool,compressorCoolStage1On,,Home,76,70,76.8,54,84.9,0,300,0,0,300,,77.3,54,76.4,0,
2025-07-15,19:20:00,cool,compressorCoolStage1On,,Home,76,70,76.6,53,84.9,0,300,0,0,300,,77,53,76.3,0,
2025-07-15,19:25:00,cool,compressorCoolStage1On,,Home,76,70,76.2,52,84.9,0,300,0,0,300,,76.6,52,75.8,0,
2025-07-15,19:30:00,cool,compressorCoolStage1On,,Home,76,70,75.8,53,84.9,0,15,0,0,60,,76.4,53,75.2,0,
2025-07-15,19:35:00,cool,compressorCoolOff,,Home,76,70,75.6,53,84.9,0,0,0,0,0,,76.4,53,74.9,0,
2025-07-15,19:40:00,cool,compressorCoolOff,,Home,76,70,75.8,54,84.9,0,0,0,0,0,,76.6,54,75,0,
2025-07-15,19:45:00,cool,compressorCoolOff,,Home,76,70,75.9,54,84.9,0,0,0,0,0,,76.8,54,75.1,0,
2025-07-15,19:50:00,cool,compressorCoolOff,,Home,76,70,76.1,54,84.9,0,0,0,0,0,,76.9,54,75.2,0,
2025-07-15,19:55:00,cool,compressorCoolOff,,Home,76,70,76.2,54,84.9,0,0,0,0,0,,77,54,75.4,0,
2025-07-15,20:00:00,cool,compressorCoolOff,,Home,76,70,76.3,55,82.5,0,0,0,0,0,,77.1,55,75.6,0,
2025-07-15,20:05:00,cool,compressorCoolOff,,Home,76,70,76.4,55,82.5,0,30,0,0,30,,77.2,55,75.6,0,
2025-07-15,20:10:00,cool,compressorCoolStage1On,,Home,76,70,76.4,54,82.5,0,300,0,0,300,,77.1,54,75.8,0,
2025-07-15,20:15:00,cool,compressorCoolStage1On,,Home,76,70,76.3,53,82.5,0,300,0,0,300,,76.9,53,75.8,0,
2025-07-15,20:20:00,cool,compressorCoolStage1On,,Home,76,70,76.1,52,82.5,0,300,0,0,300,,76.5,52,75.8,0,
2025-07-15,20:25:00,cool,compressorCoolStage1On,,Home,76,70,75.7,52,82.5,0,30,0,0,75,,76.3,52,75.1,0,
2025-07-15,20:30:00,cool,compressorCoolOff,,Home,76,70,75.5,53,82.5,0,0,0,0,0,,76.3,53,74.7,0,
2025-07-15,20:35:00,cool,compressorCoolOff,,Home,76,70,75.6,54,82.5,0,0,0,0,0,,76.5,54,74.7,0,
2025-07-15,20:40:00,cool,compressorCoolOff,,Home,76,70,75.7,54,82.5,0,0,0,0,0,,76.6,54,74.9,0,
2025-07-15,20:45:00,cool,compressorCoolOff,,Home,76,70,75.8,54,82.5,0,0,0,0,0,,76.7,54,74.9,0,
2025-07-15,20:50:00,cool,compressorCoolOff,,Home,76,70,76,54,82.5,0,0,0,0,0,,76.8,54,75.2,0,
2025-07-15,20:55:00,cool,compressorCoolOff,,Home,76,70,76,54,82.5,0,0,0,0,0,,76.9,54,75.2,0,
2025-07-15,21:00:00,cool,compressorCoolOff,,Home,76,70,76.1,55,80.2,0,0,0,0,0,,76.9,55,75.4,0,
2025-07-15,21:05:00,cool,compressorCoolOff,,Home,76,70,76.2,55,80.2,0,0,0,0,0,,77,55,75.5,0,
2025-07-15,21:10:00,cool,compressorCoolOff,,Home,76,70,76.3,55,80.2,0,0,0,0,0,,77,55,75.6,0,
2025-07-15,21:15:00,cool,compressorCoolOff,,Home,76,70,76.3,55,80.2,0,0,0,0,0,,77.1,55,75.6,0,
2025-07-15,21:20:00,cool,compressorCoolOff,,Home,76,70,76.4,56,80.2,0,195,0,0,195,,77.1,56,75.8,0,
2025-07-15,21:25:00,cool,compressorCoolStage1On,,Home,76,70,76.5,54,80.2,0,300,0,0,300,,77,54,76,0,
2025-07-15,21:30:00,cool,compressorCoolStage1On,,Home,76,70,76.3,52,79.7,0,300,0,0,300,,76.8,52,76,0,
2025-07-15,21:35:00,cool,compressorCoolStage1On,,Home,76,70,76,52,79.7,0,165,0,0,210,,76.4,52,75.6,0,
2025-07-15,21:40:00,cool,compressorCoolOff,,Home,76,70,75.6,52,79.7,0,0,0,0,0,,76.2,52,75.1,0,
2025-07-15,21:45:00,cool,compressorCoolOff,,Home,76,70,75.6,53,79.7,0,0,0,0,0,,76.2,53,75.1,0,
2025-07-15,21:50:00,cool,compressorCoolOff,,Home,76,70,75.7,54,79.7,0,0,0,0,0,,76.3,54,75.2,0,
2025-07-15,21:55:00,cool,compressorCoolOff,,Home,76,70,75.8,54,79.7,0,0,0,0,0,,76.4,54,75.2,0,
2025-07-15,22:00:00,cool,compressorCoolOff,,Home,76,70,76.1,55,79,0,0,0,0,0,,76.6,55,75.7,0,
2025-07-15,22:05:00,cool,compressorCoolOff,,Home,76,70,76.2,55,79,0,0,0,0,0,,76.7,55,75.9,0,
2025-07-15,22:10:00,cool,compressorCoolOff,,Home,76,70,76.4,55,79,0,210,0,0,210,,76.8,55,76.1,0,
2025-07-15,22:15:00,cool,compressorCoolStage1On,,Home,76,70,76.4,53,79,0,300,0,0,300,,76.7,53,76.2,0,
2025-07-15,22:20:00,cool,compressorCoolStage1On,,Home,76,70,76.2,52,79,0,270,0,0,300,,76.4,52,76,0,
2025-07-15,22:25:00,cool,compressorCoolOff,,Home,76,70,75.8,51,79,0,0,0,0,15,,76.1,51,75.5,0,
2025-07-15,22:30:00,cool,compressorCoolOff,,Home,76,70,75.6,52,79,0,0,0,0,0,,76.2,52,75.2,0,
2025-07-15,22:35:00,cool,compressorCoolOff,,Home,76,70,75.8,52,79,0,0,0,0,0,,76.4,52,75.2,0,
2025-07-15,22:40:00,cool,compressorCoolOff,,Home,76,70,76,52,79,0,0,0,0,0,,76.5,52,75.6,0,
2025-07-15,22:45:00,cool,compressorCoolOff,,Home,76,70,76.1,53,79,0,0,0,0,0,,76.6,53,75.6,0,
2025-07-15,22:50:00,cool,compressorCoolOff,,Home,76,70,76.2,54,79,0,0,0,0,0,,76.7,54,75.8,0,
2025-07-15,22:55:00,cool,compressorCoolOff,,Home,76,70,76.2,54,79,0,0,0,0,0,,76.7,54,75.8,0,
2025-07-15,23:00:00,cool,compressorCoolOff,,Home,76,70,76.3,54,77.6,0,0,0,0,0,,76.8,54,75.8,0,
2025-07-15,23:05:00,cool,compressorCoolOff,,Home,76,70,76.3,54,77.6,0,0,0,0,0,,76.8,54,75.9,0,
2025-07-15,23:10:00,cool,compressorCoolOff,,Home,76,70,76.4,55,77.6,0,0,0,0,0,,76.8,55,76,0,
2025-07-15,23:15:00,cool,compressorCoolOff,,Home,76,70,76.4,55,77.6,0,135,0,0,135,,76.9,55,76,0,
2025-07-15,23:20:00,cool,compressorCoolStage1On,,Home,76,70,76.5,54,77.6,0,300,0,0,300,,76.8,54,76.2,0,
2025-07-15,23:25:00,cool,compressorCoolStage1On,,Home,76,70,76.4,52,77.6,0,300,0,0,300,,76.6,52,76.2,0,
2025-07-15,23:30:00,cool,compressorCoolStage1On,,Home,76,70,76.1,51,77.6,0,255,0,0,300,,76.3,51,76,0,
2025-07-15,23:35:00,cool,compressorCoolOff,,Home,76,70,75.4,51,77.6,0,0,0,0,0,,76,51,74.9,0,
2025-07-15,23:40:00,cool,compressorCoolOff,,Home,76,70,75.3,52,77.6,0,0,0,0,0,,76.1,52,74.7,0,
2025-07-15,23:45:00,cool,compressorCoolOff,,Home,76,70,75.4,52,77.6,0,0,0,0,0,,76.2,52,74.7,0,
2025-07-15,23:50:00,cool,compressorCoolOff,,Home,76,70,75.5,52,77.6,0,0,0,0,0,,76.4,52,74.7,0,
2025-07-15,23:55:00,cool,compressorCoolOff,,Home,77.3,64.8,75.7,52,77.6,0,0,0,0,0,,76.5,52,74.9,0,
2025-07-16,00:00:00,cool,compressorCoolOff,,Sleep,78,62,75.8,53,76.6,0,0,0,0,0,,76.5,53,75.1,0,
2025-07-16,00:05:00,cool,compressorCoolOff,,Sleep,78,62,75.8,54,76.6,0,0,0,0,0,,76.6,54,75.1,0,
2025-07-16,00:10:00,cool,compressorCoolOff,,Sleep,78,62,75.9,54,76.6,0,0,0,0,0,,76.6,54,75.2,0,
2025-07-16,00:15:00,cool,compressorCoolOff,,Sleep,78,62,76,55,76.6,0,0,0,0,0,,76.6,55,75.4,0,
2025-07-16,00:20:00,cool,compressorCoolOff,,Sleep,78,62,76,55,76.6,0,0,0,0,0,,76.6,55,75.4,0,
2025-07-16,00:25:00,cool,compressorCoolOff,,Sleep,78,62,76,55,76.6,0,0,0,0,0,,76.6,55,75.4,0,
2025-07-16,00:30:00,cool,compressorCoolOff,,Sleep,78,62,76,55,76.4,0,0,0,0,0,,76.7,55,75.4,0,
2025-07-16,00:35:00,cool,compressorCoolOff,,Sleep,78,62,76,56,76.4,0,0,0,0,0,,76.7,56,75.5,0,
2025-07-16,00:40:00,cool,compressorCoolOff,,Sleep,78,62,76.1,57,76.4,0,0,0,0,0,,76.7,57,75.6,0,
2025-07-16,00:45:00,cool,compressorCoolOff,,Sleep,78,62,76.2,57,76.4,0,0,0,0,0,,76.8,57,75.6,0,
2025-07-16,00:50:00,cool,compressorCoolOff,,Sleep,78,62,76.2,57,76.4,0,0,0,0,0,,76.8,57,75.6,0,
2025-07-16,00:55:00,cool,compressorCoolOff,,Sleep,78,62,76.2,57,76.4,0,0,0,0,0,,76.8,57,75.7,0,
2025-07-16,01:00:00,cool,compressorCoolOff,,Sleep,78,62,76.3,57,76,0,0,0,0,0,,76.8,57,75.8,0,
2025-07-16,01:05:00,cool,compressorCoolOff,,Sleep,78,62,76.2,57,76,0,0,0,0,0,,76.7,57,75.8,0,
2025-07-16,01:10:00,cool,compressorCoolOff,,Sleep,78,62,76.2,57,76,0,0,0,0,0,,76.7,57,75.8,0,
2025-07-16,01:15:00,cool,compressorCoolOff,,Sleep,78,62,76.3,57,76,0,0,0,0,0,,76.7,57,76,0,
2025-07-16,01:20:00,cool,compressorCoolOff,,Sleep,78,62,76.4,57,76,0,0,0,0,0,,76.8,57,76,0,
2025-07-16,01:25:00,cool,compressorCoolOff,,Sleep,78,62,76.4,57,76,0,0,0,0,0,,76.8,57,76,0,
2025-07-16,01:30:00,cool,compressorCoolOff,,Sleep,78,62,76.4,57,76,0,0,0,0,0,,76.8,57,76,0,
2025-07-16,01:35:00,cool,compressorCoolOff,,Sleep,78,62,76.4,57,76,0,0,0,0,0,,76.9,57,76,0,
2025-07-16,01:40:00,cool,compressorCoolOff,,Sleep,78,62,76.4,57,76,0,0,0,0,0,,76.9,57,76,0,
2025-07-16,01:45:00,cool,compressorCoolOff,,Sleep,78,62,76.4,57,76,0,0,0,0,0,,76.9,57,76,0,
2025-07-16,01:50:00,cool,compressorCoolOff,,Sleep,78,62,76.4,57,76,0,0,0,0,0,,76.9,57,76,0,
2025-07-16,01:55:00,cool,compressorCoolOff,,Sleep,78,62,76.4,57,76,0,0,0,0,0,,76.9,57,76,0,
2025-07-16,02:00:00,cool,compressorCoolOff,,Sleep,78,62,76.5,57,75.4,0,0,0,0,0,,76.9,57,76.2,0,
2025-07-16,02:05:00,cool,compressorCoolOff,,Sleep,78,62,76.5,57,75.4,0,0,0,0,0,,76.8,57,76.2,0,
2025-07-16,02:10:00,cool,compressorCoolOff,,Sleep,78,62,76.5,58,75.4,0,0,0,0,0,,76.8,58,76.2,0,
2025-07-16,02:15:00,cool,compressorCoolOff,,Sleep,78,62,76.5,58,75.4,0,0,0,0,0,,76.9,58,76.2,0,
2025-07-16,02:20:00,cool,compressorCoolOff,,Sleep,78,62,76.5,58,75.4,0,0,0,0,0,,76.9,58,76.2,0,
2025-07-16,02:25:00,cool,compressorCoolOff,,Sleep,78,62,76.5,58,75.4,0,0,0,0,0,,76.9,58,76.2,0,
2025-07-16,02:30:00,cool,compressorCoolOff,,Sleep,78,62,76.5,58,75.4,0,0,0,0,0,,76.9,58,76.2,0,
2025-07-16,02:35:00,cool,compressorCoolOff,,Sleep,78,62,76.5,58,75.4,0,0,0,0,0,,76.9,58,76.2,0,
2025-07-16,02:40:00,cool,compressorCoolOff,,Sleep,78,62,76.5,58,75.4,0,0,0,0,0,,76.9,58,76.2,0,
2025-07-16,02:45:00,cool,compressorCoolOff,,Sleep,78,62,76.6,58,75.4,0,0,0,0,0,,77,58,76.2,0,
2025-07-16,02:50:00,cool,compressorCoolOff,,Sleep,78,62,76.6,58,75.4,0,0,0,0,0,,77,58,76.2,0,
2025-07-16,02:55:00,cool,compressorCoolOff,,Sleep,78,62,76.6,58,75.4,0,0,0,0,0,,77,58,76.2,0,
2025-07-16,03:00:00,cool,compressorCoolOff,,Sleep,78,62,76.6,58,74.9,0,0,0,0,0,,77,58,76.2,0,
2025-07-16,03:05:00,cool,compressorCoolOff,,Sleep,78,62,76.6,58,74.9,0,0,0,0,0,,77,58,76.2,0,
2025-07-16,03:10:00,cool,compressorCoolOff,,Sleep,78,62,76.6,58,74.9,0,0,0,0,0,,77,58,76.3,0,
2025-07-16,03:15:00,cool,compressorCoolOff,,Sleep,78,62,76.7,57,74.9,0,0,0,0,0,,77,57,76.4,0,
2025-07-16,03:20:00,cool,compressorCoolOff,,Sleep,78,62,76.6,57,74.9,0,0,0,0,0,,76.9,57,76.4,0,
2025-07-16,03:25:00,cool,compressorCoolOff,,Sleep,78,62,76.6,57,74.9,0,0,0,0,0,,76.9,57,76.4,0,
2025-07-16,03:30:00,cool,compressorCoolOff,,Sleep,78,62,76.6,58,74.6,0,0,0,0,0,,76.9,58,76.4,0,
2025-07-16,03:35:00,cool,compressorCoolOff,,Sleep,78,62,76.6,58,74.6,0,0,0,0,0,,76.9,58,76.4,0,
2025-07-16,03:40:00,cool,compressorCoolOff,,Sleep,78,62,76.7,58,74.6,0,0,0,0,0,,77,58,76.4,0,
2025-07-16,03:45:00,cool,compressorCoolOff,,Sleep,78,62,76.7,58,74.6,0,0,0,0,0,,77,58,76.4,0,
2025-07-16,03:50:00,cool,compressorCoolOff,,Sleep,78,62,76.7,58,74.6,0,0,0,0,0,,77,58,76.4,0,
2025-07-16,03:55:00,cool,compressorCoolOff,,Sleep,78,62,76.7,58,74.6,0,0,0,0,0,,77,58,76.4,0,
2025-07-16,04:00:00,cool,compressorCoolOff,,Sleep,78,62,76.7,58,74.4,0,0,0,0,0,,77,58,76.4,0,
2025-07-16,04:05:00,cool,compressorCoolOff,,Sleep,78,62,76.7,58,74.4,0,0,0,0,0,,77,58,76.4,0,
2025-07-16,04:10:00,cool,compressorCoolOff,,Sleep,78,62,76.7,58,74.4,0,0,0,0,0,,77.1,58,76.4,0,
2025-07-16,04:15:00,cool,compressorCoolOff,,Sleep,78,62,76.7,58,74.4,0,0,0,0,0,,77.1,58,76.4,0,
2025-07-16,04:20:00,cool,compressorCoolOff,,Sleep,78,62,76.7,58,74.4,0,0,0,0,0,,77.1,58,76.4,0,
2025-07-16,04:25:00,cool,compressorCoolOff,,Sleep,78,62,76.7,58,74.4,0,0,0,0,0,,77.1,58,76.4,0,
2025-07-16,04:30:00,cool,compressorCoolOff,,Sleep,78,62,76.8,58,74.4,0,0,0,0,0,,77.1,58,76.5,0,
2025-07-16,04:35:00,cool,compressorCoolOff,,Sleep,78,62,76.8,58,74.4,0,0,0,0,0,,77.1,58,76.5,0,
2025-07-16,04:40:00,cool,compressorCoolOff,,Sleep,78,62,76.7,58,74.4,0,0,0,0,0,,77,58,76.5,0,
2025-07-16,04:45:00,cool,compressorCoolOff,,Sleep,78,62,76.7,58,74.4,0,0,0,0,0,,77,58,76.5,0,
2025-07-16,04:50:00,cool,compressorCoolOff,,Sleep,78,62,76.7,58,74.4,0,0,0,0,0,,77,58,76.5,0,
2025-07-16,04:55:00,cool,compressorCoolOff,,Sleep,78,62,76.7,58,74.4,0,0,0,0,0,,77,58,76.5,0,
2025-07-16,05:00:00,cool,compressorCoolOff,,Sleep,78,62,76.7,58,74.2,0,0,0,0,0,,77,58,76.5,0,
2025-07-16,05:05:00,cool,compressorCoolOff,,Sleep,78,62,76.8,58,74.2,0,0,0,0,0,,77.1,58,76.5,0,
2025-07-16,05:10:00,cool,compressorCoolOff,,Sleep,78,62,76.8,58,74.2,0,0,0,0,0,,77.1,58,76.5,0,
2025-07-16,05:15:00,cool,compressorCoolOff,,Sleep,78,62,76.8,58,74.2,0,0,0,0,0,,77.1,58,76.5,0,
2025-07-16,05:20:00,cool,compressorCoolOff,,Sleep,78,62,76.8,58,74.2,0,0,0,0,0,,77.1,58,76.5,0,
2025-07-16,05:25:00,cool,compressorCoolOff,,Sleep,78,62,76.8,58,74.2,0,0,0,0,0,,77.1,58,76.5,0,
2025-07-16,05:30:00,cool,compressorCoolOff,,Sleep,78,62,76.8,58,74.2,0,0,0,0,0,,77.1,58,76.5,0,
2025-07-16,05:35:00,cool,compressorCoolOff,,Sleep,78,62,76.8,58,74.2,0,0,0,0,0,,77.1,58,76.5,0,
2025-07-16,05:40:00,cool,compressorCoolOff,,Sleep,78,62,76.8,58,74.2,0,0,0,0,0,,77.1,58,76.5,0,
2025-07-16,05:45:00,cool,compressorCoolOff,,Sleep,78,62,76.8,58,74.2,0,0,0,0,0,,77.1,58,76.5,0,
2025-07-16,05:50:00,cool,compressorCoolOff,,Sleep,78,62,76.8,58,74.2,0,0,0,0,0,,77.1,58,76.5,0,
2025-07-16,05:55:00,cool,compressorCoolOff,,Sleep,78,62,76.7,58,74.2,0,0,0,0,0,,77.1,58,76.4,0,
2025-07-16,06:00:00,cool,compressorCoolOff,,Sleep,78,62,76.7,58,74.2,0,0,0,0,0,,77,58,76.4,0,
2025-07-16,06:05:00,cool,compressorCoolOff,,Sleep,78,62,76.7,58,74.2,0,0,0,0,0,,76.9,58,76.5,0,
2025-07-16,06:10:00,cool,compressorCoolOff,,Sleep,78,62,76.7,58,74.2,0,0,0,0,0,,76.9,58,76.5,0,
2025-07-16,06:15:00,cool,compressorCoolOff,,Sleep,78,62,76.7,58,74.2,0,0,0,0,0,,77,58,76.5,0,
2025-07-16,06:20:00,cool,compressorCoolOff,,Sleep,78,62,76.7,58,74.2,0,0,0,0,0,,77,58,76.5,0,
2025-07-16,06:25:00,cool,compressorCoolOff,,Sleep,78,62,76.7,58,74.2,0,0,0,0,0,,77,58,76.5,0,
2025-07-16,06:30:00,cool,compressorCoolOff,,Sleep,78,62,76.7,59,74.2,0,0,0,0,0,,77,59,76.5,0,
2025-07-16,06:35:00,cool,compressorCoolOff,,Sleep,78,62,76.7,59,74.2,0,0,0,0,0,,77,59,76.5,0,
2025-07-16,06:40:00,cool,compressorCoolOff,,Sleep,78,62,76.8,59,74.2,0,0,0,0,0,,77.1,59,76.5,0,
2025-07-16,06:45:00,cool,compressorCoolOff,,Sleep,78,62,76.8,59,74.2,0,0,0,0,0,,77.1,59,76.5,0,
2025-07-16,06:50:00,cool,compressorCoolOff,,Sleep,78,62,76.8,58,74.2,0,0,0,0,0,,77.1,58,76.5,0,
2025-07-16,06:55:00,cool,compressorCoolOff,,Sleep,78,62,76.8,58,74.2,0,0,0,0,0,,77.1,58,76.5,0,
2025-07-16,07:00:00,cool,compressorCoolOff,,Sleep,78,62,76.9,59,75.5,0,0,0,0,0,,77.1,59,76.7,0,
2025-07-16,07:05:00,cool,compressorCoolOff,,Sleep,78,62,76.9,59,75.5,0,0,0,0,0,,77.1,59,76.7,0,
2025-07-16,07:10:00,cool,compressorCoolOff,,Sleep,78,62,76.9,59,75.5,0,0,0,0,0,,77.1,59,76.7,0,
2025-07-16,07:15:00,cool,compressorCoolOff,,Sleep,78,62,76.9,59,75.5,0,0,0,0,0,,77.1,59,76.7,0,
2025-07-16,07:20:00,cool,compressorCoolOff,,Sleep,78,62,76.9,59,75.5,0,0,0,0,0,,77.1,59,76.7,0,
2025-07-16,07:25:00,cool,compressorCoolOff,,Sleep,78,62,76.9,59,75.5,0,0,0,0,0,,77.1,59,76.7,0,
2025-07-16,07:30:00,cool,compressorCoolOff,,Sleep,78,62,76.9,59,75.5,0,0,0,0,0,,77.2,59,76.7,0,
2025-07-16,07:35:00,cool,compressorCoolOff,,Sleep,78,62,76.9,59,75.5,0,0,0,0,0,,77.2,59,76.7,0,
2025-07-16,07:40:00,cool,compressorCoolStage1On,(SmartRecovery),Sleep,78,62,76.9,58,75.5,0,300,0,0,300,,77.2,58,76.7,0,
2025-07-16,07:45:00,cool,compressorCoolStage1On,(SmartRecovery),Sleep,78,62,76.8,57,75.5,0,300,0,0,300,,77.1,57,76.6,0,
2025-07-16,07:50:00,cool,compressorCoolStage1On,(SmartRecovery),Sleep,78,62,76.5,55,75.5,0,300,0,0,300,,76.8,55,76.3,0,
2025-07-16,07:55:00,cool,compressorCoolStage1On,(SmartRecovery),Sleep,76.7,67.2,76.1,54,75.5,0,300,0,0,300,,76.5,54,75.8,0,
2025-07-16,08:00:00,cool,compressorCoolStage1On,,Home,76,70,76,53,77.4,0,45,0,0,90,,76.2,53,75.8,0,
2025-07-16,08:05:00,cool,compressorCoolOff,,Home,76,70,75.6,54,77.4,0,0,0,0,0,,76.2,54,75,0,
2025-07-16,08:10:00,cool,compressorCoolOff,,Home,76,70,75.6,54,77.4,0,0,0,0,0,,76.4,54,74.9,0,
2025-07-16,08:15:00,cool,compressorCoolOff,,Home,76,70,75.7,55,77.4,0,0,0,0,0,,76.6,55,74.9,0,
2025-07-16,08:20:00,cool,compressorCoolOff,,Home,76,70,76,55,77.4,0,0,0,0,0,,76.7,55,75.2,0,
2025-07-16,08:25:00,cool,compressorCoolOff,,Home,76,70,76.2,55,77.4,0,0,0,0,0,,76.8,55,75.6,0,
2025-07-16,08:30:00,cool,compressorCoolOff,,Home,76,70,76.2,56,78.9,0,0,0,0,0,,76.8,56,75.6,0,
2025-07-16,08:35:00,cool,compressorCoolOff,,Home,76,70,76.3,57,78.9,0,0,0,0,0,,76.9,57,75.8,0,
2025-07-16,08:40:00,cool,compressorCoolOff,,Home,76,70,76.3,56,78.9,0,0,0,0,0,,76.9,56,75.8,0,
2025-07-16,08:45:00,cool,compressorCoolOff,,Home,76,70,76.4,56,78.9,0,30,0,0,30,,76.9,56,76,0,
2025-07-16,08:50:00,cool,compressorCoolStage1On,,Home,76,70,76.6,56,78.9,0,300,0,0,300,,77,56,76.2,0,
2025-07-16,08:55:00,cool,compressorCoolStage1On,,Home,76,70,76.4,55,78.9,0,300,0,0,300,,76.8,55,76.2,0,
2025-07-16,09:00:00,cool,compressorCoolStage1On,,Home,76,70,76.3,53,80,0,300,0,0,300,,76.5,53,76.2,0,
2025-07-16,09:05:00,cool,compressorCoolStage1On,,Home,76,70,75.7,53,80,0,90,0,0,135,,76.1,53,75.4,0,
2025-07-16,09:10:00,cool,compressorCoolOff,,Home,76,70,75.5,53,80,0,0,0,0,0,,76,53,74.9,0,
2025-07-16,09:15:00,cool,compressorCoolOff,,Home,76,70,75.5,55,80,0,0,0,0,0,,76.2,55,74.9,0,
2025-07-16,09:20:00,cool,compressorCoolOff,,Home,76,70,75.6,55,80,0,0,0,0,0,,76.3,55,75,0,
2025-07-16,09:25:00,cool,compressorCoolOff,,Home,76,70,75.8,55,80,0,0,0,0,0,,76.5,55,75.2,0,
2025-07-16,09:30:00,cool,compressorCoolOff,,Home,76,70,76,56,80,0,0,0,0,0,,76.6,56,75.4,0,
2025-07-16,09:35:00,cool,compressorCoolOff,,Home,76,70,76,57,80,0,0,0,0,0,,76.7,57,75.4,0,
2025-07-16,09:40:00,cool,compressorCoolOff,,Home,76,70,76.1,56,80,0,0,0,0,0,,76.7,56,75.6,0,
2025-07-16,09:45:00,cool,compressorCoolOff,,Home,76,70,76.2,57,80,0,0,0,0,0,,76.8,57,75.6,0,
2025-07-16,09:50:00,cool,compressorCoolOff,,Home,76,70,76.2,58,80,0,0,0,0,0,,76.8,58,75.6,0,
2025-07-16,09:55:00,cool,compressorCoolOff,,Home,76,70,76.2,58,80,0,0,0,0,0,,76.9,58,75.7,0,
2025-07-16,10:00:00,cool,compressorCoolOff,,Home,76,70,76.3,58,82.3,0,0,0,0,0,,76.9,58,75.8,0,
2025-07-16,10:05:00,cool,compressorCoolOff,,Home,76,70,76.3,58,82.3,0,0,0,0,0,,76.9,58,75.9,0,
2025-07-16,10:10:00,cool,compressorCoolOff,,Home,76,70,76.4,57,82.3,0,225,0,0,225,,76.9,57,76,0,
2025-07-16,10:15:00,cool,compressorCoolStage1On,,Home,76,70,76.4,56,82.3,0,300,0,0,300,,76.9,56,75.9,0,
2025-07-16,10:20:00,cool,compressorCoolStage1On,,Home,76,70,76.2,54,82.3,0,240,0,0,285,,76.7,54,75.7,0,
2025-07-16,10:25:00,cool,compressorCoolOff,,Home,76,70,75.8,54,82.3,0,0,0,0,0,,76.4,54,75.3,0,
2025-07-16,10:30:00,cool,compressorCoolOff,,Home,76,70,75.8,55,82.3,0,0,0,0,0,,76.5,55,75.1,0,
2025-07-16,10:35:00,cool,compressorCoolOff,,Home,76,70,75.9,55,82.3,0,0,0,0,0,,76.6,55,75.2,0,
2025-07-16,10:40:00,cool,compressorCoolOff,,Home,76,70,76.1,55,82.3,0,0,0,0,0,,76.8,55,75.5,0,
2025-07-16,10:45:00,cool,compressorCoolOff,,Home,76,70,76.2,57,82.3,0,0,0,0,0,,76.8,57,75.6,0,
2025-07-16,10:50:00,cool,compressorCoolOff,,Home,76,70,76.2,56,82.3,0,0,0,0,0,,76.9,56,75.6,0,
2025-07-16,10:55:00,cool,compressorCoolOff,,Home,76,70,76.2,56,82.3,0,0,0,0,0,,76.9,56,75.6,0,
2025-07-16,11:00:00,cool,compressorCoolOff,,Home,76,70,76.1,56,82.7,0,0,0,0,0,,76.8,56,75.6,0,
2025-07-16,11:05:00,cool,compressorCoolOff,,Home,76,70,76.1,56,82.7,0,0,0,0,0,,76.7,56,75.7,0,
2025-07-16,11:10:00,cool,compressorCoolOff,,Home,76,70,76.4,56,82.7,0,60,0,0,60,,76.7,56,76,0,
2025-07-16,11:15:00,cool,compressorCoolStage1On,,Home,76,70,76.4,55,82.7,0,300,0,0,300,,76.8,55,76.1,0,
2025-07-16,11:20:00,cool,compressorCoolStage1On,,Home,76,70,76.3,54,82.7,0,300,0,0,300,,76.7,54,76,0,
2025-07-16,11:25:00,cool,compressorCoolStage1On,,Home,76,70,76,53,82.7,0,105,0,0,150,,76.5,53,75.6,0,
2025-07-16,11:30:00,cool,compressorCoolOff,,Home,76,70,75.7,54,82.7,0,0,0,0,0,,76.4,54,75.1,0,
2025-07-16,11:35:00,cool,compressorCoolOff,,Home,76,70,75.8,55,82.7,0,0,0,0,0,,76.5,55,75.1,0,
2025-07-16,11:40:00,cool,compressorCoolOff,,Home,76,70,75.9,55,82.7,0,0,0,0,0,,76.7,55,75.1,0,
2025-07-16,11:45:00,cool,compressorCoolOff,,Home,76,70,76,55,82.7,0,0,0,0,0,,76.8,55,75.2,0,
2025-07-16,11:50:00,cool,compressorCoolOff,,Home,76,70,76.1,55,82.7,0,0,0,0,0,,76.9,55,75.4,0,
2025-07-16,11:55:00,cool,compressorCoolOff,,Home,76,70,76.2,56,82.7,0,0,0,0,0,,77,56,75.5,0,
2025-07-16,12:00:00,cool,compressorCoolOff,,Home,76,70,76.4,56,85.3,0,0,0,0,0,,77,56,75.8,0,
2025-07-16,12:05:00,cool,compressorCoolOff,,Home,76,70,76.4,56,85.3,0,30,0,0,30,,77.1,56,75.8,0,
2025-07-16,12:10:00,cool,compressorCoolStage1On,,Home,76,70,76.5,56,85.3,0,300,0,0,300,,77.1,56,76,0,
2025-07-16,12:15:00,cool,compressorCoolStage1On,,Home,76,70,76.4,54,85.3,0,300,0,0,300,,77,54,76,0,
2025-07-16,12:20:00,cool,compressorCoolStage1On,,Home,76,70,76,54,85.3,0,75,0,0,120,,76.6,54,75.4,0,
2025-07-16,12:25:00,cool,compressorCoolOff,,Home,76,70,75.8,54,85.3,0,0,0,0,0,,76.5,54,75.1,0,
2025-07-16,12:30:00,cool,compressorCoolOff,,Home,76,70,75.8,55,85.1,0,0,0,0,0,,76.5,55,75.1,0,
2025-07-16,12:35:00,cool,compressorCoolOff,,Home,76,70,75.9,55,85.1,0,0,0,0,0,,76.7,55,75.2,0,
2025-07-16,12:40:00,cool,compressorCoolOff,,Home,76,70,76.1,56,85.1,0,0,0,0,0,,76.8,56,75.4,0,
2025-07-16,12:45:00,cool,compressorCoolOff,,Home,76,70,76.2,56,85.1,0,0,0,0,0,,76.9,56,75.6,0,
2025-07-16,12:50:00,cool,compressorCoolOff,,Home,76,70,76.3,57,85.1,0,0,0,0,0,,77,57,75.6,0,
2025-07-16,12:55:00,cool,compressorCoolOff,,Home,76,70,76.3,58,85.1,0,15,0,0,15,,77.1,58,75.6,0,
2025-07-16,13:00:00,cool,compressorCoolStage1On,,Home,76,70,76.6,57,85.9,0,300,0,0,300,,77.2,57,76,0,
2025-07-16,13:05:00,cool,compressorCoolStage1On,,Home,76,70,76.5,55,85.9,0,300,0,0,300,,77,55,76,0,
2025-07-16,13:10:00,cool,compressorCoolStage1On,,Home,76,70,76.3,54,85.9,0,300,0,0,300,,76.7,54,76,0,
2025-07-16,13:15:00,cool,compressorCoolStage1On,,Home,76,70,75.9,53,85.9,0,90,0,0,135,,76.5,53,75.3,0,
2025-07-16,13:20:00,cool,compressorCoolOff,,Home,76,70,75.8,54,85.9,0,0,0,0,0,,76.5,54,75.1,0,
2025-07-16,13:25:00,cool,compressorCoolOff,,Home,76,70,75.9,55,85.9,0,0,0,0,0,,76.7,55,75.1,0,
2025-07-16,13:30:00,cool,compressorCoolOff,,Home,76,70,76,55,85.9,0,0,0,0,0,,76.9,55,75.2,0,
2025-07-16,13:35:00,cool,compressorCoolOff,,Home,76,70,76.1,55,85.9,0,0,0,0,0,,77,55,75.2,0,
2025-07-16,13:40:00,cool,compressorCoolOff,,Home,76,70,76.1,55,85.9,0,45,0,0,45,,77.1,55,75.3,0,
2025-07-16,13:45:00,cool,compressorCoolStage1On,,Home,76,70,76.5,55,85.9,0,300,0,0,300,,77,55,76,0,
2025-07-16,13:50:00,cool,compressorCoolStage1On,,Home,76,70,76.4,54,85.9,0,300,0,0,300,,76.8,54,76,0,
2025-07-16,13:55:00,cool,compressorCoolStage1On,,Home,76,70,76.2,53,85.9,0,300,0,0,300,,76.5,53,76,0,
2025-07-16,14:00:00,cool,compressorCoolStage1On,,Home,76,70,75.8,52,87.3,0,45,0,0,90,,76.3,52,75.4,0,
2025-07-16,14:05:00,cool,compressorCoolOff,,Home,76,70,75.8,53,87.3,0,0,0,0,0,,76.4,53,75.2,0,
2025-07-16,14:10:00,cool,compressorCoolOff,,Home,76,70,75.9,54,87.3,0,0,0,0,0,,76.6,54,75.3,0,
2025-07-16,14:15:00,cool,compressorCoolOff,,Home,76,70,76,54,87.3,0,0,0,0,0,,76.8,54,75.4,0,
2025-07-16,14:20:00,cool,compressorCoolOff,,Home,76,70,76.2,55,87.3,0,120,0,0,120,,76.9,55,75.6,0,
2025-07-16,14:25:00,cool,compressorCoolStage1On,,Home,76,70,76.5,54,87.3,0,300,0,0,300,,77,54,76,0,
2025-07-16,14:30:00,cool,compressorCoolStage1On,,Home,76,70,76.4,52,87.3,0,300,0,0,300,,76.8,52,76,0,
2025-07-16,14:35:00,cool,compressorCoolStage1On,,Home,76,70,76.2,52,87.3,0,270,0,0,300,,76.5,52,75.9,0,
2025-07-16,14:40:00,cool,compressorCoolOff,,Home,76,70,75.7,52,87.3,0,0,0,0,15,,76.2,52,75.2,0,
2025-07-16,14:45:00,cool,compressorCoolOff,,Home,76,70,75.7,53,87.3,0,0,0,0,0,,76.3,53,75.2,0,
2025-07-16,14:50:00,cool,compressorCoolOff,,Home,76,70,75.8,55,87.3,0,0,0,0,0,,76.4,55,75.2,0,
2025-07-16,14:55:00,cool,compressorCoolOff,,Home,76,70,75.9,55,87.3,0,0,0,0,0,,76.6,55,75.2,0,
2025-07-16,15:00:00,cool,compressorCoolOff,,Home,76,70,76,55,87.1,0,0,0,0,0,,76.8,55,75.2,0,
2025-07-16,15:05:00,cool,compressorCoolOff,,Home,76,70,76,55,87.1,0,0,0,0,0,,76.9,55,75.2,0,
2025-07-16,15:10:00,cool,compressorCoolOff,,Home,76,70,76.1,56,87.1,0,0,0,0,0,,77,56,75.2,0,
2025-07-16,15:15:00,cool,compressorCoolOff,,Home,76,70,76.2,56,87.1,0,0,0,0,0,,77.1,56,75.4,0,
2025-07-16,15:20:00,cool,compressorCoolOff,,Home,76,70,76.4,56,87.1,0,0,0,0,0,,77,56,75.8,0,
2025-07-16,15:25:00,cool,compressorCoolOff,,Home,76,70,76.3,56,87.1,0,0,0,0,0,,76.9,56,75.8,0,
2025-07-16,15:30:00,cool,compressorCoolOff,,Home,76,70,76.3,56,87.1,0,0,0,0,0,,76.9,56,75.8,0,
2025-07-16,15:35:00,cool,compressorCoolOff,,Home,76,70,76.3,56,87.1,0,0,0,0,0,,76.9,56,75.8,0,
2025-07-16,15:40:00,cool,compressorCoolOff,,Home,76,70,76.4,56,87.1,0,75,0,0,75,,77.1,56,75.8,0,
2025-07-16,15:45:00,cool,compressorCoolStage1On,,Home,76,70,76.4,56,87.1,0,300,0,0,300,,77.1,56,75.8,0,
2025-07-16,15:50:00,cool,compressorCoolStage1On,,Home,76,70,76.4,54,87.1,0,300,0,0,300,,77,54,75.9,0,
2025-07-16,15:55:00,cool,compressorCoolStage1On,,Home,76,70,76.4,53,87.1,0,300,0,0,300,,76.8,53,76,0,
2025-07-16,16:00:00,cool,compressorCoolStage1On,,Home,76,70,76.3,52,87.2,0,300,0,0,300,,76.6,52,76,0,
2025-07-16,16:05:00,cool,compressorCoolStage1On,,Home,76,70,76.1,51,87.2,0,300,0,0,300,,76.4,51,76,0,
2025-07-16,16:10:00,cool,compressorCoolStage1On,,Home,76,70,76,51,87.2,0,210,0,0,255,,76.2,51,76,0,
2025-07-16,16:15:00,cool,compressorCoolOff,,Home,76,70,75.7,51,87.2,0,0,0,0,0,,76,51,75.5,0,
2025-07-16,16:20:00,cool,compressorCoolOff,,Home,76,70,75,52,87.2,0,0,0,0,0,,76.1,52,74,0,
2025-07-16,16:25:00,cool,compressorCoolOff,,Home,76,70,75.1,53,87.2,0,0,0,0,0,,76.2,53,74.1,0,
2025-07-16,16:30:00,cool,compressorCoolOff,,Home,76,70,75.4,54,87.2,0,0,0,0,0,,76.4,54,74.5,0,
2025-07-16,16:35:00,cool,compressorCoolOff,,Home,76,70,75.5,55,87.2,0,0,0,0,0,,76.6,55,74.5,0,
2025-07-16,16:40:00,cool,compressorCoolOff,,Home,76,70,75.6,55,87.2,0,0,0,0,0,,76.7,55,74.5,0,
2025-07-16,16:45:00,cool,compressorCoolOff,,Home,76,70,75.6,55,87.2,0,0,0,0,0,,76.8,55,74.5,0,
2025-07-16,16:50:00,cool,compressorCoolOff,,Home,76,70,75.9,55,87.2,0,0,0,0,0,,76.9,55,74.9,0,
2025-07-16,16:55:00,cool,compressorCoolOff,,Home,76,70,76.2,56,87.2,0,0,0,0,0,,77,56,75.4,0,
2025-07-16,17:00:00,cool,compressorCoolOff,,Home,76,70,76.2,56,86.4,0,0,0,0,0,,77.1,56,75.4,0,
2025-07-16,17:05:00,cool,compressorCoolOff,,Home,76,70,76.3,56,86.4,0,0,0,0,0,,77.1,56,75.6,0,
2025-07-16,17:10:00,cool,compressorCoolOff,,Home,76,70,76.3,56,86.4,0,0,0,0,0,,77.1,56,75.6,0,
2025-07-16,17:15:00,cool,compressorCoolOff,,Home,76,70,76.4,56,86.4,0,0,0,0,0,,77,56,75.8,0,
2025-07-16,17:20:00,cool,compressorCoolOff,,Home,76,70,76.3,56,86.4,0,0,0,0,0,,76.9,56,75.8,0,
2025-07-16,17:25:00,cool,compressorCoolOff,,Home,76,70,76.3,56,86.4,0,0,0,0,0,,76.9,56,75.8,0,
2025-07-16,17:30:00,cool,compressorCoolOff,,Home,76,70,76.5,56,85.4,0,255,0,0,255,,77,56,76.1,0,
2025-07-16,17:35:00,cool,compressorCoolStage1On,,Home,76,70,76.5,55,85.4,0,300,0,0,300,,77,55,76.2,0,
2025-07-16,17:40:00,cool,compressorCoolStage1On,,Home,76,70,76.2,53,85.4,0,300,0,0,300,,76.8,53,75.8,0,
2025-07-16,17:45:00,cool,compressorCoolStage1On,,Home,76,70,75.8,53,85.4,0,120,0,0,165,,76.5,53,75.2,0,
2025-07-16,17:50:00,cool,compressorCoolOff,,Home,76,70,75.6,53,85.4,0,0,0,0,0,,76.4,53,74.9,0,
2025-07-16,17:55:00,cool,compressorCoolOff,,Home,76,70,75.7,54,85.4,0,0,0,0,0,,76.6,54,74.9,0,
2025-07-16,18:00:00,cool,compressorCoolOff,,Home,76,70,75.8,54,84.9,0,0,0,0,0,,76.8,54,74.9,0,
2025-07-16,18:05:00,cool,compressorCoolOff,,Home,76,70,76,55,84.9,0,0,0,0,0,,76.9,55,75.2,0,
2025-07-16,18:10:00,cool,compressorCoolOff,,Home,76,70,76.1,55,84.9,0,0,0,0,0,,76.9,55,75.4,0,
2025-07-16,18:15:00,cool,compressorCoolOff,,Home,76,70,76.1,55,84.9,0,0,0,0,0,,76.8,55,75.4,0,
2025-07-16,18:20:00,cool,compressorCoolOff,,Home,76,70,76.1,55,84.9,0,0,0,0,0,,76.8,55,75.5,0,
2025-07-16,18:25:00,cool,compressorCoolOff,,Home,76,70,76.2,55,84.9,0,0,0,0,0,,76.8,55,75.7,0,
2025-07-16,18:30:00,cool,compressorCoolOff,,Home,76,70,76.3,56,84.2,0,0,0,0,0,,76.8,56,75.8,0,
2025-07-16,18:35:00,cool,compressorCoolOff,,Home,76,70,76.4,56,84.2,0,180,0,0,180,,76.9,56,75.9,0,
2025-07-16,18:40:00,cool,compressorCoolStage1On,,Home,76,70,76.4,55,84.2,0,300,0,0,300,,77,55,75.8,0,
2025-07-16,18:45:00,cool,compressorCoolStage1On,,Home,76,70,76.2,53,84.2,0,240,0,0,285,,76.8,53,75.6,0,
2025-07-16,18:50:00,cool,compressorCoolOff,,Home,76,70,75.9,53,84.2,0,0,0,0,0,,76.6,53,75.2,0,
2025-07-16,18:55:00,cool,compressorCoolOff,,Home,76,70,75.8,55,84.2,0,0,0,0,0,,76.7,55,74.9,0,
2025-07-16,19:00:00,cool,compressorCoolOff,,Home,76,70,75.9,55,84.2,0,0,0,0,0,,76.8,55,75.1,0,
2025-07-16,19:05:00,cool,compressorCoolOff,,Home,76,70,76,55,84.2,0,0,0,0,0,,76.9,55,75.2,0,
2025-07-16,19:10:00,cool,compressorCoolOff,,Home,76,70,76.1,55,84.2,0,0,0,0,0,,77,55,75.2,0,
2025-07-16,19:15:00,cool,compressorCoolOff,,Home,76,70,76.4,55,84.2,0,240,0,0,240,,77.1,55,75.8,0,
2025-07-16,19:20:00,cool,compressorCoolStage1On,,Home,76,70,76.4,54,84.2,0,300,0,0,300,,77,54,76,0,
2025-07-16,19:25:00,cool,compressorCoolStage1On,,Home,76,70,76.3,54,84.2,0,300,0,0,300,,76.7,54,76,0,
2025-07-16,19:30:00,cool,compressorCoolStage1On,,Home,76,70,76.1,53,84.2,0,300,0,0,300,,76.3,53,76,0,
2025-07-16,19:35:00,cool,compressorCoolStage1On,,Home,76,70,75.7,53,84.2,0,45,0,0,90,,76,53,75.5,0,
2025-07-16,19:40:00,cool,compressorCoolOff,,Home,76,70,75.4,53,84.2,0,0,0,0,0,,76,53,74.9,0,
2025-07-16,19:45:00,cool,compressorCoolOff,,Home,76,70,75.5,54,84.2,0,0,0,0,0,,76.2,54,74.9,0,
2025-07-16,19:50:00,cool,compressorCoolOff,,Home,76,70,75.6,55,84.2,0,0,0,0,0,,76.4,55,74.9,0,
2025-07-16,19:55:00,cool,compressorCoolOff,,Home,76,70,75.7,55,84.2,0,0,0,0,0,,76.6,55,74.9,0,
2025-07-16,20:00:00,cool,compressorCoolOff,,Home,76,70,75.8,56,81.1,0,0,0,0,0,,76.7,56,74.9,0,
2025-07-16,20:05:00,cool,compressorCoolOff,,Home,76,70,75.8,57,81.1,0,0,0,0,0,,76.8,57,74.9,0,
2025-07-16,20:10:00,cool,compressorCoolOff,,Home,76,70,75.9,57,81.1,0,0,0,0,0,,76.9,57,74.9,0,
2025-07-16,20:15:00,cool,compressorCoolOff,,Home,76,70,76.4,56,81.1,0,210,0,0,210,,77,56,75.9,0,
2025-07-16,20:20:00,cool,compressorCoolStage1On,,Home,76,70,76.6,55,81.1,0,300,0,0,300,,76.9,55,76.4,0,
2025-07-16,20:25:00,cool,compressorCoolStage1On,,Home,76,70,76.5,53,81.1,0,300,0,0,300,,76.7,53,76.4,0,
2025-07-16,20:30:00,cool,compressorCoolStage1On,,Home,76,70,76.2,53,81.1,0,240,0,0,285,,76.4,53,76.1,0,
2025-07-16,20:35:00,cool,compressorCoolOff,,Home,76,70,76,53,81.1,0,0,0,0,0,,76.2,53,75.8,0,
2025-07-16,20:40:00,cool,compressorCoolOff,,Home,76,70,76,54,81.1,0,0,0,0,0,,76.2,54,75.8,0,
2025-07-16,20:45:00,cool,compressorCoolOff,,Home,76,70,76,54,81.1,0,0,0,0,0,,76.3,54,75.8,0,
2025-07-16,20:50:00,cool,compressorCoolOff,,Home,76,70,76.1,55,81.1,0,0,0,0,0,,76.4,55,75.8,0,
2025-07-16,20:55:00,cool,compressorCoolOff,,Home,76,70,76.1,55,81.1,0,0,0,0,0,,76.5,55,75.8,0,
2025-07-16,21:00:00,cool,compressorCoolOff,,Home,76,70,76.2,56,78.8,0,0,0,0,0,,76.7,56,75.8,0,
2025-07-16,21:05:00,cool,compressorCoolOff,,Home,76,70,76.5,56,78.8,0,225,0,0,225,,76.8,56,76.2,0,
2025-07-16,21:10:00,cool,compressorCoolStage1On,,Home,76,70,76.5,55,78.8,0,300,0,0,300,,76.7,55,76.4,0,
2025-07-16,21:15:00,cool,compressorCoolStage1On,,Home,76,70,76.3,53,78.8,0,300,0,0,300,,76.5,53,76.1,0,
2025-07-16,21:20:00,cool,compressorCoolStage1On,,Home,76,70,76,52,78.8,0,240,0,0,285,,76.2,52,76,0,
2025-07-16,21:25:00,cool,compressorCoolOff,,Home,76,70,76,52,78.8,0,0,0,0,0,,76,52,76,0,
2025-07-16,21:30:00,cool,compressorCoolOff,,Home,76,70,76,52,78.8,0,0,0,0,0,,76.1,52,76,0,
2025-07-16,21:35:00,cool,compressorCoolOff,,Home,76,70,76.1,52,78.8,0,0,0,0,0,,76.3,52,75.9,0,
2025-07-16,21:40:00,cool,compressorCoolOff,,Home,76,70,75.9,53,78.8,0,0,0,0,0,,76.4,53,75.4,0,
2025-07-16,21:45:00,cool,compressorCoolOff,,Home,76,70,75.9,54,78.8,0,0,0,0,0,,76.5,54,75.4,0,
2025-07-16,21:50:00,cool,compressorCoolOff,,Home,76,70,76,54,78.8,0,0,0,0,0,,76.6,54,75.4,0,
2025-07-16,21:55:00,cool,compressorCoolOff,,Home,76,70,76.2,55,78.8,0,0,0,0,0,,76.6,55,75.8,0,
2025-07-16,22:00:00,cool,compressorCoolOff,,Home,76,70,76.3,55,78.6,0,0,0,0,0,,76.7,55,76,0,
2025-07-16,22:05:00,cool,compressorCoolOff,,Home,76,70,76.4,55,78.6,0,0,0,0,0,,76.8,55,76,0,
2025-07-16,22:10:00,cool,compressorCoolOff,,Home,76,70,76.4,55,78.6,0,0,0,0,0,,76.8,55,76,0,
2025-07-16,22:15:00,cool,compressorCoolOff,,Home,76,70,76.4,56,78.6,0,0,0,0,0,,76.8,56,76,0,
2025-07-16,22:20:00,cool,compressorCoolOff,,Home,76,70,76.4,56,78.6,0,0,0,0,0,,76.9,56,76,0,
2025-07-16,22:25:00,cool,compressorCoolOff,,Home,76,70,76.4,56,78.6,0,0,0,0,0,,76.9,56,76,0,
2025-07-16,22:30:00,cool,compressorCoolOff,,Home,76,70,76.4,56,78.6,0,0,0,0,0,,76.9,56,76,0,
2025-07-16,22:35:00,cool,compressorCoolOff,,Home,76,70,76.8,56,78.6,0,240,0,0,240,,76.9,56,76,0,
2025-07-16,22:40:00,cool,compressorCoolStage1On,,Home,76,70,76.8,55,78.6,0,300,0,0,300,,76.8,55,,0,
2025-07-16,22:45:00,cool,compressorCoolStage1On,,Home,76,70,76.6,53,78.6,0,300,0,0,300,,76.6,53,,0,
2025-07-16,22:50:00,cool,compressorCoolStage1On,,Home,76,70,76.2,53,78.6,0,300,0,0,300,,76.2,53,,0,
2025-07-16,22:55:00,cool,compressorCoolStage1On,,Home,76,70,75.9,53,78.6,0,15,0,0,60,,75.9,53,,0,
2025-07-16,23:00:00,cool,compressorCoolOff,,Home,76,70,76,53,75.8,0,0,0,0,0,,76,53,,0,
2025-07-16,23:05:00,cool,compressorCoolOff,,Home,76,70,76.2,54,75.8,0,0,0,0,0,,76.2,54,,0,
2025-07-16,23:10:00,cool,compressorCoolOff,,Home,76,70,76.3,54,75.8,0,0,0,0,0,,76.3,54,,0,
2025-07-16,23:15:00,cool,compressorCoolOff,,Home,76,70,76.4,54,75.8,0,75,0,0,75,,76.4,54,,0,
2025-07-16,23:20:00,cool,compressorCoolStage1On,,Home,76,70,76.4,54,75.8,0,300,0,0,300,,76.4,54,,0,
2025-07-16,23:25:00,cool,compressorCoolStage1On,,Home,76,70,76.2,52,75.8,0,285,0,0,300,,76.2,52,74.9,0,
2025-07-16,23:30:00,cool,compressorCoolOff,,Home,76,70,75.8,51,75.8,0,0,0,0,30,,75.9,51,74.9,0,
2025-07-16,23:35:00,cool,compressorCoolOff,,Home,76,70,75.6,53,75.8,0,0,0,0,0,,75.9,53,74.5,0,
2025-07-16,23:40:00,cool,compressorCoolOff,,Home,76,70,75.5,53,75.8,0,0,0,0,0,,76,53,74.5,0,
2025-07-16,23:45:00,cool,compressorCoolOff,,Home,76,70,75.5,52,75.8,0,0,0,0,0,,76.2,52,74.5,0,
2025-07-16,23:50:00,cool,compressorCoolOff,,Home,76,70,75.4,52,75.8,0,0,0,0,0,,76.3,52,74.5,0,
2025-07-16,23:55:00,cool,compressorCoolOff,,Home,77.2,65.2,75.4,54,75.8,0,0,0,0,0,,76.3,54,74.5,0,
2025-07-17,00:00:00,cool,compressorCoolOff,,Sleep,78,62,75.4,54,75.5,0,0,0,0,0,,76.4,54,74.5,0,
2025-07-17,00:05:00,cool,compressorCoolOff,,Sleep,78,62,75.5,54,75.5,0,0,0,0,0,,76.4,54,74.8,0,
2025-07-17,00:10:00,cool,compressorCoolOff,,Sleep,78,62,75.9,55,75.5,0,0,0,0,0,,76.5,55,75.4,0,
2025-07-17,00:15:00,cool,compressorCoolOff,,Sleep,78,62,75.9,55,75.5,0,0,0,0,0,,76.5,55,75.4,0,
2025-07-17,00:20:00,cool,compressorCoolOff,,Sleep,78,62,75.9,55,75.5,0,0,0,0,0,,76.5,55,75.4,0,
2025-07-17,00:25:00,cool,compressorCoolOff,,Sleep,78,62,75.9,55,75.5,0,0,0,0,0,,76.5,55,75.4,0,
2025-07-17,00:30:00,cool,compressorCoolOff,,Sleep,78,62,75.9,56,75.5,0,0,0,0,0,,76.5,56,75.4,0,
2025-07-17,00:35:00,cool,compressorCoolOff,,Sleep,78,62,76.1,57,75.5,0,0,0,0,0,,76.6,57,75.7,0,
2025-07-17,00:40:00,cool,compressorCoolOff,,Sleep,78,62,76.2,57,75.5,0,0,0,0,0,,76.6,57,75.8,0,
2025-07-17,00:45:00,cool,compressorCoolOff,,Sleep,78,62,76.2,57,75.5,0,0,0,0,0,,76.6,57,75.8,0,
2025-07-17,00:50:00,cool,compressorCoolOff,,Sleep,78,62,76.2,57,75.5,0,0,0,0,0,,76.6,57,75.8,0,
2025-07-17,00:55:00,cool,compressorCoolOff,,Sleep,78,62,76.2,57,75.5,0,0,0,0,0,,76.6,57,75.8,0,
2025-07-17,01:00:00,cool,compressorCoolOff,,Sleep,78,62,76.3,57,75.5,0,0,0,0,0,,76.7,57,76,0,
2025-07-17,01:05:00,cool,compressorCoolOff,,Sleep,78,62,76.3,57,75.5,0,0,0,0,0,,76.7,57,76,0,
2025-07-17,01:10:00,cool,compressorCoolOff,,Sleep,78,62,76.3,58,75.5,0,0,0,0,0,,76.7,58,76,0,
2025-07-17,01:15:00,cool,compressorCoolOff,,Sleep,78,62,76.4,58,75.5,0,0,0,0,0,,76.8,58,76,0,
2025-07-17,01:20:00,cool,compressorCoolOff,,Sleep,78,62,76.5,58,75.5,0,0,0,0,0,,76.8,58,76.2,0,
2025-07-17,01:25:00,cool,compressorCoolOff,,Sleep,78,62,76.5,58,75.5,0,0,0,0,0,,76.8,58,76.2,0,
2025-07-17,01:30:00,cool,compressorCoolOff,,Sleep,78,62,76.5,58,74.8,0,0,0,0,0,,76.8,58,76.2,0,
2025-07-17,01:35:00,cool,compressorCoolOff,,Sleep,78,62,76.5,58,74.8,0,0,0,0,0,,76.8,58,76.3,0,
2025-07-17,01:40:00,cool,compressorCoolOff,,Sleep,78,62,76.6,58,74.8,0,0,0,0,0,,76.9,58,76.4,0,
2025-07-17,01:45:00,cool,compressorCoolOff,,Sleep,78,62,76.6,58,74.8,0,0,0,0,0,,76.9,58,76.4,0,
2025-07-17,01:50:00,cool,compressorCoolOff,,Sleep,78,62,76.6,58,74.8,0,0,0,0,0,,76.9,58,76.4,0,
2025-07-17,01:55:00,cool,compressorCoolOff,,Sleep,78,62,76.6,58,74.8,0,0,0,0,0,,76.9,58,76.4,0,
2025-07-17,02:00:00,cool,compressorCoolOff,,Sleep,78,62,76.6,58,74.8,0,0,0,0,0,,76.9,58,76.4,0,
2025-07-17,02:05:00,cool,compressorCoolOff,,Sleep,78,62,76.7,58,74.8,0,0,0,0,0,,77,58,76.4,0,
2025-07-17,02:10:00,cool,compressorCoolOff,,Sleep,78,62,76.7,58,74.8,0,0,0,0,0,,77,58,76.4,0,
2025-07-17,02:15:00,cool,compressorCoolOff,,Sleep,78,62,76.7,59,74.8,0,0,0,0,0,,77,59,76.4,0,
2025-07-17,02:20:00,cool,compressorCoolOff,,Sleep,78,62,76.6,58,74.8,0,0,0,0,0,,76.9,58,76.4,0,
2025-07-17,02:25:00,cool,compressorCoolOff,,Sleep,78,62,76.7,59,74.8,0,0,0,0,0,,76.9,59,76.4,0,
2025-07-17,02:30:00,cool,compressorCoolOff,,Sleep,78,62,76.9,59,74.1,0,0,0,0,0,,76.9,59,,0,
2025-07-17,02:35:00,cool,compressorCoolOff,,Sleep,78,62,76.8,59,74.1,0,0,0,0,0,,76.9,59,76.5,0,
2025-07-17,02:40:00,cool,compressorCoolOff,,Sleep,78,62,76.8,59,74.1,0,0,0,0,0,,76.9,59,76.5,0,
2025-07-17,02:45:00,cool,compressorCoolOff,,Sleep,78,62,76.8,59,74.1,0,0,0,0,0,,77,59,76.5,0,
2025-07-17,02:50:00,cool,compressorCoolOff,,Sleep,78,62,76.8,59,74.1,0,0,0,0,0,,77,59,76.5,0,
2025-07-17,02:55:00,cool,compressorCoolOff,,Sleep,78,62,76.7,59,74.1,0,0,0,0,0,,77,59,76.5,0,
2025-07-17,03:00:00,cool,compressorCoolOff,,Sleep,78,62,76.7,59,74.1,0,0,0,0,0,,77,59,76.5,0,
2025-07-17,03:05:00,cool,compressorCoolOff,,Sleep,78,62,76.7,59,74.1,0,0,0,0,0,,77,59,76.5,0,
2025-07-17,03:10:00,cool,compressorCoolOff,,Sleep,78,62,76.8,59,74.1,0,0,0,0,0,,77.1,59,76.5,0,
2025-07-17,03:15:00,cool,compressorCoolOff,,Sleep,78,62,76.8,59,74.1,0,0,0,0,0,,77.1,59,76.5,0,
2025-07-17,03:20:00,cool,compressorCoolOff,,Sleep,78,62,76.8,59,74.1,0,0,0,0,0,,77.1,59,76.5,0,
2025-07-17,03:25:00,cool,compressorCoolOff,,Sleep,78,62,76.8,59,74.1,0,0,0,0,0,,77.1,59,76.5,0,
2025-07-17,03:30:00,cool,compressorCoolOff,,Sleep,78,62,76.8,59,74.1,0,0,0,0,0,,77.1,59,76.5,0,
2025-07-17,03:35:00,cool,compressorCoolOff,,Sleep,78,62,76.8,59,74.1,0,0,0,0,0,,77.1,59,76.5,0,
2025-07-17,03:40:00,cool,compressorCoolOff,,Sleep,78,62,76.8,58,74.1,0,0,0,0,0,,77.1,58,76.5,0,
2025-07-17,03:45:00,cool,compressorCoolOff,,Sleep,78,62,76.7,58,74.1,0,0,0,0,0,,77,58,76.5,0,
2025-07-17,03:50:00,cool,compressorCoolOff,,Sleep,78,62,76.7,58,74.1,0,0,0,0,0,,77,58,76.5,0,
2025-07-17,03:55:00,cool,compressorCoolOff,,Sleep,78,62,76.7,59,74.1,0,0,0,0,0,,77,59,76.5,0,
2025-07-17,04:00:00,cool,compressorCoolOff,,Sleep,78,62,76.7,59,74.3,0,0,0,0,0,,77,59,76.5,0,
2025-07-17,04:05:00,cool,compressorCoolOff,,Sleep,78,62,76.8,59,74.3,0,0,0,0,0,,77,59,76.5,0,
2025-07-17,04:10:00,cool,compressorCoolOff,,Sleep,78,62,77,59,74.3,0,0,0,0,0,,77,59,,0,
2025-07-17,04:15:00,cool,compressorCoolOff,,Sleep,78,62,76.9,59,74.3,0,0,0,0,0,,77,59,76.5,0,
2025-07-17,04:20:00,cool,compressorCoolOff,,Sleep,78,62,76.9,59,74.3,0,0,0,0,0,,77.1,59,76.5,0,
2025-07-17,04:25:00,cool,compressorCoolOff,,Sleep,78,62,76.9,59,74.3,0,0,0,0,0,,77.1,59,76.5,0,
2025-07-17,04:30:00,cool,compressorCoolOff,,Sleep,78,62,76.8,59,74.3,0,0,0,0,0,,77.1,59,76.5,0,
2025-07-17,04:35:00,cool,compressorCoolOff,,Sleep,78,62,76.8,59,74.3,0,0,0,0,0,,77.1,59,76.5,0,
2025-07-17,04:40:00,cool,compressorCoolOff,,Sleep,78,62,76.8,59,74.3,0,0,0,0,0,,77.1,59,76.5,0,
2025-07-17,04:45:00,cool,compressorCoolOff,,Sleep,78,62,76.7,59,74.3,0,0,0,0,0,,77.1,59,76.5,0,
2025-07-17,04:50:00,cool,compressorCoolOff,,Sleep,78,62,76.8,59,74.3,0,0,0,0,0,,77.1,59,76.5,0,
2025-07-17,04:55:00,cool,compressorCoolOff,,Sleep,78,62,76.8,59,74.3,0,0,0,0,0,,77.1,59,76.5,0,
2025-07-17,05:00:00,cool,compressorCoolOff,,Sleep,78,62,76.8,59,74.6,0,0,0,0,0,,77.1,59,76.5,0,
2025-07-17,05:05:00,cool,compressorCoolOff,,Sleep,78,62,76.8,59,74.6,0,0,0,0,0,,77.1,59,76.5,0,
2025-07-17,05:10:00,cool,compressorCoolOff,,Sleep,78,62,76.8,59,74.6,0,0,0,0,0,,77.1,59,76.5,0,
2025-07-17,05:15:00,cool,compressorCoolOff,,Sleep,78,62,76.8,59,74.6,0,0,0,0,0,,77.2,59,76.5,0,
2025-07-17,05:20:00,cool,compressorCoolOff,,Sleep,78,62,76.8,59,74.6,0,0,0,0,0,,77.2,59,76.5,0,
2025-07-17,05:25:00,cool,compressorCoolOff,,Sleep,78,62,76.8,59,74.6,0,0,0,0,0,,77.2,59,76.5,0,
2025-07-17,05:30:00,cool,compressorCoolOff,,Sleep,78,62,77.2,59,74.1,0,0,0,0,0,,77.2,59,,0,
2025-07-17,05:35:00,cool,compressorCoolOff,,Sleep,78,62,77.2,59,74.1,0,0,0,0,0,,77.2,59,,0,
2025-07-17,05:40:00,cool,compressorCoolOff,,Sleep,78,62,77.2,59,74.1,0,0,0,0,0,,77.2,59,,0,
2025-07-17,05:45:00,cool,compressorCoolOff,,Sleep,78,62,77.1,58,74.1,0,0,0,0,0,,77.1,58,,0,
2025-07-17,05:50:00,cool,compressorCoolOff,,Sleep,78,62,77.1,58,74.1,0,0,0,0,0,,77.1,58,,0,
2025-07-17,05:55:00,cool,compressorCoolOff,,Sleep,78,62,77.1,58,74.1,0,0,0,0,0,,77.1,58,,0,
2025-07-17,06:00:00,cool,compressorCoolOff,,Sleep,78,62,77.1,59,74.3,0,0,0,0,0,,77.1,59,,0,
2025-07-17,06:05:00,cool,compressorCoolOff,,Sleep,78,62,77.1,59,74.3,0,0,0,0,0,,77.1,59,,0,
2025-07-17,06:10:00,cool,compressorCoolOff,,Sleep,78,62,77.1,59,74.3,0,0,0,0,0,,77.1,59,,0,
2025-07-17,06:15:00,cool,compressorCoolOff,,Sleep,78,62,77.1,59,74.3,0,0,0,0,0,,77.1,59,,0,
2025-07-17,06:20:00,cool,compressorCoolOff,,Sleep,78,62,77.1,59,74.3,0,0,0,0,0,,77.1,59,,0,
2025-07-17,06:25:00,cool,compressorCoolOff,,Sleep,78,62,77.1,59,74.3,0,0,0,0,0,,77.1,59,,0,
2025-07-17,06:30:00,cool,compressorCoolOff,,Sleep,78,62,77.1,59,74.3,0,0,0,0,0,,77.1,59,,0,
2025-07-17,06:35:00,cool,compressorCoolOff,,Sleep,78,62,77.1,59,74.3,0,0,0,0,0,,77.1,59,,0,
2025-07-17,06:40:00,cool,compressorCoolOff,,Sleep,78,62,77.1,59,74.3,0,0,0,0,0,,77.1,59,,0,
2025-07-17,06:45:00,cool,compressorCoolOff,,Sleep,78,62,77.1,59,74.3,0,0,0,0,0,,77.1,59,,0,
2025-07-17,06:50:00,cool,compressorCoolOff,,Sleep,78,62,77.2,59,74.3,0,0,0,0,0,,77.2,59,,0,
2025-07-17,06:55:00,cool,compressorCoolOff,,Sleep,78,62,77.2,59,74.3,0,0,0,0,0,,77.2,59,,0,
2025-07-17,07:00:00,cool,compressorCoolOff,,Sleep,78,62,77.2,59,75.3,0,0,0,0,0,,77.2,59,,0,
2025-07-17,07:05:00,cool,compressorCoolOff,,Sleep,78,62,77.2,59,75.3,0,0,0,0,0,,77.2,59,,0,
2025-07-17,07:10:00,cool,compressorCoolOff,,Sleep,78,62,77.2,59,75.3,0,0,0,0,0,,77.2,59,,0,
2025-07-17,07:15:00,cool,compressorCoolOff,,Sleep,78,62,77.2,59,75.3,0,0,0,0,0,,77.2,59,,0,
2025-07-17,07:20:00,cool,compressorCoolOff,,Sleep,78,62,77.2,59,75.3,0,0,0,0,0,,77.2,59,,0,
2025-07-17,07:25:00,cool,compressorCoolOff,,Sleep,78,62,77.2,59,75.3,0,0,0,0,0,,77.2,59,,0,
2025-07-17,07:30:00,cool,compressorCoolOff,,Sleep,78,62,77.2,59,75.3,0,15,0,0,15,,77.2,59,,0,
2025-07-17,07:35:00,cool,compressorCoolStage1On,(SmartRecovery),Sleep,78,62,77.2,58,75.3,0,300,0,0,300,,77.2,58,,0,
2025-07-17,07:40:00,cool,compressorCoolStage1On,(SmartRecovery),Sleep,78,62,77,57,75.3,0,300,0,0,300,,77,57,,0,
2025-07-17,07:45:00,cool,compressorCoolStage1On,(SmartRecovery),Sleep,78,62,76.7,55,75.3,0,300,0,0,300,,76.7,55,,0,
2025-07-17,07:50:00,cool,compressorCoolStage1On,(SmartRecovery),Sleep,78,62,76.4,54,75.3,0,300,0,0,300,,76.4,54,,0,
2025-07-17,07:55:00,cool,compressorCoolStage1On,(SmartRecovery),Sleep,76.8,66.8,76.1,54,75.3,0,270,0,0,300,,76.1,54,,0,
2025-07-17,08:00:00,cool,compressorCoolOff,,Home,76,70,75.9,53,78.1,0,0,0,0,15,,75.9,53,,0,
2025-07-17,08:05:00,cool,compressorCoolOff,,Home,76,70,76,53,78.1,0,0,0,0,0,,76,53,,0,
2025-07-17,08:10:00,cool,compressorCoolOff,,Home,76,70,76.3,54,78.1,0,0,0,0,0,,76.3,54,,0,
2025-07-17,08:15:00,cool,compressorCoolOff,,Home,76,70,76.4,55,78.1,0,135,0,0,135,,76.4,55,,0,
2025-07-17,08:20:00,cool,compressorCoolStage1On,,Home,76,70,76.5,54,78.1,0,300,0,0,300,,76.5,54,,0,
2025-07-17,08:25:00,cool,compressorCoolStage1On,,Home,76,70,76.3,53,78.1,0,300,0,0,300,,76.3,53,,0,
2025-07-17,08:30:00,cool,compressorCoolStage1On,,Home,76,70,76,53,79.9,0,120,0,0,165,,76,53,,0,
2025-07-17,08:35:00,cool,compressorCoolOff,,Home,76,70,76,53,79.9,0,0,0,0,0,,76,53,,0,
2025-07-17,08:40:00,cool,compressorCoolOff,,Home,76,70,76.1,54,79.9,0,0,0,0,0,,76.1,54,,0,
2025-07-17,08:45:00,cool,compressorCoolOff,,Home,76,70,76.3,54,79.9,0,0,0,0,0,,76.3,54,,0,
2025-07-17,08:50:00,cool,compressorCoolOff,,Home,76,70,76.4,54,79.9,0,0,0,0,0,,76.4,54,,0,
2025-07-17,08:55:00,cool,compressorCoolOff,,Home,76,70,76.4,54,79.9,0,285,0,0,285,,76.4,54,,0,
2025-07-17,09:00:00,cool,compressorCoolStage1On,,Home,76,70,76.3,53,81.1,0,300,0,0,300,,76.3,53,,0,
2025-07-17,09:05:00,cool,compressorCoolStage1On,,Home,76,70,75.9,53,81.1,0,105,0,0,150,,75.9,53,,0,
2025-07-17,09:10:00,cool,compressorCoolOff,,Home,76,70,75.8,53,81.1,0,0,0,0,0,,75.8,53,,0,
2025-07-17,09:15:00,cool,compressorCoolOff,,Home,76,70,76,54,81.1,0,0,0,0,0,,76,54,,0,
2025-07-17,09:20:00,cool,compressorCoolOff,,Home,76,70,76.1,55,81.1,0,0,0,0,0,,76.2,55,74.5,0,
2025-07-17,09:25:00,cool,compressorCoolOff,,Home,76,70,75.9,55,81.1,0,0,0,0,0,,76.3,55,74.5,0,
2025-07-17,09:30:00,cool,compressorCoolOff,,Home,76,70,75.8,56,81.1,0,0,0,0,0,,76.4,56,74.5,0,
2025-07-17,09:35:00,cool,compressorCoolOff,,Home,76,70,75.7,58,81.1,0,0,0,0,0,,76.5,58,74.5,0,
2025-07-17,09:40:00,cool,compressorCoolOff,,Home,76,70,75.6,58,81.1,0,0,0,0,0,,76.5,58,74.5,0,
2025-07-17,09:45:00,cool,compressorCoolOff,,Home,76,70,75.5,58,81.1,0,0,0,0,0,,76.6,58,74.5,0,
2025-07-17,09:50:00,cool,compressorCoolOff,,Home,76,70,75.5,58,81.1,0,0,0,0,0,,76.6,58,74.5,0,
2025-07-17,09:55:00,cool,compressorCoolOff,,Home,76,70,75.6,58,81.1,0,0,0,0,0,,76.7,58,74.5,0,
2025-07-17,10:00:00,cool,compressorCoolOff,,Home,76,70,76.4,58,83.9,0,210,0,0,210,,76.7,58,74.5,0,
2025-07-17,10:05:00,cool,compressorCoolStage1On,,Home,76,70,76.7,56,83.9,0,300,0,0,300,,76.7,56,,0,
2025-07-17,10:10:00,cool,compressorCoolStage1On,,Home,76,70,76.4,54,83.9,0,300,0,0,300,,76.4,54,,0,
2025-07-17,10:15:00,cool,compressorCoolStage1On,,Home,76,70,76,53,83.9,0,195,0,0,240,,76,53,,0,
2025-07-17,10:20:00,cool,compressorCoolOff,,Home,76,70,75.9,53,83.9,0,0,0,0,0,,75.9,53,,0,
2025-07-17,10:25:00,cool,compressorCoolOff,,Home,76,70,76,54,83.9,0,0,0,0,0,,76,54,,0,
2025-07-17,10:30:00,cool,compressorCoolOff,,Home,76,70,76.2,55,83.9,0,0,0,0,0,,76.2,55,,0,
2025-07-17,10:35:00,cool,compressorCoolOff,,Home,76,70,76.4,55,83.9,0,90,0,0,90,,76.4,55,,0,
2025-07-17,10:40:00,cool,compressorCoolStage1On,,Home,76,70,76.4,54,83.9,0,300,0,0,300,,76.4,54,,0,
2025-07-17,10:45:00,cool,compressorCoolStage1On,,Home,76,70,76.2,52,83.9,0,285,0,0,300,,76.2,52,74,0,
2025-07-17,10:50:00,cool,compressorCoolOff,,Home,76,70,75.7,53,83.9,0,0,0,0,30,,75.9,53,74,0,
2025-07-17,10:55:00,cool,compressorCoolOff,,Home,76,70,75.5,54,83.9,0,0,0,0,0,,75.9,54,74,0,
2025-07-17,11:00:00,cool,compressorCoolOff,,Home,76,70,75.5,55,86.6,0,0,0,0,0,,76.2,55,74,0,
2025-07-17,11:05:00,cool,compressorCoolOff,,Home,76,70,75.4,55,86.6,0,0,0,0,0,,76.3,55,74,0,
2025-07-17,11:10:00,cool,compressorCoolOff,,Home,76,70,75.3,55,86.6,0,0,0,0,0,,76.4,55,74,0,
2025-07-17,11:15:00,cool,compressorCoolOff,,Home,76,70,75.1,55,86.6,0,0,0,0,0,,76.4,55,74,0,
2025-07-17,11:20:00,cool,compressorCoolOff,,Home,76,70,75.2,55,86.6,0,0,0,0,0,,76.4,55,74,0,
2025-07-17,11:25:00,cool,compressorCoolOff,,Home,76,70,75.2,56,86.6,0,15,0,0,15,,76.4,56,74,0,
2025-07-17,11:30:00,cool,compressorCoolStage1On,,Home,76,70,76.5,55,86.6,0,300,0,0,300,,76.5,55,,0,
2025-07-17,11:35:00,cool,compressorCoolStage1On,,Home,76,70,76.4,54,86.6,0,300,0,0,300,,76.4,54,,0,
2025-07-17,11:40:00,cool,compressorCoolStage1On,,Home,76,70,76,53,86.6,0,180,0,0,225,,76,53,,0,
2025-07-17,11:45:00,cool,compressorCoolOff,,Home,76,70,75.9,53,86.6,0,0,0,0,0,,75.9,53,,0,
2025-07-17,11:50:00,cool,compressorCoolOff,,Home,76,70,76.1,54,86.6,0,0,0,0,0,,76.1,54,,0,
2025-07-17,11:55:00,cool,compressorCoolOff,,Home,76,70,76.3,55,86.6,0,0,0,0,0,,76.3,55,,0,
2025-07-17,12:00:00,cool,compressorCoolOff,,Home,76,70,76.4,54,87.4,0,285,0,0,285,,76.4,54,,0,
2025-07-17,12:05:00,cool,compressorCoolStage1On,,Home,76,70,76.2,53,87.4,0,255,0,0,300,,76.3,53,74.3,0,
2025-07-17,12:10:00,cool,compressorCoolOff,,Home,76,70,75.7,52,87.4,0,0,0,0,0,,76.1,52,74.3,0,
2025-07-17,12:15:00,cool,compressorCoolOff,,Home,76,70,75.6,54,87.4,0,0,0,0,0,,76.2,54,74.3,0,
2025-07-17,12:20:00,cool,compressorCoolOff,,Home,76,70,75.6,55,87.4,0,0,0,0,0,,76.3,55,74.3,0,
2025-07-17,12:25:00,cool,compressorCoolOff,,Home,76,70,75.4,55,87.4,0,0,0,0,0,,76.4,55,74.3,0,
2025-07-17,12:30:00,cool,compressorCoolOff,,Home,76,70,75.3,55,88.5,0,0,0,0,0,,76.4,55,74.3,0,
2025-07-17,12:35:00,cool,compressorCoolOff,,Home,76,70,75.3,55,88.5,0,0,0,0,0,,76.4,55,74.3,0,
2025-07-17,12:40:00,cool,compressorCoolOff,,Home,76,70,75.3,56,88.5,0,0,0,0,0,,76.4,56,74.3,0,
2025-07-17,12:45:00,cool,compressorCoolOff,,Home,76,70,76.2,56,88.5,0,210,0,0,210,,76.5,56,74.3,0,
2025-07-17,12:50:00,cool,compressorCoolStage1On,,Home,76,70,76.6,55,88.5,0,300,0,0,300,,76.6,55,,0,
2025-07-17,12:55:00,cool,compressorCoolStage1On,,Home,76,70,76.4,53,88.5,0,300,0,0,300,,76.4,53,,0,
2025-07-17,13:00:00,cool,compressorCoolStage1On,,Home,76,70,76.1,52,89.2,0,225,0,0,270,,76.1,52,,0,
2025-07-17,13:05:00,cool,compressorCoolOff,,Home,76,70,75.9,53,89.2,0,0,0,0,0,,75.9,53,,0,
2025-07-17,13:10:00,cool,compressorCoolOff,,Home,76,70,76.1,54,89.2,0,0,0,0,0,,76.1,54,,0,
2025-07-17,13:15:00,cool,compressorCoolOff,,Home,76,70,76.3,54,89.2,0,30,0,0,30,,76.3,54,,0,
2025-07-17,13:20:00,cool,compressorCoolStage1On,,Home,76,70,76.5,54,89.2,0,300,0,0,300,,76.5,54,,0,
2025-07-17,13:25:00,cool,compressorCoolStage1On,,Home,76,70,76.2,52,89.2,0,270,0,0,300,,76.2,52,74.5,0,
2025-07-17,13:30:00,cool,compressorCoolOff,,Home,76,70,75.7,52,89.2,0,0,0,0,15,,75.9,52,74.5,0,
2025-07-17,13:35:00,cool,compressorCoolOff,,Home,76,70,75.5,52,89.2,0,0,0,0,0,,75.8,52,74.5,0,
2025-07-17,13:40:00,cool,compressorCoolOff,,Home,76,70,75.5,54,89.2,0,0,0,0,0,,76,54,74.5,0,
2025-07-17,13:45:00,cool,compressorCoolOff,,Home,76,70,75.5,55,89.2,0,0,0,0,0,,76.2,55,74.5,0,
2025-07-17,13:50:00,cool,compressorCoolOff,,Home,76,70,75.5,55,89.2,0,0,0,0,0,,76.3,55,74.5,0,
2025-07-17,13:55:00,cool,compressorCoolOff,,Home,76,70,75.6,56,89.2,0,0,0,0,0,,76.5,56,74.9,0,
2025-07-17,14:00:00,cool,compressorCoolOff,,Home,76,70,75.8,56,90.5,0,0,0,0,0,,76.6,56,75.2,0,
2025-07-17,14:05:00,cool,compressorCoolOff,,Home,76,70,75.9,56,90.5,0,0,0,0,0,,76.7,56,75.2,0,
2025-07-17,14:10:00,cool,compressorCoolOff,,Home,76,70,76,56,90.5,0,0,0,0,0,,76.8,56,75.2,0,
2025-07-17,14:15:00,cool,compressorCoolOff,,Home,76,70,76,57,90.5,0,0,0,0,0,,76.8,57,75.3,0,
2025-07-17,14:20:00,cool,compressorCoolOff,,Home,76,70,76.4,57,90.5,0,0,0,0,0,,76.8,57,76,0,
2025-07-17,14:25:00,cool,compressorCoolOff,,Home,76,70,76.4,58,90.5,0,0,0,0,0,,76.9,58,76,0,
2025-07-17,14:30:00,cool,compressorCoolOff,,Home,76,70,76.4,58,90.5,0,0,0,0,0,,76.9,58,76,0,
2025-07-17,14:35:00,cool,compressorCoolOff,,Home,76,70,76.6,57,90.5,0,255,0,0,255,,76.9,57,76.4,0,
2025-07-17,14:40:00,cool,compressorCoolStage1On,,Home,76,70,76.6,56,90.5,0,300,0,0,300,,76.9,56,76.5,0,
2025-07-17,14:45:00,cool,compressorCoolStage1On,,Home,76,70,76.5,54,90.5,0,300,0,0,300,,76.6,54,76.5,0,
2025-07-17,14:50:00,cool,compressorCoolStage1On,,Home,76,70,76.3,53,90.5,0,300,0,0,300,,76.3,53,76.5,0,
2025-07-17,14:55:00,cool,compressorCoolStage1On,,Home,76,70,76.2,52,90.5,0,300,0,0,300,,76,52,76.5,0,
2025-07-17,15:00:00,cool,compressorCoolStage1On,,Home,76,70,76.1,51,91.3,0,300,0,0,300,,75.7,51,76.5,0,
2025-07-17,15:05:00,cool,compressorCoolStage1On,,Home,76,70,76,51,91.3,0,30,0,0,75,,75.6,51,76.5,0,
2025-07-17,15:10:00,cool,compressorCoolOff,,Home,76,70,76.1,54,91.3,0,0,0,0,0,,75.8,54,76.5,0,
2025-07-17,15:15:00,cool,compressorCoolOff,,Home,76,70,76.2,56,91.3,0,0,0,0,0,,76.2,56,76.5,0,
2025-07-17,15:20:00,cool,compressorCoolOff,,Home,76,70,76.4,57,91.3,0,195,0,0,195,,76.4,57,,0,
2025-07-17,15:25:00,cool,compressorCoolStage1On,,Home,76,70,76.6,55,91.3,0,300,0,0,300,,76.6,55,,0,
2025-07-17,15:30:00,cool,compressorCoolStage1On,,Home,76,70,76.5,53,91.3,0,300,0,0,300,,76.5,53,,0,
2025-07-17,15:35:00,cool,compressorCoolStage1On,,Home,76,70,76.3,53,91.3,0,300,0,0,300,,76.3,53,,0,
2025-07-17,15:40:00,cool,compressorCoolStage1On,,Home,76,70,76.1,52,91.3,0,300,0,0,300,,76.1,52,,0,
2025-07-17,15:45:00,cool,compressorCoolStage1On,,Home,76,70,75.9,51,91.3,0,105,0,0,150,,76,51,74.9,0,
2025-07-17,15:50:00,cool,compressorCoolOff,,Home,76,70,75.8,53,91.3,0,0,0,0,0,,76,53,74.9,0,
2025-07-17,15:55:00,cool,compressorCoolOff,,Home,76,70,75.9,55,91.3,0,0,0,0,0,,76.3,55,75,0,
2025-07-17,16:00:00,cool,compressorCoolOff,,Home,76,70,76,55,91.4,0,0,0,0,0,,76.5,55,75.2,0,
2025-07-17,16:05:00,cool,compressorCoolOff,,Home,76,70,76,55,91.4,0,0,0,0,0,,76.7,55,75.2,0,
2025-07-17,16:10:00,cool,compressorCoolOff,,Home,76,70,76,55,91.4,0,0,0,0,0,,76.8,55,75.2,0,
2025-07-17,16:15:00,cool,compressorCoolOff,,Home,76,70,76,56,91.4,0,0,0,0,0,,77,56,75.2,0,
2025-07-17,16:20:00,cool,compressorCoolStage1On,,Home,76,70,77.1,56,91.4,0,300,0,0,300,,77.1,56,77.1,0,
2025-07-17,16:25:00,cool,compressorCoolStage1On,,Home,76,70,77,55,91.4,0,300,0,0,300,,77.1,55,77.1,0,
2025-07-17,16:30:00,cool,compressorCoolStage1On,,Home,76,70,76.9,54,89.7,0,300,0,0,300,,76.9,54,77.1,0,
2025-07-17,16:35:00,cool,compressorCoolStage1On,,Home,76,70,76.8,54,89.7,0,300,0,0,300,,76.6,54,77.1,0,
2025-07-17,16:40:00,cool,compressorCoolStage1On,,Home,76,70,76.8,54,89.7,0,300,0,0,300,,76.6,54,77.1,0,
2025-07-17,16:45:00,cool,compressorCoolStage1On,,Home,76,70,76.8,53,89.7,0,300,0,0,300,,76.5,53,77.1,0,
2025-07-17,16:50:00,cool,compressorCoolStage1On,,Home,76,70,76.4,53,89.7,0,195,0,0,240,,76.4,53,76.4,0,
2025-07-17,16:55:00,cool,compressorCoolOff,,Home,76,70,75.8,53,89.7,0,0,0,0,0,,76.4,53,75.2,0,
2025-07-17,17:00:00,cool,compressorCoolOff,,Home,76,70,75.8,54,90.7,0,0,0,0,0,,76.5,54,75.2,0,
2025-07-17,17:05:00,cool,compressorCoolOff,,Home,76,70,75.9,54,90.7,0,0,0,0,0,,76.7,54,75.2,0,
2025-07-17,17:10:00,cool,compressorCoolOff,,Home,76,70,76.4,55,90.7,0,135,0,0,135,,76.9,55,76,0,
2025-07-17,17:15:00,cool,compressorCoolStage1On,,Home,76,70,76.6,54,90.7,0,300,0,0,300,,77,54,76.3,0,
2025-07-17,17:20:00,cool,compressorCoolStage1On,,Home,76,70,76.5,53,90.7,0,300,0,0,300,,76.8,53,76.4,0,
2025-07-17,17:25:00,cool,compressorCoolStage1On,,Home,76,70,76.4,52,90.7,0,300,0,0,300,,76.6,52,76.4,0,
2025-07-17,17:30:00,cool,compressorCoolStage1On,,Home,76,70,76,52,90.7,0,135,0,0,180,,76.3,52,75.8,0,
2025-07-17,17:35:00,cool,compressorCoolOff,,Home,76,70,75.7,53,90.7,0,0,0,0,0,,76.3,53,75.3,0,
2025-07-17,17:40:00,cool,compressorCoolOff,,Home,76,70,75.8,54,90.7,0,0,0,0,0,,76.4,54,75.3,0,
2025-07-17,17:45:00,cool,compressorCoolOff,,Home,76,70,76.1,55,90.7,0,0,0,0,0,,76.6,55,75.6,0,
2025-07-17,17:50:00,cool,compressorCoolOff,,Home,76,70,76.4,55,90.7,0,0,0,0,0,,76.8,55,76,0,
2025-07-17,17:55:00,cool,compressorCoolOff,,Home,76,70,76.4,55,90.7,0,165,0,0,165,,76.9,55,76,0,
2025-07-17,18:00:00,cool,compressorCoolStage1On,,Home,76,70,76.8,54,87.8,0,300,0,0,300,,77,54,76.7,0,
2025-07-17,18:05:00,cool,compressorCoolStage1On,,Home,76,70,76.6,52,87.8,0,300,0,0,300,,76.8,52,76.5,0,
2025-07-17,18:10:00,cool,compressorCoolStage1On,,Home,76,70,76.5,52,87.8,0,300,0,0,300,,76.6,52,76.5,0,
2025-07-17,18:15:00,cool,compressorCoolStage1On,,Home,76,70,76.1,52,87.8,0,90,0,0,135,,76.4,52,75.8,0,
2025-07-17,18:20:00,cool,compressorCoolOff,,Home,76,70,75.9,52,87.8,0,0,0,0,0,,76.3,52,75.6,0,
2025-07-17,18:25:00,cool,compressorCoolOff,,Home,76,70,76,54,87.8,0,0,0,0,0,,76.5,54,75.6,0,
2025-07-17,18:30:00,cool,compressorCoolOff,,Home,76,70,76.2,55,87.8,0,0,0,0,0,,76.7,55,75.8,0,
2025-07-17,18:35:00,cool,compressorCoolOff,,Home,76,70,76.3,55,87.8,0,75,0,0,75,,76.8,55,75.9,0,
2025-07-17,18:40:00,cool,compressorCoolStage1On,,Home,76,70,76.6,54,87.8,0,300,0,0,300,,76.9,54,76.4,0,
2025-07-17,18:45:00,cool,compressorCoolStage1On,,Home,76,70,76.5,53,87.8,0,300,0,0,300,,76.8,53,76.3,0,
2025-07-17,18:50:00,cool,compressorCoolStage1On,,Home,76,70,76.2,52,87.8,0,300,0,0,300,,76.6,52,76,0,
2025-07-17,18:55:00,cool,compressorCoolStage1On,,Home,76,70,76.1,52,87.8,0,300,0,0,300,,76.3,52,76,0,
2025-07-17,19:00:00,cool,compressorCoolStage1On,,Home,76,70,76,53,87.8,0,45,0,0,90,,76,53,76,0,
2025-07-17,19:05:00,cool,compressorCoolOff,,Home,76,70,76,53,87.8,0,0,0,0,0,,76,53,76,0,
2025-07-17,19:10:00,cool,compressorCoolOff,,Home,76,70,76,54,87.8,0,0,0,0,0,,76.1,54,76,0,
2025-07-17,19:15:00,cool,compressorCoolOff,,Home,76,70,76.1,55,87.8,0,0,0,0,0,,76.3,55,76,0,
2025-07-17,19:20:00,cool,compressorCoolOff,,Home,76,70,76.2,55,87.8,0,0,0,0,0,,76.4,55,76,0,
2025-07-17,19:25:00,cool,compressorCoolOff,,Home,76,70,76.3,55,87.8,0,15,0,0,15,,76.6,55,76,0,
2025-07-17,19:30:00,cool,compressorCoolStage1On,,Home,76,70,76.7,55,87.8,0,300,0,0,300,,76.7,55,,0,
2025-07-17,19:35:00,cool,compressorCoolStage1On,,Home,76,70,76.6,53,87.8,0,300,0,0,300,,76.7,53,75.6,0,
2025-07-17,19:40:00,cool,compressorCoolStage1On,,Home,76,70,76.3,53,87.8,0,300,0,0,300,,76.4,53,75.6,0,
2025-07-17,19:45:00,cool,compressorCoolStage1On,,Home,76,70,76,53,87.8,0,30,0,0,75,,76.2,53,75.6,0,
2025-07-17,19:50:00,cool,compressorCoolOff,,Home,76,70,75.9,54,87.8,0,0,0,0,0,,76.2,54,75.6,0,
2025-07-17,19:55:00,cool,compressorCoolOff,,Home,76,70,75.8,55,87.8,0,0,0,0,0,,76.2,55,75.2,0,
2025-07-17,20:00:00,cool,compressorCoolOff,,Home,76,70,75.8,55,85.4,0,0,0,0,0,,76.3,55,75.2,0,
2025-07-17,20:05:00,cool,compressorCoolOff,,Home,76,70,75.9,55,85.4,0,0,0,0,0,,76.4,55,75.4,0,
2025-07-17,20:10:00,cool,compressorCoolOff,,Home,76,70,76,55,85.4,0,0,0,0,0,,76.5,55,75.6,0,
2025-07-17,20:15:00,cool,compressorCoolOff,,Home,76,70,76.1,55,85.4,0,0,0,0,0,,76.7,55,75.6,0,
2025-07-17,20:20:00,cool,compressorCoolOff,,Home,76,70,76.2,56,85.4,0,0,0,0,0,,76.8,56,75.6,0,
2025-07-17,20:25:00,cool,compressorCoolOff,,Home,76,70,76.2,57,85.4,0,0,0,0,0,,76.9,57,75.6,0,
2025-07-17,20:30:00,cool,compressorCoolOff,,Home,76,70,76.2,56,84.7,0,0,0,0,0,,76.9,56,75.6,0,
2025-07-17,20:35:00,cool,compressorCoolOff,,Home,76,70,76.3,56,84.7,0,0,0,0,0,,77,56,75.6,0,
2025-07-17,20:40:00,cool,compressorCoolOff,,Home,76,70,76.3,56,84.7,0,0,0,0,0,,77.1,56,75.6,0,
2025-07-17,20:45:00,cool,compressorCoolOff,,Home,76,70,76.8,57,84.7,0,240,0,0,240,,77.1,57,76.6,0,
2025-07-17,20:50:00,cool,compressorCoolStage1On,,Home,76,70,76.9,55,84.7,0,300,0,0,300,,77,55,76.9,0,
2025-07-17,20:55:00,cool,compressorCoolStage1On,,Home,76,70,76.6,54,84.7,0,300,0,0,300,,76.6,54,76.6,0,
2025-07-17,21:00:00,cool,compressorCoolStage1On,,Home,76,70,76.3,53,84,0,300,0,0,300,,76.3,53,76.5,0,
2025-07-17,21:05:00,cool,compressorCoolStage1On,,Home,76,70,76.1,53,84,0,225,0,0,270,,76.1,53,76.2,0,
2025-07-17,21:10:00,cool,compressorCoolOff,,Home,76,70,75.8,53,84,0,0,0,0,0,,76,53,75.6,0,
2025-07-17,21:15:00,cool,compressorCoolOff,,Home,76,70,75.9,54,84,0,0,0,0,0,,76.2,54,75.6,0,
2025-07-17,21:20:00,cool,compressorCoolOff,,Home,76,70,76,54,84,0,0,0,0,0,,76.4,54,75.6,0,
2025-07-17,21:25:00,cool,compressorCoolOff,,Home,76,70,76.3,54,84,0,0,0,0,0,,76.6,54,76.1,0,
2025-07-17,21:30:00,cool,compressorCoolOff,,Home,76,70,76.4,54,84,0,180,0,0,180,,76.7,54,76.2,0,
2025-07-17,21:35:00,cool,compressorCoolStage1On,,Home,76,70,76.5,53,84,0,300,0,0,300,,76.7,53,76.4,0,
2025-07-17,21:40:00,cool,compressorCoolStage1On,,Home,76,70,76.5,52,84,0,300,0,0,300,,76.5,52,76.5,0,
2025-07-17,21:45:00,cool,compressorCoolStage1On,,Home,76,70,76.2,51,84,0,165,0,0,210,,76.3,51,76.1,0,
2025-07-17,21:50:00,cool,compressorCoolOff,,Home,76,70,75.9,52,84,0,0,0,0,0,,76.2,52,75.7,0,
2025-07-17,21:55:00,cool,compressorCoolOff,,Home,76,70,75.9,54,84,0,0,0,0,0,,76.4,54,75.6,0,
2025-07-17,22:00:00,cool,compressorCoolOff,,Home,76,70,76,54,82.1,0,0,0,0,0,,76.5,54,75.6,0,
2025-07-17,22:05:00,cool,compressorCoolOff,,Home,76,70,76.3,54,82.1,0,0,0,0,0,,76.6,54,76,0,
2025-07-17,22:10:00,cool,compressorCoolStage1On,,Home,76,70,76.5,54,82.1,0,300,0,0,300,,76.7,54,76.4,0,
2025-07-17,22:15:00,cool,compressorCoolStage1On,,Home,76,70,76.4,53,82.1,0,300,0,0,300,,76.6,53,76.4,0,
2025-07-17,22:20:00,cool,compressorCoolStage1On,,Home,76,70,76.3,53,82.1,0,300,0,0,300,,76.2,53,76.4,0,
2025-07-17,22:25:00,cool,compressorCoolStage1On,,Home,76,70,76.1,53,82.1,0,300,0,0,300,,75.9,53,76.4,0,
2025-07-17,22:30:00,cool,compressorCoolStage1On,,Home,76,70,75.7,51,82.1,0,105,0,0,150,,75.7,51,75.7,0,
2025-07-17,22:35:00,cool,compressorCoolOff,,Home,76,70,75.3,52,82.1,0,0,0,0,0,,75.7,52,75.1,0,
2025-07-17,22:40:00,cool,compressorCoolOff,,Home,76,70,75.5,53,82.1,0,0,0,0,0,,75.9,53,75.1,0,
2025-07-17,22:45:00,cool,compressorCoolOff,,Home,76,70,75.6,52,82.1,0,0,0,0,0,,76.1,52,75.1,0,
2025-07-17,22:50:00,cool,compressorCoolOff,,Home,76,70,75.7,53,82.1,0,0,0,0,0,,76.3,53,75.1,0,
2025-07-17,22:55:00,cool,compressorCoolOff,,Home,76,70,76,54,82.1,0,0,0,0,0,,76.4,54,75.6,0,
2025-07-17,23:00:00,cool,compressorCoolOff,,Home,76,70,76,54,80,0,0,0,0,0,,76.5,54,75.6,0,
2025-07-17,23:05:00,cool,compressorCoolOff,,Home,76,70,76,54,80,0,0,0,0,0,,76.5,54,75.6,0,
2025-07-17,23:10:00,cool,compressorCoolOff,,Home,76,70,76.3,55,80,0,210,0,0,210,,76.6,55,76.1,0,
2025-07-17,23:15:00,cool,compressorCoolStage1On,,Home,76,70,76.4,53,80,0,300,0,0,300,,76.6,53,76.4,0,
2025-07-17,23:20:00,cool,compressorCoolStage1On,,Home,76,70,76.3,52,80,0,300,0,0,300,,76.3,52,76.4,0,
2025-07-17,23:25:00,cool,compressorCoolStage1On,,Home,76,70,76.1,51,80,0,300,0,0,300,,75.9,51,76.4,0,
2025-07-17,23:30:00,cool,compressorCoolStage1On,,Home,76,70,76,51,80,0,60,0,0,105,,75.7,51,76.4,0,
2025-07-17,23:35:00,cool,compressorCoolOff,,Home,76,70,76,52,80,0,0,0,0,0,,75.7,52,76.4,0,
2025-07-17,23:40:00,cool,compressorCoolOff,,Home,76,70,76.1,53,80,0,0,0,0,0,,75.9,53,76.4,0,
2025-07-17,23:45:00,cool,compressorCoolOff,,Home,76,70,76.2,54,80,0,0,0,0,0,,76.1,54,76.4,0,
2025-07-17,23:50:00,cool,compressorCoolOff,,Home,76,70,76.2,54,80,0,0,0,0,0,,76.2,54,76.4,0,
2025-07-17,23:55:00,cool,compressorCoolOff,,Home,77.1,65.6,76.3,54,80,0,0,0,0,0,,76.3,54,,0,
2025-07-18,00:00:00,cool,compressorCoolOff,,Sleep,78,62,76.4,54,79.1,0,0,0,0,0,,76.4,54,,0,
2025-07-18,00:05:00,cool,compressorCoolOff,,Sleep,78,62,76.5,54,79.1,0,0,0,0,0,,76.5,54,,0,
2025-07-18,00:10:00,cool,compressorCoolOff,,Sleep,78,62,76.4,55,79.1,0,0,0,0,0,,76.5,55,75.8,0,
2025-07-18,00:15:00,cool,compressorCoolOff,,Sleep,78,62,76.3,55,79.1,0,0,0,0,0,,76.5,55,75.8,0,
2025-07-18,00:20:00,cool,compressorCoolOff,,Sleep,78,62,76.2,55,79.1,0,0,0,0,0,,76.5,55,75.8,0,
2025-07-18,00:25:00,cool,compressorCoolOff,,Sleep,78,62,76.2,56,79.1,0,0,0,0,0,,76.5,56,75.8,0,
2025-07-18,00:30:00,cool,compressorCoolOff,,Sleep,78,62,76.2,57,78.8,0,0,0,0,0,,76.6,57,75.8,0,
2025-07-18,00:35:00,cool,compressorCoolOff,,Sleep,78,62,76.2,57,78.8,0,0,0,0,0,,76.6,57,75.8,0,
2025-07-18,00:40:00,cool,compressorCoolOff,,Sleep,78,62,76.2,57,78.8,0,0,0,0,0,,76.7,57,75.8,0,
2025-07-18,00:45:00,cool,compressorCoolOff,,Sleep,78,62,76.2,57,78.8,0,0,0,0,0,,76.7,57,75.8,0,
2025-07-18,00:50:00,cool,compressorCoolOff,,Sleep,78,62,76.4,57,78.8,0,0,0,0,0,,76.8,57,76.1,0,
2025-07-18,00:55:00,cool,compressorCoolOff,,Sleep,78,62,76.5,57,78.8,0,0,0,0,0,,76.8,57,76.2,0,
2025-07-18,01:00:00,cool,compressorCoolOff,,Sleep,78,62,76.5,57,78.4,0,0,0,0,0,,76.8,57,76.2,0,
2025-07-18,01:05:00,cool,compressorCoolOff,,Sleep,78,62,76.5,57,78.4,0,0,0,0,0,,76.9,57,76.2,0,
2025-07-18,01:10:00,cool,compressorCoolOff,,Sleep,78,62,76.5,57,78.4,0,0,0,0,0,,76.8,57,76.2,0,
2025-07-18,01:15:00,cool,compressorCoolOff,,Sleep,78,62,76.5,57,78.4,0,0,0,0,0,,76.8,57,76.2,0,
2025-07-18,01:20:00,cool,compressorCoolOff,,Sleep,78,62,76.5,57,78.4,0,0,0,0,0,,76.8,57,76.2,0,
2025-07-18,01:25:00,cool,compressorCoolOff,,Sleep,78,62,76.5,57,78.4,0,0,0,0,0,,76.9,57,76.2,0,
2025-07-18,01:30:00,cool,compressorCoolOff,,Sleep,78,62,76.8,57,78.4,0,0,0,0,0,,76.9,57,76.2,0,
2025-07-18,01:35:00,cool,compressorCoolOff,,Sleep,78,62,76.9,58,78.4,0,0,0,0,0,,76.9,58,,0,
2025-07-18,01:40:00,cool,compressorCoolOff,,Sleep,78,62,77,58,78.4,0,0,0,0,0,,77,58,,0,
2025-07-18,01:45:00,cool,compressorCoolOff,,Sleep,78,62,77,58,78.4,0,0,0,0,0,,77,58,,0,
2025-07-18,01:50:00,cool,compressorCoolOff,,Sleep,78,62,77,58,78.4,0,0,0,0,0,,77,58,76.7,0,
2025-07-18,01:55:00,cool,compressorCoolOff,,Sleep,78,62,77,58,78.4,0,0,0,0,0,,77.1,58,76.7,0,
2025-07-18,02:00:00,cool,compressorCoolOff,,Sleep,78,62,76.9,58,77.9,0,0,0,0,0,,77,58,76.7,0,
2025-07-18,02:05:00,cool,compressorCoolOff,,Sleep,78,62,76.8,58,77.9,0,0,0,0,0,,77,58,76.7,0,
2025-07-18,02:10:00,cool,compressorCoolOff,,Sleep,78,62,76.8,58,77.9,0,0,0,0,0,,77,58,76.7,0,
2025-07-18,02:15:00,cool,compressorCoolOff,,Sleep,78,62,76.9,58,77.9,0,0,0,0,0,,77.1,58,76.7,0,
2025-07-18,02:20:00,cool,compressorCoolOff,,Sleep,78,62,76.8,58,77.9,0,0,0,0,0,,77.1,58,76.7,0,
2025-07-18,02:25:00,cool,compressorCoolOff,,Sleep,78,62,76.9,58,77.9,0,0,0,0,0,,77.1,58,76.7,0,
2025-07-18,02:30:00,cool,compressorCoolOff,,Sleep,78,62,77,58,77.9,0,0,0,0,0,,77.1,58,76.7,0,
2025-07-18,02:35:00,cool,compressorCoolOff,,Sleep,78,62,77.2,58,77.9,0,0,0,0,0,,77.2,58,,0,
2025-07-18,02:40:00,cool,compressorCoolOff,,Sleep,78,62,77.2,58,77.9,0,0,0,0,0,,77.2,58,,0,
2025-07-18,02:45:00,cool,compressorCoolOff,,Sleep,78,62,77.2,58,77.9,0,0,0,0,0,,77.2,58,,0,
2025-07-18,02:50:00,cool,compressorCoolOff,,Sleep,78,62,77.1,58,77.9,0,0,0,0,0,,77.2,58,76.9,0,
2025-07-18,02:55:00,cool,compressorCoolOff,,Sleep,78,62,77.1,58,77.9,0,0,0,0,0,,77.2,58,76.9,0,
2025-07-18,03:00:00,cool,compressorCoolOff,,Sleep,78,62,77.1,58,77.2,0,0,0,0,0,,77.2,58,76.9,0,
2025-07-18,03:05:00,cool,compressorCoolOff,,Sleep,78,62,77,58,77.2,0,0,0,0,0,,77.2,58,76.9,0,
2025-07-18,03:10:00,cool,compressorCoolOff,,Sleep,78,62,77,58,77.2,0,0,0,0,0,,77.2,58,76.9,0,
2025-07-18,03:15:00,cool,compressorCoolOff,,Sleep,78,62,77.1,58,77.2,0,0,0,0,0,,77.2,58,77.1,0,
2025-07-18,03:20:00,cool,compressorCoolOff,,Sleep,78,62,77.1,58,77.2,0,0,0,0,0,,77.3,58,77.1,0,
2025-07-18,03:25:00,cool,compressorCoolOff,,Sleep,78,62,77.2,58,77.2,0,0,0,0,0,,77.3,58,77.1,0,
2025-07-18,03:30:00,cool,compressorCoolOff,,Sleep,78,62,77.2,58,77,0,0,0,0,0,,77.3,58,77.1,0,
2025-07-18,03:35:00,cool,compressorCoolOff,,Sleep,78,62,77.2,58,77,0,0,0,0,0,,77.3,58,77.1,0,
2025-07-18,03:40:00,cool,compressorCoolOff,,Sleep,78,62,77.2,58,77,0,0,0,0,0,,77.4,58,77.1,0,
2025-07-18,03:45:00,cool,compressorCoolOff,,Sleep,78,62,77.2,58,77,0,0,0,0,0,,77.4,58,77.1,0,
2025-07-18,03:50:00,cool,compressorCoolOff,,Sleep,78,62,77.2,58,77,0,0,0,0,0,,77.4,58,77.1,0,
2025-07-18,03:55:00,cool,compressorCoolOff,,Sleep,78,62,77.2,58,77,0,0,0,0,0,,77.4,58,77.1,0,
2025-07-18,04:00:00,cool,compressorCoolOff,,Sleep,78,62,77.2,58,76.6,0,0,0,0,0,,77.3,58,77.1,0,
2025-07-18,04:05:00,cool,compressorCoolOff,,Sleep,78,62,77.2,58,76.6,0,0,0,0,0,,77.3,58,77.1,0,
2025-07-18,04:10:00,cool,compressorCoolOff,,Sleep,78,62,77.2,59,76.6,0,0,0,0,0,,77.3,59,77.1,0,
2025-07-18,04:15:00,cool,compressorCoolOff,,Sleep,78,62,77.2,59,76.6,0,0,0,0,0,,77.3,59,77.1,0,
2025-07-18,04:20:00,cool,compressorCoolOff,,Sleep,78,62,77.2,59,76.6,0,0,0,0,0,,77.3,59,77.1,0,
2025-07-18,04:25:00,cool,compressorCoolOff,,Sleep,78,62,77.2,59,76.6,0,0,0,0,0,,77.4,59,77.1,0,
2025-07-18,04:30:00,cool,compressorCoolOff,,Sleep,78,62,77.4,59,76.6,0,0,0,0,0,,77.4,59,,0,
2025-07-18,04:35:00,cool,compressorCoolOff,,Sleep,78,62,77.4,59,76.6,0,0,0,0,0,,77.4,59,,0,
2025-07-18,04:40:00,cool,compressorCoolOff,,Sleep,78,62,77.4,59,76.6,0,0,0,0,0,,77.4,59,,0,
2025-07-18,04:45:00,cool,compressorCoolOff,,Sleep,78,62,77.4,59,76.6,0,0,0,0,0,,77.4,59,,0,
2025-07-18,04:50:00,cool,compressorCoolOff,,Sleep,78,62,77.4,59,76.6,0,0,0,0,0,,77.4,59,,0,
2025-07-18,04:55:00,cool,compressorCoolOff,,Sleep,78,62,77.4,58,76.6,0,0,0,0,0,,77.4,58,,0,
2025-07-18,05:00:00,cool,compressorCoolOff,,Sleep,78,62,77.3,58,76.1,0,0,0,0,0,,77.3,58,,0,
2025-07-18,05:05:00,cool,compressorCoolOff,,Sleep,78,62,77.3,58,76.1,0,0,0,0,0,,77.3,58,,0,
2025-07-18,05:10:00,cool,compressorCoolOff,,Sleep,78,62,77.3,59,76.1,0,0,0,0,0,,77.3,59,,0,
2025-07-18,05:15:00,cool,compressorCoolOff,,Sleep,78,62,77.3,59,76.1,0,0,0,0,0,,77.3,59,,0,
2025-07-18,05:20:00,cool,compressorCoolOff,,Sleep,78,62,77.3,59,76.1,0,0,0,0,0,,77.3,59,,0,
2025-07-18,05:25:00,cool,compressorCoolOff,,Sleep,78,62,77.4,59,76.1,0,0,0,0,0,,77.4,59,,0,
2025-07-18,05:30:00,cool,compressorCoolOff,,Sleep,78,62,77.4,59,76.1,0,0,0,0,0,,77.4,59,,0,
2025-07-18,05:35:00,cool,compressorCoolOff,,Sleep,78,62,77.4,59,76.1,0,0,0,0,0,,77.4,59,,0,
2025-07-18,05:40:00,cool,compressorCoolOff,,Sleep,78,62,77.4,59,76.1,0,0,0,0,0,,77.4,59,,0,
2025-07-18,05:45:00,cool,compressorCoolOff,,Sleep,78,62,77.4,59,76.1,0,0,0,0,0,,77.4,59,,0,
2025-07-18,05:50:00,cool,compressorCoolOff,,Sleep,78,62,77.4,59,76.1,0,0,0,0,0,,77.4,59,,0,
2025-07-18,05:55:00,cool,compressorCoolOff,,Sleep,78,62,77.4,59,76.1,0,0,0,0,0,,77.4,59,,0,
2025-07-18,06:00:00,cool,compressorCoolOff,,Sleep,78,62,77.5,59,75.7,0,0,0,0,0,,77.5,59,,0,
2025-07-18,06:05:00,cool,compressorCoolOff,,Sleep,78,62,77.5,59,75.7,0,0,0,0,0,,77.5,59,,0,
2025-07-18,06:10:00,cool,compressorCoolOff,,Sleep,78,62,77.5,58,75.7,0,0,0,0,0,,77.5,58,,0,
2025-07-18,06:15:00,cool,compressorCoolOff,,Sleep,78,62,77.4,58,75.7,0,0,0,0,0,,77.4,58,,0,
2025-07-18,06:20:00,cool,compressorCoolOff,,Sleep,78,62,77.4,58,75.7,0,0,0,0,0,,77.4,58,,0,
2025-07-18,06:25:00,cool,compressorCoolOff,,Sleep,78,62,77.4,59,75.7,0,0,0,0,0,,77.4,59,,0,
2025-07-18,06:30:00,cool,compressorCoolOff,,Sleep,78,62,77.4,59,75.2,0,0,0,0,0,,77.4,59,,0,
2025-07-18,06:35:00,cool,compressorCoolOff,,Sleep,78,62,77.4,59,75.2,0,0,0,0,0,,77.4,59,,0,
2025-07-18,06:40:00,cool,compressorCoolOff,,Sleep,78,62,77.4,59,75.2,0,0,0,0,0,,77.4,59,,0,
2025-07-18,06:45:00,cool,compressorCoolOff,,Sleep,78,62,77.4,59,75.2,0,0,0,0,0,,77.4,59,,0,
2025-07-18,06:50:00,cool,compressorCoolOff,,Sleep,78,62,77.5,59,75.2,0,0,0,0,0,,77.5,59,,0,
2025-07-18,06:55:00,cool,compressorCoolOff,,Sleep,78,62,77.5,59,75.2,0,0,0,0,0,,77.5,59,,0,
2025-07-18,07:00:00,cool,compressorCoolOff,,Sleep,78,62,77.5,59,75.3,0,0,0,0,0,,77.5,59,,0,
2025-07-18,07:05:00,cool,compressorCoolOff,,Sleep,78,62,77.5,59,75.3,0,0,0,0,0,,77.5,59,,0,
2025-07-18,07:10:00,cool,compressorCoolOff,,Sleep,78,62,77.5,59,75.3,0,0,0,0,0,,77.5,59,,0,
2025-07-18,07:15:00,cool,compressorCoolOff,,Sleep,78,62,77.5,59,75.3,0,0,0,0,0,,77.5,59,,0,
2025-07-18,07:20:00,cool,compressorCoolOff,,Sleep,78,62,77.5,59,75.3,0,0,0,0,0,,77.5,59,,0,
2025-07-18,07:25:00,cool,compressorCoolOff,,Sleep,78,62,77.5,59,75.3,0,0,0,0,0,,77.5,59,,0,
2025-07-18,07:30:00,cool,compressorCoolOff,,Sleep,78,62,77.5,58,76.1,0,285,0,0,285,,77.6,58,77.3,0,
2025-07-18,07:35:00,cool,compressorCoolStage1On,(SmartRecovery),Sleep,78,62,77.3,56,76.1,0,300,0,0,300,,77.4,56,77.1,0,
2025-07-18,07:40:00,cool,compressorCoolStage1On,(SmartRecovery),Sleep,78,62,76.9,55,76.1,0,300,0,0,300,,77,55,76.8,0,
2025-07-18,07:45:00,cool,compressorCoolStage1On,(SmartRecovery),Sleep,78,62,76.6,54,76.1,0,300,0,0,300,,76.7,54,76.5,0,
2025-07-18,07:50:00,cool,compressorCoolStage1On,(SmartRecovery),Sleep,78,62,76.3,53,76.1,0,210,0,0,255,,76.5,53,76.2,0,
2025-07-18,07:55:00,cool,compressorCoolOff,,Sleep,76.9,66.4,76,53,76.1,0,0,0,0,0,,76.4,53,75.6,0,
2025-07-18,08:00:00,cool,compressorCoolOff,,Home,76,70,76,54,76.7,0,0,0,0,0,,76.5,54,75.6,0,
2025-07-18,08:05:00,cool,compressorCoolOff,,Home,76,70,76.1,55,76.7,0,0,0,0,0,,76.7,55,75.6,0,
2025-07-18,08:10:00,cool,compressorCoolOff,,Home,76,70,76.2,55,76.7,0,0,0,0,0,,76.8,55,75.6,0,
2025-07-18,08:15:00,cool,compressorCoolOff,,Home,76,70,76.2,55,76.7,0,0,0,0,0,,76.9,55,75.6,0,
2025-07-18,08:20:00,cool,compressorCoolOff,,Home,76,70,76.3,55,76.7,0,0,0,0,0,,77,55,75.6,0,
2025-07-18,08:25:00,cool,compressorCoolOff,,Home,76,70,76.3,56,76.7,0,0,0,0,0,,77,56,75.6,0,
2025-07-18,08:30:00,cool,compressorCoolOff,,Home,76,70,76.3,56,76.7,0,0,0,0,0,,77.1,56,75.6,0,
2025-07-18,08:35:00,cool,compressorCoolOff,,Home,76,70,76.3,56,76.7,0,0,0,0,0,,77.1,56,75.6,0,
2025-07-18,08:40:00,cool,compressorCoolOff,,Home,76,70,76.3,56,76.7,0,0,0,0,0,,77.1,56,75.6,0,
2025-07-18,08:45:00,cool,compressorCoolOff,,Home,76,70,76.3,56,76.7,0,0,0,0,0,,77.1,56,75.6,0,
2025-07-18,08:50:00,cool,compressorCoolOff,,Home,76,70,77.1,57,76.7,0,285,0,0,285,,77.2,57,75.6,0,
2025-07-18,08:55:00,cool,compressorCoolStage1On,,Home,76,70,77.1,55,76.7,0,300,0,0,300,,77.1,55,,0,
2025-07-18,09:00:00,cool,compressorCoolStage1On,,Home,76,70,76.8,54,79.7,0,300,0,0,300,,76.8,54,,0,
2025-07-18,09:05:00,cool,compressorCoolStage1On,,Home,76,70,76.5,53,79.7,0,300,0,0,300,,76.5,53,,0,
2025-07-18,09:10:00,cool,compressorCoolStage1On,,Home,76,70,76.2,53,79.7,0,300,0,0,300,,76.2,53,,0,
2025-07-18,09:15:00,cool,compressorCoolStage1On,,Home,76,70,76,53,79.7,0,90,0,0,135,,76,53,,0,
2025-07-18,09:20:00,cool,compressorCoolOff,,Home,76,70,76,54,79.7,0,0,0,0,0,,76,54,,0,
2025-07-18,09:25:00,cool,compressorCoolOff,,Home,76,70,76.2,55,79.7,0,0,0,0,0,,76.2,55,,0,
2025-07-18,09:30:00,cool,compressorCoolOff,,Home,76,70,76.4,55,79.7,0,45,0,0,45,,76.4,55,,0,
2025-07-18,09:35:00,cool,compressorCoolStage1On,,Home,76,70,76.5,55,79.7,0,300,0,0,300,,76.5,55,,0,
2025-07-18,09:40:00,cool,compressorCoolStage1On,,Home,76,70,76.4,53,79.7,0,300,0,0,300,,76.4,53,,0,
2025-07-18,09:45:00,cool,compressorCoolStage1On,,Home,76,70,76,53,79.7,0,165,0,0,210,,76,53,,0,
2025-07-18,09:50:00,cool,compressorCoolOff,,Home,76,70,76,53,79.7,0,0,0,0,0,,76,53,,0,
2025-07-18,09:55:00,cool,compressorCoolOff,,Home,76,70,76,54,79.7,0,0,0,0,0,,76.1,54,75.1,0,
2025-07-18,10:00:00,cool,compressorCoolOff,,Home,76,70,76,54,81,0,0,0,0,0,,76.3,54,75.1,0,
2025-07-18,10:05:00,cool,compressorCoolOff,,Home,76,70,76,54,81,0,0,0,0,0,,76.4,54,75.1,0,
2025-07-18,10:10:00,cool,compressorCoolOff,,Home,76,70,76.1,54,81,0,0,0,0,0,,76.5,54,75.4,0,
2025-07-18,10:15:00,cool,compressorCoolOff,,Home,76,70,76.2,55,81,0,0,0,0,0,,76.5,55,75.8,0,
2025-07-18,10:20:00,cool,compressorCoolOff,,Home,76,70,76.2,55,81,0,0,0,0,0,,76.6,55,75.8,0,
2025-07-18,10:25:00,cool,compressorCoolOff,,Home,76,70,76.3,55,81,0,0,0,0,0,,76.7,55,76,0,
2025-07-18,10:30:00,cool,compressorCoolOff,,Home,76,70,76.3,56,81,0,0,0,0,0,,76.7,56,76,0,
2025-07-18,10:35:00,cool,compressorCoolOff,,Home,76,70,76.4,57,81,0,0,0,0,0,,76.8,57,76,0,
2025-07-18,10:40:00,cool,compressorCoolOff,,Home,76,70,76.4,57,81,0,0,0,0,0,,76.8,57,76,0,
2025-07-18,10:45:00,cool,compressorCoolOff,,Home,76,70,76.6,56,81,0,285,0,0,285,,76.9,56,76.4,0,
2025-07-18,10:50:00,cool,compressorCoolStage1On,,Home,76,70,76.6,54,81,0,300,0,0,300,,76.8,54,76.5,0,
2025-07-18,10:55:00,cool,compressorCoolStage1On,,Home,76,70,76.4,53,81,0,300,0,0,300,,76.5,53,76.5,0,
2025-07-18,11:00:00,cool,compressorCoolStage1On,,Home,76,70,76.3,52,82.2,0,300,0,0,300,,76.1,52,76.5,0,
2025-07-18,11:05:00,cool,compressorCoolStage1On,,Home,76,70,76.2,51,82.2,0,300,0,0,300,,75.9,51,76.5,0,
2025-07-18,11:10:00,cool,compressorCoolStage1On,,Home,76,70,76.1,51,82.2,0,300,0,0,300,,75.7,51,76.5,0,
2025-07-18,11:15:00,cool,compressorCoolOff,,Home,76,70,76,51,82.2,0,0,0,0,45,,75.6,51,76.5,0,
2025-07-18,11:20:00,cool,compressorCoolOff,,Home,76,70,76,52,82.2,0,0,0,0,0,,75.7,52,76.5,0,
2025-07-18,11:25:00,cool,compressorCoolOff,,Home,76,70,76,53,82.2,0,0,0,0,0,,76,53,76.5,0,
2025-07-18,11:30:00,cool,compressorCoolOff,,Home,76,70,76.2,53,82.9,0,0,0,0,0,,76.2,53,,0,
2025-07-18,11:35:00,cool,compressorCoolOff,,Home,76,70,76.4,54,82.9,0,60,0,0,60,,76.4,54,,0,
2025-07-18,11:40:00,cool,compressorCoolStage1On,,Home,76,70,76.5,53,82.9,0,300,0,0,300,,76.5,53,,0,
2025-07-18,11:45:00,cool,compressorCoolStage1On,,Home,76,70,76.3,51,82.9,0,300,0,0,300,,76.3,51,,0,
2025-07-18,11:50:00,cool,compressorCoolStage1On,,Home,76,70,75.9,51,82.9,0,75,0,0,120,,75.9,51,,0,
2025-07-18,11:55:00,cool,compressorCoolOff,,Home,76,70,75.9,52,82.9,0,0,0,0,0,,75.9,52,,0,
2025-07-18,12:00:00,cool,compressorCoolOff,,Home,76,70,76,53,83.9,0,0,0,0,0,,76,53,,0,
2025-07-18,12:05:00,cool,compressorCoolOff,,Home,76,70,76,54,83.9,0,0,0,0,0,,76,54,,0,
2025-07-18,12:10:00,cool,compressorCoolOff,,Home,76,70,76.2,54,83.9,0,0,0,0,0,,76.2,54,,0,
2025-07-18,12:15:00,cool,compressorCoolOff,,Home,76,70,76.3,55,83.9,0,0,0,0,0,,76.3,55,,0,
2025-07-18,12:20:00,cool,compressorCoolOff,,Home,76,70,76.4,55,83.9,0,75,0,0,75,,76.4,55,,0,
2025-07-18,12:25:00,cool,compressorCoolStage1On,,Home,76,70,76.5,54,83.9,0,300,0,0,300,,76.5,54,,0,
2025-07-18,12:30:00,cool,compressorCoolStage1On,,Home,76,70,76.3,52,83.9,0,300,0,0,300,,76.3,52,,0,
2025-07-18,12:35:00,cool,compressorCoolStage1On,,Home,76,70,76,51,83.9,0,105,0,0,150,,76.1,51,74.5,0,
2025-07-18,12:40:00,cool,compressorCoolOff,,Home,76,70,75.7,53,83.9,0,0,0,0,0,,76,53,74.5,0,
2025-07-18,12:45:00,cool,compressorCoolOff,,Home,76,70,75.6,54,83.9,0,0,0,0,0,,76.2,54,74.4,0,
2025-07-18,12:50:00,cool,compressorCoolOff,,Home,76,70,75.5,54,83.9,0,0,0,0,0,,76.3,54,74.3,0,
2025-07-18,12:55:00,cool,compressorCoolOff,,Home,76,70,75.6,54,83.9,0,0,0,0,0,,76.4,54,74.5,0,
2025-07-18,13:00:00,cool,compressorCoolOff,,Home,76,70,75.7,55,85.2,0,0,0,0,0,,76.5,55,74.9,0,
2025-07-18,13:05:00,cool,compressorCoolOff,,Home,76,70,75.7,55,85.2,0,0,0,0,0,,76.6,55,74.9,0,
2025-07-18,13:10:00,cool,compressorCoolOff,,Home,76,70,75.7,55,85.2,0,0,0,0,0,,76.6,55,74.9,0,
2025-07-18,13:15:00,cool,compressorCoolOff,,Home,76,70,75.8,56,85.2,0,0,0,0,0,,76.7,56,74.9,0,
2025-07-18,13:20:00,cool,compressorCoolOff,,Home,76,70,75.8,56,85.2,0,0,0,0,0,,76.7,56,74.9,0,
2025-07-18,13:25:00,cool,compressorCoolOff,,Home,76,70,75.7,55,85.2,0,0,0,0,0,,76.6,55,74.9,0,
2025-07-18,13:30:00,cool,compressorCoolOff,,Home,76,70,76,55,85.2,0,0,0,0,0,,76.6,55,75.4,0,
2025-07-18,13:35:00,cool,compressorCoolOff,,Home,76,70,76.1,55,85.2,0,0,0,0,0,,76.6,55,75.6,0,
2025-07-18,13:40:00,cool,compressorCoolOff,,Home,76,70,76.1,56,85.2,0,0,0,0,0,,76.7,56,75.6,0,
2025-07-18,13:45:00,cool,compressorCoolOff,,Home,76,70,76.2,56,85.2,0,0,0,0,0,,76.8,56,75.6,0,
2025-07-18,13:50:00,cool,compressorCoolOff,,Home,76,70,76.2,56,85.2,0,0,0,0,0,,76.8,56,75.6,0,
2025-07-18,13:55:00,cool,compressorCoolOff,,Home,76,70,76.2,56,85.2,0,75,0,0,75,,76.9,56,75.7,0,
2025-07-18,14:00:00,cool,compressorCoolStage1On,,Home,76,70,76.6,55,85.6,0,300,0,0,300,,77,55,76.2,0,
2025-07-18,14:05:00,cool,compressorCoolStage1On,,Home,76,70,76.5,54,85.6,0,300,0,0,300,,76.9,54,76.2,0,
2025-07-18,14:10:00,cool,compressorCoolStage1On,,Home,76,70,76.3,52,85.6,0,300,0,0,300,,76.6,52,76.2,0,
2025-07-18,14:15:00,cool,compressorCoolStage1On,,Home,76,70,76.2,52,85.6,0,300,0,0,300,,76.3,52,76.2,0,
2025-07-18,14:20:00,cool,compressorCoolStage1On,,Home,76,70,76.1,51,85.6,0,270,0,0,300,,76,51,76.2,0,
2025-07-18,14:25:00,cool,compressorCoolOff,,Home,76,70,76,51,85.6,0,0,0,0,15,,75.8,51,76.2,0,
2025-07-18,14:30:00,cool,compressorCoolOff,,Home,76,70,76,53,85.3,0,0,0,0,0,,75.9,53,76.2,0,
2025-07-18,14:35:00,cool,compressorCoolOff,,Home,76,70,76.1,54,85.3,0,0,0,0,0,,76.1,54,76.2,0,
2025-07-18,14:40:00,cool,compressorCoolOff,,Home,76,70,76.3,54,85.3,0,0,0,0,0,,76.3,54,,0,
2025-07-18,14:45:00,cool,compressorCoolOff,,Home,76,70,76.4,54,85.3,0,285,0,0,285,,76.4,54,,0,
2025-07-18,14:50:00,cool,compressorCoolStage1On,,Home,76,70,76.4,52,85.3,0,300,0,0,300,,76.4,52,,0,
2025-07-18,14:55:00,cool,compressorCoolStage1On,,Home,76,70,76.2,51,85.3,0,300,0,0,300,,76.2,51,,0,
2025-07-18,15:00:00,cool,compressorCoolStage1On,,Home,76,70,75.9,51,85.4,0,60,0,0,105,,75.9,51,,0,
2025-07-18,15:05:00,cool,compressorCoolOff,,Home,76,70,76,52,85.4,0,0,0,0,0,,76,52,,0,
2025-07-18,15:10:00,cool,compressorCoolOff,,Home,76,70,76.2,52,85.4,0,0,0,0,0,,76.2,52,,0,
2025-07-18,15:15:00,cool,compressorCoolOff,,Home,76,70,76.3,52,85.4,0,0,0,0,0,,76.3,52,,0,
2025-07-18,15:20:00,cool,compressorCoolOff,,Home,76,70,76.2,54,85.4,0,0,0,0,0,,76.3,54,75.1,0,
2025-07-18,15:25:00,cool,compressorCoolOff,,Home,76,70,76.1,54,85.4,0,0,0,0,0,,76.3,54,75.1,0,
2025-07-18,15:30:00,cool,compressorCoolOff,,Home,76,70,76,54,85.4,0,0,0,0,0,,76.4,54,75.1,0,
2025-07-18,15:35:00,cool,compressorCoolOff,,Home,76,70,76,55,85.4,0,0,0,0,0,,76.5,55,75.2,0,
2025-07-18,15:40:00,cool,compressorCoolOff,,Home,76,70,76.1,55,85.4,0,0,0,0,0,,76.6,55,75.6,0,
2025-07-18,15:45:00,cool,compressorCoolOff,,Home,76,70,76.1,55,85.4,0,0,0,0,0,,76.7,55,75.6,0,
2025-07-18,15:50:00,cool,compressorCoolOff,,Home,76,70,76.2,55,85.4,0,0,0,0,0,,76.7,55,75.7,0,
2025-07-18,15:55:00,,,,,,,,,85.4,0,,,,,,,,,,
2025-07-18,16:00:00,,,,,,,,,85.6,0,,,,,,,,,,
2025-07-18,16:05:00,,,,,,,,,85.6,0,,,,,,,,,,
2025-07-18,16:10:00,cool,compressorCoolOff,,Home,76,70,76.3,55,85.6,0,0,0,0,0,,76.9,55,75.8,0,
2025-07-18,16:15:00,cool,compressorCoolOff,,Home,76,70,76.3,55,85.6,0,0,0,0,0,,76.8,55,75.8,0,
2025-07-18,16:20:00,cool,compressorCoolOff,,Home,76,70,76.3,55,85.6,0,0,0,0,0,,76.8,55,75.8,0,
2025-07-18,16:25:00,cool,compressorCoolOff,,Home,76,70,76.3,55,85.6,0,0,0,0,0,,76.8,55,75.8,0,
2025-07-18,16:30:00,cool,compressorCoolOff,,Home,76,70,76.3,55,85.6,0,0,0,0,0,,76.9,55,75.8,0,
2025-07-18,16:35:00,cool,compressorCoolOff,,Home,76,70,76.9,55,85.6,0,255,0,0,255,,77,55,75.8,0,
2025-07-18,16:40:00,cool,compressorCoolStage1On,,Home,76,70,76.9,54,85.6,0,300,0,0,300,,76.9,54,,0,
2025-07-18,16:45:00,cool,compressorCoolStage1On,,Home,76,70,76.6,53,85.6,0,300,0,0,300,,76.7,53,75.6,0,
2025-07-18,16:50:00,cool,compressorCoolStage1On,,Home,76,70,76.2,52,85.6,0,300,0,0,300,,76.4,52,75.6,0,
2025-07-18,16:55:00,cool,compressorCoolStage1On,,Home,76,70,76,51,85.6,0,150,0,0,195,,76.2,51,75.6,0,
2025-07-18,17:00:00,cool,compressorCoolOff,,Home,76,70,75.9,51,83.7,0,0,0,0,0,,76.1,51,75.6,0,
2025-07-18,17:05:00,cool,compressorCoolOff,,Home,76,70,75.9,52,83.7,0,0,0,0,0,,76.3,52,75.6,0,
2025-07-18,17:10:00,cool,compressorCoolOff,,Home,76,70,76,52,83.7,0,0,0,0,0,,76.5,52,75.6,0,
2025-07-18,17:15:00,cool,compressorCoolOff,,Home,76,70,76.1,54,83.7,0,0,0,0,0,,76.6,54,75.6,0,
2025-07-18,17:20:00,cool,compressorCoolOff,,Home,76,70,76.1,54,83.7,0,0,0,0,0,,76.7,54,75.6,0,
2025-07-18,17:25:00,cool,compressorCoolOff,,Home,76,70,76.5,54,83.7,0,255,0,0,255,,76.6,54,75.6,0,
2025-07-18,17:30:00,cool,compressorCoolStage1On,,Home,76,70,76.4,53,83.9,0,300,0,0,300,,76.4,53,,0,
2025-07-18,17:35:00,cool,compressorCoolStage1On,,Home,76,70,76.3,52,83.9,0,300,0,0,300,,76.3,52,,0,
2025-07-18,17:40:00,cool,compressorCoolStage1On,,Home,76,70,76.1,51,83.9,0,300,0,0,300,,76.1,51,,0,
2025-07-18,17:45:00,cool,compressorCoolStage1On,,Home,76,70,76,51,83.9,0,15,0,0,60,,76,51,,0,
2025-07-18,17:50:00,cool,compressorCoolOff,,Home,76,70,76.1,52,83.9,0,0,0,0,0,,76.1,52,,0,
2025-07-18,17:55:00,cool,compressorCoolOff,,Home,76,70,76.3,52,83.9,0,0,0,0,0,,76.3,52,,0,
2025-07-18,18:00:00,cool,compressorCoolOff,,Home,76,70,76.4,52,84,0,180,0,0,180,,76.4,52,,0,
2025-07-18,18:05:00,cool,compressorCoolStage1On,,Home,76,70,76.4,51,84,0,300,0,0,300,,76.4,51,74.5,0,
2025-07-18,18:10:00,cool,compressorCoolStage1On,,Home,76,70,76,51,84,0,135,0,0,180,,76.2,51,74.4,0,
2025-07-18,18:15:00,cool,compressorCoolOff,,Home,76,70,75.5,51,84,0,0,0,0,0,,76.1,51,74,0,
2025-07-18,18:20:00,cool,compressorCoolOff,,Home,76,70,75.4,52,84,0,0,0,0,0,,76.2,52,74,0,
2025-07-18,18:25:00,cool,compressorCoolOff,,Home,76,70,75.4,52,84,0,0,0,0,0,,76.3,52,74,0,
2025-07-18,18:30:00,cool,compressorCoolOff,,Home,76,70,75.4,52,83.2,0,0,0,0,0,,76.5,52,74.2,0,
2025-07-18,18:35:00,cool,compressorCoolOff,,Home,76,70,75.3,53,83.2,0,0,0,0,0,,76.5,53,74.3,0,
2025-07-18,18:40:00,cool,compressorCoolOff,,Home,76,70,75.5,54,83.2,0,0,0,0,0,,76.4,54,74.5,0,
2025-07-18,18:45:00,cool,compressorCoolOff,,Home,76,70,75.6,54,83.2,0,0,0,0,0,,76.5,54,74.7,0,
2025-07-18,18:50:00,cool,compressorCoolOff,,Home,76,70,75.6,54,83.2,0,0,0,0,0,,76.5,54,74.8,0,
2025-07-18,18:55:00,cool,compressorCoolOff,,Home,76,70,75.8,55,83.2,0,0,0,0,0,,76.6,55,75.1,0,
2025-07-18,19:00:00,cool,compressorCoolOff,,Home,76,70,75.9,55,83.2,0,0,0,0,0,,76.7,55,75.1,0,
2025-07-18,19:05:00,cool,compressorCoolOff,,Home,76,70,76,55,83.2,0,0,0,0,0,,76.8,55,75.2,0,
2025-07-18,19:10:00,cool,compressorCoolOff,,Home,76,70,76,55,83.2,0,0,0,0,0,,76.8,55,75.2,0,
2025-07-18,19:15:00,cool,compressorCoolOff,,Home,76,70,76.1,55,83.2,0,0,0,0,0,,76.9,55,75.4,0,
2025-07-18,19:20:00,cool,compressorCoolOff,,Home,76,70,76.1,55,83.2,0,0,0,0,0,,76.9,55,75.4,0,
2025-07-18,19:25:00,cool,compressorCoolOff,,Home,76,70,76.1,55,83.2,0,0,0,0,0,,76.9,55,75.4,0,
2025-07-18,19:30:00,cool,compressorCoolOff,,Home,76,70,76.2,56,83.2,0,0,0,0,0,,76.9,56,75.5,0,
2025-07-18,19:35:00,cool,compressorCoolOff,,Home,76,70,76.3,55,83.2,0,0,0,0,0,,77,55,75.6,0,
2025-07-18,19:40:00,cool,compressorCoolOff,,Home,76,70,76.2,55,83.2,0,0,0,0,0,,76.9,55,75.6,0,
2025-07-18,19:45:00,cool,compressorCoolOff,,Home,76,70,76.1,55,83.2,0,0,0,0,0,,76.7,55,75.6,0,
2025-07-18,19:50:00,cool,compressorCoolOff,,Home,76,70,76.1,55,83.2,0,0,0,0,0,,76.7,55,75.6,0,
2025-07-18,19:55:00,cool,compressorCoolOff,,Home,76,70,76.3,55,83.2,0,0,0,0,0,,76.8,55,75.8,0,
2025-07-18,20:00:00,cool,compressorCoolOff,,Home,76,70,76.3,55,80.7,0,0,0,0,0,,76.8,55,75.8,0,
2025-07-18,20:05:00,cool,compressorCoolOff,,Home,76,70,76.3,55,80.7,0,0,0,0,0,,76.9,55,75.8,0,
2025-07-18,20:10:00,cool,compressorCoolOff,,Home,76,70,76.3,56,80.7,0,0,0,0,0,,76.9,56,75.8,0,
2025-07-18,20:15:00,cool,compressorCoolOff,,Home,76,70,76.3,56,80.7,0,0,0,0,0,,76.9,56,75.8,0,
2025-07-18,20:20:00,cool,compressorCoolOff,,Home,76,70,76.4,56,80.7,0,225,0,0,225,,77,56,75.9,0,
2025-07-18,20:25:00,cool,compressorCoolStage1On,,Home,76,70,76.4,54,80.7,0,300,0,0,300,,76.9,54,76,0,
2025-07-18,20:30:00,cool,compressorCoolStage1On,,Home,76,70,76.3,53,80.7,0,300,0,0,300,,76.7,53,76,0,
2025-07-18,20:35:00,cool,compressorCoolStage1On,,Home,76,70,76.1,52,80.7,0,300,0,0,300,,76.4,52,76,0,
2025-07-18,20:40:00,cool,compressorCoolStage1On,,Home,76,70,75.7,51,80.7,0,165,0,0,210,,76.1,51,75.4,0,
2025-07-18,20:45:00,cool,compressorCoolOff,,Home,76,70,75.2,51,80.7,0,0,0,0,0,,76,51,74.5,0,
2025-07-18,20:50:00,cool,compressorCoolOff,,Home,76,70,75.3,52,80.7,0,0,0,0,0,,76.2,52,74.5,0,
2025-07-18,20:55:00,cool,compressorCoolOff,,Home,76,70,75.5,52,80.7,0,0,0,0,0,,76.3,52,74.7,0,
2025-07-18,21:00:00,cool,compressorCoolOff,,Home,76,70,75.6,53,79.2,0,0,0,0,0,,76.5,53,74.7,0,
2025-07-18,21:05:00,cool,compressorCoolOff,,Home,76,70,75.6,54,79.2,0,0,0,0,0,,76.5,54,74.7,0,
2025-07-18,21:10:00,cool,compressorCoolOff,,Home,76,70,75.6,54,79.2,0,0,0,0,0,,76.5,54,74.7,0,
2025-07-18,21:15:00,cool,compressorCoolOff,,Home,76,70,75.6,54,79.2,0,0,0,0,0,,76.5,54,74.7,0,
2025-07-18,21:20:00,cool,compressorCoolOff,,Home,76,70,76,55,79.2,0,0,0,0,0,,76.6,55,75.5,0,
2025-07-18,21:25:00,cool,compressorCoolOff,,Home,76,70,76.2,55,79.2,0,0,0,0,0,,76.6,55,75.8,0,
2025-07-18,21:30:00,cool,compressorCoolOff,,Home,76,70,76.2,55,77.6,0,0,0,0,0,,76.7,55,75.8,0,
2025-07-18,21:35:00,cool,compressorCoolOff,,Home,76,70,76.2,55,77.6,0,0,0,0,0,,76.7,55,75.8,0,
2025-07-18,21:40:00,cool,compressorCoolOff,,Home,76,70,76.3,55,77.6,0,120,0,0,120,,76.7,55,75.9,0,
2025-07-18,21:45:00,cool,compressorCoolStage1On,,Home,76,70,76.4,54,77.6,0,300,0,0,300,,76.7,54,76.2,0,
2025-07-18,21:50:00,cool,compressorCoolStage1On,,Home,76,70,76.3,53,77.6,0,300,0,0,300,,76.5,53,76.2,0,
2025-07-18,21:55:00,cool,compressorCoolStage1On,,Home,76,70,76.1,51,77.6,0,300,0,0,300,,76.2,51,76.2,0,
2025-07-18,22:00:00,cool,compressorCoolStage1On,,Home,76,70,76,51,77.2,0,75,0,0,120,,75.8,51,76.2,0,
2025-07-18,22:05:00,cool,compressorCoolOff,,Home,76,70,76,52,77.2,0,0,0,0,0,,75.8,52,76.2,0,
2025-07-18,22:10:00,cool,compressorCoolOff,,Home,76,70,76.1,52,77.2,0,0,0,0,0,,76,52,76.2,0,
2025-07-18,22:15:00,cool,compressorCoolOff,,Home,76,70,76.2,52,77.2,0,0,0,0,0,,76.2,52,76.2,0,
2025-07-18,22:20:00,cool,compressorCoolOff,,Home,76,70,76.3,52,77.2,0,0,0,0,0,,76.3,52,76.2,0,
2025-07-18,22:25:00,cool,compressorCoolOff,,Home,76,70,76.3,52,77.2,0,0,0,0,0,,76.4,52,75.2,0,
2025-07-18,22:30:00,cool,compressorCoolOff,,Home,76,70,76.2,53,77.2,0,0,0,0,0,,76.5,53,75.2,0,
2025-07-18,22:35:00,cool,compressorCoolOff,,Home,76,70,76.1,54,77.2,0,0,0,0,0,,76.5,54,75.2,0,
2025-07-18,22:40:00,cool,compressorCoolOff,,Home,76,70,76,54,77.2,0,0,0,0,0,,76.5,54,75.2,0,
2025-07-18,22:45:00,cool,compressorCoolOff,,Home,76,70,75.9,54,77.2,0,0,0,0,0,,76.6,54,75.2,0,
2025-07-18,22:50:00,cool,compressorCoolOff,,Home,76,70,75.9,54,77.2,0,0,0,0,0,,76.6,54,75.2,0,
2025-07-18,22:55:00,cool,compressorCoolOff,,Home,76,70,75.9,55,77.2,0,0,0,0,0,,76.6,55,75.2,0,
2025-07-18,23:00:00,cool,compressorCoolOff,,Home,76,70,75.9,55,77,0,0,0,0,0,,76.6,55,75.2,0,
2025-07-18,23:05:00,cool,compressorCoolOff,,Home,76,70,76.3,55,77,0,195,0,0,195,,76.5,55,75.2,0,
2025-07-18,23:10:00,cool,compressorCoolStage1On,,Home,76,70,76.5,54,77,0,300,0,0,300,,76.5,54,,0,
2025-07-18,23:15:00,cool,compressorCoolStage1On,,Home,76,70,76.2,52,77,0,285,0,0,300,,76.3,52,75.6,0,
2025-07-18,23:20:00,cool,compressorCoolOff,,Home,76,70,75.9,52,77,0,0,0,0,30,,76,52,75.6,0,
2025-07-18,23:25:00,cool,compressorCoolOff,,Home,76,70,75.8,52,77,0,0,0,0,0,,76,52,75.6,0,
2025-07-18,23:30:00,cool,compressorCoolOff,,Home,76,70,75.9,52,77,0,0,0,0,0,,76.1,52,75.6,0,
2025-07-18,23:35:00,cool,compressorCoolOff,,Home,76,70,75.9,52,77,0,0,0,0,0,,76.2,52,75.6,0,
2025-07-18,23:40:00,cool,compressorCoolOff,,Home,76,70,76,52,77,0,0,0,0,0,,76.4,52,75.6,0,
2025-07-18,23:45:00,cool,compressorCoolOff,,Home,76,70,75.9,54,77,0,0,0,0,0,,76.4,54,75.6,0,
2025-07-18,23:50:00,cool,compressorCoolOff,,Home,76,70,76,54,77,0,0,0,0,0,,76.5,54,75.6,0,
2025-07-18,23:55:00,cool,compressorCoolOff,,Home,77.1,65.6,75.8,54,77,0,0,0,0,0,,76.5,54,75.2,0,
2025-07-19,00:00:00,cool,compressorCoolOff,,Sleep,78,62,75.9,54,76.2,0,0,0,0,0,,76.6,54,75.2,0,
2025-07-19,00:05:00,cool,compressorCoolOff,,Sleep,78,62,75.9,55,76.2,0,0,0,0,0,,76.6,55,75.3,0,
2025-07-19,00:10:00,cool,compressorCoolOff,,Sleep,78,62,76,55,76.2,0,0,0,0,0,,76.7,55,75.4,0,
2025-07-19,00:15:00,cool,compressorCoolOff,,Sleep,78,62,76,55,76.2,0,0,0,0,0,,76.6,55,75.4,0,
2025-07-19,00:20:00,cool,compressorCoolOff,,Sleep,78,62,76,55,76.2,0,0,0,0,0,,76.6,55,75.4,0,
2025-07-19,00:25:00,cool,compressorCoolOff,,Sleep,78,62,76,55,76.2,0,0,0,0,0,,76.6,55,75.4,0,
2025-07-19,00:30:00,cool,compressorCoolOff,,Sleep,78,62,76,56,75.7,0,0,0,0,0,,76.6,56,75.4,0,
2025-07-19,00:35:00,cool,compressorCoolOff,,Sleep,78,62,76,57,75.7,0,0,0,0,0,,76.6,57,75.4,0,
2025-07-19,00:40:00,cool,compressorCoolOff,,Sleep,78,62,76.1,57,75.7,0,0,0,0,0,,76.6,57,75.6,0,
2025-07-19,00:45:00,cool,compressorCoolOff,,Sleep,78,62,76.1,57,75.7,0,0,0,0,0,,76.7,57,75.6,0,
2025-07-19,00:50:00,cool,compressorCoolOff,,Sleep,78,62,76.1,57,75.7,0,0,0,0,0,,76.7,57,75.6,0,
2025-07-19,00:55:00,,,,,,,,,75.7,0,,,,,,,,,,
2025-07-19,01:00:00,,,,,,,,,75.5,0,,,,,,,,,,
2025-07-19,01:05:00,,,,,,,,,75.5,0,,,,,,,,,,
2025-07-19,01:10:00,cool,compressorCoolOff,,Sleep,78,62,76.1,57,75.5,0,0,0,0,0,,76.7,57,75.6,0,
2025-07-19,01:15:00,cool,compressorCoolOff,,Sleep,78,62,76.2,57,75.5,0,0,0,0,0,,76.7,57,75.6,0,
2025-07-19,01:20:00,cool,compressorCoolOff,,Sleep,78,62,76.3,57,75.5,0,0,0,0,0,,76.8,57,75.8,0,
2025-07-19,01:25:00,cool,compressorCoolOff,,Sleep,78,62,76.3,57,75.5,0,0,0,0,0,,76.8,57,75.8,0,
2025-07-19,01:30:00,cool,compressorCoolOff,,Sleep,78,62,76.3,57,75.5,0,0,0,0,0,,76.8,57,75.8,0,
2025-07-19,01:35:00,cool,compressorCoolOff,,Sleep,78,62,76.2,57,75.5,0,0,0,0,0,,76.7,57,75.8,0,
2025-07-19,01:40:00,cool,compressorCoolOff,,Sleep,78,62,76.2,57,75.5,0,0,0,0,0,,76.7,57,75.8,0,
2025-07-19,01:45:00,cool,compressorCoolOff,,Sleep,78,62,76.2,57,75.5,0,0,0,0,0,,76.7,57,75.8,0,
2025-07-19,01:50:00,cool,compressorCoolOff,,Sleep,78,62,76.2,58,75.5,0,0,0,0,0,,76.7,58,75.8,0,
2025-07-19,01:55:00,cool,compressorCoolOff,,Sleep,78,62,76.2,58,75.5,0,0,0,0,0,,76.7,58,75.8,0,
2025-07-19,02:00:00,cool,compressorCoolOff,,Sleep,78,62,76.3,58,75,0,0,0,0,0,,76.8,58,75.8,0,
2025-07-19,02:05:00,cool,compressorCoolOff,,Sleep,78,62,76.3,58,75,0,0,0,0,0,,76.8,58,75.8,0,
2025-07-19,02:10:00,cool,compressorCoolOff,,Sleep,78,62,76.4,58,75,0,0,0,0,0,,76.8,58,76,0,
2025-07-19,02:15:00,cool,compressorCoolOff,,Sleep,78,62,76.4,58,75,0,0,0,0,0,,76.8,58,76,0,
2025-07-19,02:20:00,cool,compressorCoolOff,,Sleep,78,62,76.4,58,75,0,0,0,0,0,,76.9,58,76,0,
2025-07-19,02:25:00,cool,compressorCoolOff,,Sleep,78,62,76.4,58,75,0,0,0,0,0,,76.9,58,76,0,
2025-07-19,02:30:00,cool,compressorCoolOff,,Sleep,78,62,76.4,58,75,0,0,0,0,0,,76.9,58,76,0,
2025-07-19,02:35:00,cool,compressorCoolOff,,Sleep,78,62,76.4,58,75,0,0,0,0,0,,76.9,58,76,0,
2025-07-19,02:40:00,cool,compressorCoolOff,,Sleep,78,62,76.4,58,75,0,0,0,0,0,,76.9,58,76,0,
2025-07-19,02:45:00,cool,compressorCoolOff,,Sleep,78,62,76.4,58,75,0,0,0,0,0,,76.9,58,76,0,
2025-07-19,02:50:00,cool,compressorCoolOff,,Sleep,78,62,76.4,58,75,0,0,0,0,0,,76.9,58,76,0,
2025-07-19,02:55:00,cool,compressorCoolOff,,Sleep,78,62,76.4,58,75,0,0,0,0,0,,76.9,58,76,0,
2025-07-19,03:00:00,cool,compressorCoolOff,,Sleep,78,62,76.3,58,74.2,0,0,0,0,0,,76.9,58,75.9,0,
2025-07-19,03:05:00,cool,compressorCoolOff,,Sleep,78,62,76.3,58,74.2,0,0,0,0,0,,76.9,58,75.8,0,
2025-07-19,03:10:00,cool,compressorCoolOff,,Sleep,78,62,76.4,57,74.2,0,0,0,0,0,,76.9,57,76,0,
2025-07-19,03:15:00,cool,compressorCoolOff,,Sleep,78,62,76.4,57,74.2,0,0,0,0,0,,76.8,57,76,0,
2025-07-19,03:20:00,cool,compressorCoolOff,,Sleep,78,62,76.4,58,74.2,0,0,0,0,0,,76.8,58,76,0,
2025-07-19,03:25:00,cool,compressorCoolOff,,Sleep,78,62,76.4,58,74.2,0,0,0,0,0,,76.8,58,76,0,
2025-07-19,03:30:00,cool,compressorCoolOff,,Sleep,78,62,76.4,58,74.2,0,0,0,0,0,,76.9,58,76,0,
2025-07-19,03:35:00,cool,compressorCoolOff,,Sleep,78,62,76.4,58,74.2,0,0,0,0,0,,76.9,58,76,0,
2025-07-19,03:40:00,cool,compressorCoolOff,,Sleep,78,62,76.4,58,74.2,0,0,0,0,0,,76.9,58,76,0,
2025-07-19,03:45:00,cool,compressorCoolOff,,Sleep,78,62,76.4,58,74.2,0,0,0,0,0,,76.9,58,76,0,
2025-07-19,03:50:00,cool,compressorCoolOff,,Sleep,78,62,76.4,58,74.2,0,0,0,0,0,,76.9,58,76,0,
2025-07-19,03:55:00,cool,compressorCoolOff,,Sleep,78,62,76.4,58,74.2,0,0,0,0,0,,76.9,58,76,0,
2025-07-19,04:00:00,cool,compressorCoolOff,,Sleep,78,62,76.4,58,73.7,0,0,0,0,0,,76.9,58,76,0,
2025-07-19,04:05:00,cool,compressorCoolOff,,Sleep,78,62,76.4,58,73.7,0,0,0,0,0,,76.9,58,76,0,
2025-07-19,04:10:00,cool,compressorCoolOff,,Sleep,78,62,76.4,58,73.7,0,0,0,0,0,,76.9,58,76,0,
2025-07-19,04:15:00,cool,compressorCoolOff,,Sleep,78,62,76.5,58,73.7,0,0,0,0,0,,77,58,76,0,
2025-07-19,04:20:00,cool,compressorCoolOff,,Sleep,78,62,76.5,58,73.7,0,0,0,0,0,,77,58,76,0,
2025-07-19,04:25:00,cool,compressorCoolOff,,Sleep,78,62,76.5,58,73.7,0,0,0,0,0,,77,58,76,0,
2025-07-19,04:30:00,cool,compressorCoolOff,,Sleep,78,62,76.5,58,74.1,0,0,0,0,0,,77,58,76,0,
2025-07-19,04:35:00,cool,compressorCoolOff,,Sleep,78,62,76.5,58,74.1,0,0,0,0,0,,77,58,76,0,
2025-07-19,04:40:00,cool,compressorCoolOff,,Sleep,78,62,76.5,58,74.1,0,0,0,0,0,,77,58,76,0,
2025-07-19,04:45:00,cool,compressorCoolOff,,Sleep,78,62,76.5,58,74.1,0,0,0,0,0,,77,58,76,0,
2025-07-19,04:50:00,cool,compressorCoolOff,,Sleep,78,62,76.4,58,74.1,0,0,0,0,0,,76.9,58,76,0,
2025-07-19,04:55:00,cool,compressorCoolOff,,Sleep,78,62,76.4,58,74.1,0,0,0,0,0,,76.9,58,76,0,
2025-07-19,05:00:00,cool,compressorCoolOff,,Sleep,78,62,76.4,58,74,0,0,0,0,0,,76.9,58,76,0,
2025-07-19,05:05:00,cool,compressorCoolOff,,Sleep,78,62,76.4,58,74,0,0,0,0,0,,76.9,58,76,0,
2025-07-19,05:10:00,cool,compressorCoolOff,,Sleep,78,62,76.4,58,74,0,0,0,0,0,,76.9,58,76,0,
2025-07-19,05:15:00,cool,compressorCoolOff,,Sleep,78,62,76.5,59,74,0,0,0,0,0,,77,59,76,0,
2025-07-19,05:20:00,cool,compressorCoolOff,,Sleep,78,62,76.5,59,74,0,0,0,0,0,,77,59,76,0,
2025-07-19,05:25:00,cool,compressorCoolOff,,Sleep,78,62,76.5,59,74,0,0,0,0,0,,77,59,76,0,
2025-07-19,05:30:00,cool,compressorCoolOff,,Sleep,78,62,76.5,59,74.1,0,0,0,0,0,,77,59,76,0,
2025-07-19,05:35:00,cool,compressorCoolOff,,Sleep,78,62,76.5,59,74.1,0,0,0,0,0,,77,59,76,0,
2025-07-19,05:40:00,cool,compressorCoolOff,,Sleep,78,62,76.5,59,74.1,0,0,0,0,0,,77,59,76,0,
2025-07-19,05:45:00,cool,compressorCoolOff,,Sleep,78,62,76.5,59,74.1,0,0,0,0,0,,77,59,76,0,
2025-07-19,05:50:00,cool,compressorCoolOff,,Sleep,78,62,76.5,59,74.1,0,0,0,0,0,,77,59,76,0,
2025-07-19,05:55:00,cool,compressorCoolOff,,Sleep,78,62,76.5,59,74.1,0,0,0,0,0,,77,59,76,0,
2025-07-19,06:00:00,cool,compressorCoolOff,,Sleep,78,62,76.5,59,74,0,0,0,0,0,,77.1,59,76,0,
2025-07-19,06:05:00,cool,compressorCoolOff,,Sleep,78,62,76.5,59,74,0,0,0,0,0,,77.1,59,76,0,
2025-07-19,06:10:00,cool,compressorCoolOff,,Sleep,78,62,76.5,58,74,0,0,0,0,0,,77.1,58,76,0,
2025-07-19,06:15:00,cool,compressorCoolOff,,Sleep,78,62,76.5,58,74,0,0,0,0,0,,77.1,58,76,0,
2025-07-19,06:20:00,cool,compressorCoolOff,,Sleep,78,62,76.5,58,74,0,0,0,0,0,,77,58,76,0,
2025-07-19,06:25:00,cool,compressorCoolOff,,Sleep,78,62,76.4,58,74,0,0,0,0,0,,76.9,58,76,0,
2025-07-19,06:30:00,cool,compressorCoolOff,,Sleep,78,62,76.4,58,74.4,0,0,0,0,0,,76.9,58,76,0,
2025-07-19,06:35:00,cool,compressorCoolOff,,Sleep,78,62,76.5,58,74.4,0,0,0,0,0,,77,58,76,0,
2025-07-19,06:40:00,cool,compressorCoolOff,,Sleep,78,62,76.5,59,74.4,0,0,0,0,0,,77,59,76,0,
2025-07-19,06:45:00,cool,compressorCoolOff,,Sleep,78,62,76.5,59,74.4,0,0,0,0,0,,77,59,76,0,
2025-07-19,06:50:00,cool,compressorCoolOff,,Sleep,78,62,76.5,59,74.4,0,0,0,0,0,,77,59,76,0,
2025-07-19,06:55:00,cool,compressorCoolOff,,Sleep,78,62,76.5,59,74.4,0,0,0,0,0,,77,59,76,0,
2025-07-19,07:00:00,cool,compressorCoolOff,,Sleep,78,62,76.5,59,74.7,0,0,0,0,0,,77.1,59,76.1,0,
2025-07-19,07:05:00,cool,compressorCoolOff,,Sleep,78,62,76.6,59,74.7,0,0,0,0,0,,77.1,59,76.2,0,
2025-07-19,07:10:00,cool,compressorCoolOff,,Sleep,78,62,76.6,59,74.7,0,0,0,0,0,,77.1,59,76.2,0,
2025-07-19,07:15:00,cool,compressorCoolOff,,Sleep,78,62,76.6,59,74.7,0,0,0,0,0,,77.1,59,76.2,0,
2025-07-19,07:20:00,cool,compressorCoolOff,,Sleep,78,62,76.6,59,74.7,0,0,0,0,0,,77.1,59,76.2,0,
2025-07-19,07:25:00,cool,compressorCoolOff,,Sleep,78,62,76.6,59,74.7,0,0,0,0,0,,77.1,59,76.2,0,
2025-07-19,07:30:00,cool,compressorCoolOff,,Sleep,78,62,76.6,59,74.7,0,0,0,0,0,,77.1,59,76.2,0,
2025-07-19,07:35:00,cool,compressorCoolOff,,Sleep,78,62,76.6,58,74.7,0,0,0,0,0,,77.1,58,76.2,0,
2025-07-19,07:40:00,cool,compressorCoolOff,,Sleep,78,62,76.6,58,74.7,0,45,0,0,45,,77.1,58,76.2,0,
2025-07-19,07:45:00,cool,compressorCoolStage1On,(SmartRecovery),Sleep,78,62,76.6,57,74.7,0,300,0,0,300,,77,57,76.2,0,
2025-07-19,07:50:00,cool,compressorCoolStage1On,(SmartRecovery),Sleep,78,62,76.4,56,74.7,0,300,0,0,300,,76.8,56,76.2,0,
2025-07-19,07:55:00,cool,compressorCoolStage1On,(SmartRecovery),Sleep,77,66,76,54,74.7,0,90,0,0,135,,76.5,54,75.6,0,
2025-07-19,08:00:00,cool,compressorCoolOff,,Home,76,70,75.9,54,76.1,0,0,0,0,0,,76.4,54,75.4,0,
2025-07-19,08:05:00,cool,compressorCoolOff,,Home,76,70,75.9,56,76.1,0,0,0,0,0,,76.5,56,75.4,0,
2025-07-19,08:10:00,cool,compressorCoolOff,,Home,76,70,75.9,57,76.1,0,0,0,0,0,,76.5,57,75.4,0,
2025-07-19,08:15:00,cool,compressorCoolOff,,Home,76,70,75.9,57,76.1,0,0,0,0,0,,76.6,57,75.3,0,
2025-07-19,08:20:00,cool,compressorCoolOff,,Home,76,70,75.9,57,76.1,0,0,0,0,0,,76.7,57,75.2,0,
2025-07-19,08:25:00,cool,compressorCoolOff,,Home,76,70,75.9,57,76.1,0,0,0,0,0,,76.7,57,75.2,0,
2025-07-19,08:30:00,cool,compressorCoolOff,,Home,76,70,76,57,76.1,0,0,0,0,0,,76.8,57,75.2,0,
2025-07-19,08:35:00,cool,compressorCoolOff,,Home,76,70,76,57,76.1,0,0,0,0,0,,76.8,57,75.2,0,
2025-07-19,08:40:00,cool,compressorCoolOff,,Home,76,70,76,58,76.1,0,0,0,0,0,,76.8,58,75.2,0,
2025-07-19,08:45:00,cool,compressorCoolOff,,Home,76,70,76,58,76.1,0,0,0,0,0,,76.8,58,75.2,0,
2025-07-19,08:50:00,cool,compressorCoolOff,,Home,76,70,76,58,76.1,0,0,0,0,0,,76.9,58,75.2,0,
2025-07-19,08:55:00,cool,compressorCoolOff,,Home,76,70,76.1,58,76.1,0,0,0,0,0,,76.9,58,75.5,0,
2025-07-19,09:00:00,cool,compressorCoolOff,,Home,76,70,76.3,58,77.5,0,0,0,0,0,,76.9,58,75.8,0,
2025-07-19,09:05:00,cool,compressorCoolOff,,Home,76,70,76.3,58,77.5,0,0,0,0,0,,76.9,58,75.8,0,
2025-07-19,09:10:00,cool,compressorCoolOff,,Home,76,70,76.3,59,77.5,0,0,0,0,0,,76.9,59,75.8,0,
2025-07-19,09:15:00,cool,compressorCoolOff,,Home,76,70,76.4,59,77.5,0,0,0,0,0,,77,59,75.8,0,
2025-07-19,09:20:00,cool,compressorCoolOff,,Home,76,70,76.4,59,77.5,0,0,0,0,0,,77,59,75.8,0,
2025-07-19,09:25:00,cool,compressorCoolOff,,Home,76,70,76.4,59,77.5,0,0,0,0,0,,77,59,75.8,0,
2025-07-19,09:30:00,cool,compressorCoolOff,,Home,76,70,76.6,58,76.4,0,285,0,0,285,,77,58,76.3,0,
2025-07-19,09:35:00,cool,compressorCoolStage1On,,Home,76,70,76.6,56,76.4,0,300,0,0,300,,76.9,56,76.4,0,
2025-07-19,09:40:00,cool,compressorCoolStage1On,,Home,76,70,76.5,55,76.4,0,300,0,0,300,,76.7,55,76.4,0,
2025-07-19,09:45:00,cool,compressorCoolStage1On,,Home,76,70,76,54,76.4,0,75,0,0,120,,76.4,54,75.6,0,
2025-07-19,09:50:00,cool,compressorCoolOff,,Home,76,70,75.9,55,76.4,0,0,0,0,0,,76.4,55,75.4,0,
2025-07-19,09:55:00,cool,compressorCoolOff,,Home,76,70,75.8,55,76.4,0,0,0,0,0,,76.5,55,75.2,0,
2025-07-19,10:00:00,cool,compressorCoolOff,,Home,76,70,75.9,55,77.2,0,0,0,0,0,,76.6,55,75.2,0,
2025-07-19,10:05:00,cool,compressorCoolOff,,Home,76,70,75.9,56,77.2,0,0,0,0,0,,76.7,56,75.2,0,
2025-07-19,10:10:00,cool,compressorCoolOff,,Home,76,70,76,57,77.2,0,0,0,0,0,,76.8,57,75.2,0,
2025-07-19,10:15:00,cool,compressorCoolOff,,Home,76,70,76,57,77.2,0,0,0,0,0,,76.8,57,75.2,0,
2025-07-19,10:20:00,cool,compressorCoolOff,,Home,76,70,76,57,77.2,0,0,0,0,0,,76.9,57,75.2,0,
2025-07-19,10:25:00,cool,compressorCoolOff,,Home,76,70,76,56,77.2,0,0,0,0,0,,76.9,56,75.2,0,
2025-07-19,10:30:00,cool,compressorCoolOff,,Home,76,70,76.5,56,77.2,0,270,0,0,270,,76.9,56,76.1,0,
2025-07-19,10:35:00,cool,compressorCoolStage1On,,Home,76,70,76.5,55,77.2,0,300,0,0,300,,76.8,55,76.2,0,
2025-07-19,10:40:00,cool,compressorCoolStage1On,,Home,76,70,76.1,54,77.2,0,150,0,0,195,,76.5,54,75.7,0,
2025-07-19,10:45:00,cool,compressorCoolOff,,Home,76,70,76,54,77.2,0,0,0,0,0,,76.4,54,75.6,0,
2025-07-19,10:50:00,cool,compressorCoolOff,,Home,76,70,76,55,77.2,0,0,0,0,0,,76.4,55,75.6,0,
2025-07-19,10:55:00,cool,compressorCoolOff,,Home,76,70,76.1,55,77.2,0,0,0,0,0,,76.6,55,75.6,0,
2025-07-19,11:00:00,cool,compressorCoolOff,,Home,76,70,76.1,55,78.7,0,0,0,0,0,,76.7,55,75.6,0,
2025-07-19,11:05:00,cool,compressorCoolOff,,Home,76,70,76.1,55,78.7,0,0,0,0,0,,76.8,55,75.5,0,
2025-07-19,11:10:00,cool,compressorCoolOff,,Home,76,70,76.1,57,78.7,0,0,0,0,0,,76.8,57,75.4,0,
2025-07-19,11:15:00,cool,compressorCoolOff,,Home,76,70,76.1,56,78.7,0,0,0,0,0,,76.9,56,75.4,0,
2025-07-19,11:20:00,cool,compressorCoolOff,,Home,76,70,76.1,56,78.7,0,0,0,0,0,,76.9,56,75.4,0,
2025-07-19,11:25:00,cool,compressorCoolOff,,Home,76,70,76.2,56,78.7,0,0,0,0,0,,76.9,56,75.5,0,
2025-07-19,11:30:00,cool,compressorCoolOff,,Home,76,70,76.3,56,78.7,0,0,0,0,0,,77,56,75.6,0,
2025-07-19,11:35:00,cool,compressorCoolOff,,Home,76,70,76.3,57,78.7,0,0,0,0,0,,77,57,75.6,0,
2025-07-19,11:40:00,cool,compressorCoolOff,,Home,76,70,76.3,58,78.7,0,0,0,0,0,,77.1,58,75.6,0,
2025-07-19,11:45:00,cool,compressorCoolOff,,Home,76,70,76.4,58,78.7,0,120,0,0,120,,77.1,58,75.7,0,
2025-07-19,11:50:00,cool,compressorCoolStage1On,,Home,76,70,76.5,56,78.7,0,300,0,0,300,,77.1,56,76,0,
2025-07-19,11:55:00,cool,compressorCoolStage1On,,Home,76,70,76.3,54,78.7,0,240,0,0,285,,76.8,54,75.8,0,
2025-07-19,12:00:00,cool,compressorCoolOff,,Home,76,70,75.9,54,80.2,0,0,0,0,0,,76.4,54,75.4,0,
2025-07-19,12:05:00,cool,compressorCoolOff,,Home,76,70,75.9,54,80.2,0,0,0,0,0,,76.4,54,75.4,0,
2025-07-19,12:10:00,cool,compressorCoolOff,,Home,76,70,75.9,55,80.2,0,0,0,0,0,,76.5,55,75.4,0,
2025-07-19,12:15:00,cool,compressorCoolOff,,Home,76,70,75.9,55,80.2,0,0,0,0,0,,76.7,55,75.2,0,
2025-07-19,12:20:00,cool,compressorCoolOff,,Home,76,70,76,55,80.2,0,0,0,0,0,,76.8,55,75.2,0,
2025-07-19,12:25:00,cool,compressorCoolOff,,Home,76,70,76,56,80.2,0,0,0,0,0,,76.9,56,75.2,0,
2025-07-19,12:30:00,cool,compressorCoolOff,,Home,76,70,76.2,56,81.5,0,0,0,0,0,,76.9,56,75.4,0,
2025-07-19,12:35:00,cool,compressorCoolOff,,Home,76,70,76.3,56,81.5,0,0,0,0,0,,77,56,75.6,0,
2025-07-19,12:40:00,cool,compressorCoolOff,,Home,76,70,76.3,56,81.5,0,0,0,0,0,,77.1,56,75.6,0,
2025-07-19,12:45:00,cool,compressorCoolOff,,Home,76,70,76.4,56,81.5,0,90,0,0,90,,77.1,56,75.6,0,
2025-07-19,12:50:00,cool,compressorCoolStage1On,,Home,76,70,76.5,55,81.5,0,300,0,0,300,,77.2,55,75.8,0,
2025-07-19,12:55:00,cool,compressorCoolStage1On,,Home,76,70,76.4,54,81.5,0,300,0,0,300,,77,54,75.7,0,
2025-07-19,13:00:00,cool,compressorCoolStage1On,,Home,76,70,76,53,82.1,0,225,0,0,270,,76.8,53,75.4,0,
2025-07-19,13:05:00,cool,compressorCoolOff,,Home,76,70,76,53,82.1,0,0,0,0,0,,76.6,53,75.4,0,
2025-07-19,13:10:00,cool,compressorCoolOff,,Home,76,70,76,55,82.1,0,0,0,0,0,,76.7,55,75.4,0,
2025-07-19,13:15:00,cool,compressorCoolOff,,Home,76,70,76,55,82.1,0,0,0,0,0,,76.9,55,75.1,0,
2025-07-19,13:20:00,cool,compressorCoolOff,,Home,76,70,76,55,82.1,0,0,0,0,0,,77,55,75.1,0,
2025-07-19,13:25:00,cool,compressorCoolOff,,Home,76,70,76,55,82.1,0,0,0,0,0,,77,55,75.1,0,
2025-07-19,13:30:00,cool,compressorCoolOff,,Home,76,70,76,55,83.1,0,0,0,0,0,,76.9,55,75.3,0,
2025-07-19,13:35:00,cool,compressorCoolOff,,Home,76,70,76.2,55,83.1,0,0,0,0,0,,76.8,55,75.6,0,
2025-07-19,13:40:00,cool,compressorCoolOff,,Home,76,70,76.2,55,83.1,0,0,0,0,0,,76.8,55,75.6,0,
2025-07-19,13:45:00,cool,compressorCoolOff,,Home,76,70,76.2,56,83.1,0,0,0,0,0,,76.9,56,75.6,0,
2025-07-19,13:50:00,cool,compressorCoolOff,,Home,76,70,76.3,56,83.1,0,15,0,0,15,,77,56,75.6,0,
2025-07-19,13:55:00,cool,compressorCoolStage1On,,Home,76,70,76.7,56,83.1,0,300,0,0,300,,77.1,56,76.4,0,
2025-07-19,14:00:00,cool,compressorCoolStage1On,,Home,76,70,76.7,54,83.7,0,300,0,0,300,,77,54,76.4,0,
2025-07-19,14:05:00,cool,compressorCoolStage1On,,Home,76,70,76.2,54,83.7,0,300,0,0,300,,76.8,54,75.7,0,
2025-07-19,14:10:00,cool,compressorCoolStage1On,,Home,76,70,75.9,53,83.7,0,75,0,0,120,,76.6,53,75.2,0,
2025-07-19,14:15:00,cool,compressorCoolOff,,Home,76,70,75.8,53,83.7,0,0,0,0,0,,76.6,53,74.9,0,
2025-07-19,14:20:00,cool,compressorCoolOff,,Home,76,70,75.8,54,83.7,0,0,0,0,0,,76.8,54,74.9,0,
2025-07-19,14:25:00,cool,compressorCoolOff,,Home,76,70,76,54,83.7,0,0,0,0,0,,77,54,75.1,0,
2025-07-19,14:30:00,cool,compressorCoolOff,,Home,76,70,76.3,55,83.7,0,0,0,0,0,,77.2,55,75.4,0,
2025-07-19,14:35:00,cool,compressorCoolOff,,Home,76,70,76.4,55,83.7,0,45,0,0,45,,77.2,55,75.6,0,
2025-07-19,14:40:00,cool,compressorCoolStage1On,,Home,76,70,76.5,55,83.7,0,300,0,0,300,,77.2,55,75.8,0,
2025-07-19,14:45:00,cool,compressorCoolStage1On,,Home,76,70,76.3,54,83.7,0,300,0,0,300,,76.9,54,75.8,0,
2025-07-19,14:50:00,cool,compressorCoolStage1On,,Home,76,70,76.1,54,83.7,0,300,0,0,300,,76.6,54,75.8,0,
2025-07-19,14:55:00,cool,compressorCoolStage1On,,Home,76,70,76,52,83.7,0,180,0,0,225,,76.3,52,75.8,0,
2025-07-19,15:00:00,cool,compressorCoolOff,,Home,76,70,76,52,83.2,0,0,0,0,0,,76.3,52,75.8,0,
2025-07-19,15:05:00,cool,compressorCoolOff,,Home,76,70,75.7,53,83.2,0,0,0,0,0,,76.5,53,75,0,
2025-07-19,15:10:00,cool,compressorCoolOff,,Home,76,70,75.6,54,83.2,0,0,0,0,0,,76.7,54,74.5,0,
2025-07-19,15:15:00,cool,compressorCoolOff,,Home,76,70,75.8,54,83.2,0,0,0,0,0,,76.9,54,74.7,0,
2025-07-19,15:20:00,cool,compressorCoolOff,,Home,76,70,76,54,83.2,0,0,0,0,0,,77,54,75.1,0,
2025-07-19,15:25:00,cool,compressorCoolOff,,Home,76,70,76.1,55,83.2,0,0,0,0,0,,77.1,55,75.1,0,
2025-07-19,15:30:00,cool,compressorCoolOff,,Home,76,70,76.1,55,83.2,0,0,0,0,0,,77.2,55,75.1,0,
2025-07-19,15:35:00,cool,compressorCoolOff,,Home,76,70,76.1,55,83.2,0,0,0,0,0,,77.2,55,75.1,0,
2025-07-19,15:40:00,cool,compressorCoolOff,,Home,76,70,76.3,55,83.2,0,0,0,0,0,,77.2,55,75.5,0,
2025-07-19,15:45:00,cool,compressorCoolOff,,Home,76,70,76.3,55,83.2,0,0,0,0,0,,77.1,55,75.6,0,
2025-07-19,15:50:00,cool,compressorCoolOff,,Home,76,70,76.3,55,83.2,0,0,0,0,0,,77,55,75.6,0,
2025-07-19,15:55:00,cool,compressorCoolOff,,Home,76,70,76.3,55,83.2,0,0,0,0,0,,76.9,55,75.8,0,
2025-07-19,16:00:00,cool,compressorCoolOff,,Home,76,70,76.4,55,85.2,0,180,0,0,180,,76.9,55,76,0,
2025-07-19,16:05:00,cool,compressorCoolStage1On,,Home,76,70,76.5,54,85.2,0,300,0,0,300,,77,54,76.1,0,
2025-07-19,16:10:00,cool,compressorCoolStage1On,,Home,76,70,76.4,53,85.2,0,300,0,0,300,,76.8,53,76,0,
2025-07-19,16:15:00,cool,compressorCoolStage1On,,Home,76,70,76.2,52,85.2,0,270,0,0,300,,76.6,52,75.8,0,
2025-07-19,16:20:00,cool,compressorCoolOff,,Home,76,70,75.7,53,85.2,0,0,0,0,15,,76.5,53,74.9,0,
2025-07-19,16:25:00,cool,compressorCoolOff,,Home,76,70,75.6,54,85.2,0,0,0,0,0,,76.6,54,74.7,0,
2025-07-19,16:30:00,cool,compressorCoolOff,,Home,76,70,75.7,54,85.2,0,0,0,0,0,,76.8,54,74.7,0,
2025-07-19,16:35:00,cool,compressorCoolOff,,Home,76,70,75.8,55,85.2,0,0,0,0,0,,76.9,55,74.7,0,
2025-07-19,16:40:00,cool,compressorCoolOff,,Home,76,70,76,55,85.2,0,0,0,0,0,,77.1,55,75.1,0,
2025-07-19,16:45:00,cool,compressorCoolOff,,Home,76,70,76.3,55,85.2,0,0,0,0,0,,77.2,55,75.4,0,
2025-07-19,16:50:00,cool,compressorCoolOff,,Home,76,70,76.2,55,85.2,0,0,0,0,0,,77.1,55,75.4,0,
2025-07-19,16:55:00,cool,compressorCoolOff,,Home,76,70,76.2,55,85.2,0,0,0,0,0,,77,55,75.4,0,
2025-07-19,17:00:00,cool,compressorCoolOff,,Home,76,70,76.2,55,84.5,0,60,0,0,60,,76.9,55,75.6,0,
2025-07-19,17:05:00,cool,compressorCoolStage1On,,Home,76,70,76.6,55,84.5,0,300,0,0,300,,76.9,55,76.4,0,
2025-07-19,17:10:00,cool,compressorCoolStage1On,,Home,76,70,76.6,54,84.5,0,300,0,0,300,,76.8,54,76.4,0,
2025-07-19,17:15:00,cool,compressorCoolStage1On,,Home,76,70,76.2,53,84.5,0,300,0,0,300,,76.6,53,75.8,0,
2025-07-19,17:20:00,cool,compressorCoolStage1On,,Home,76,70,76,53,84.5,0,270,0,0,300,,76.4,53,75.8,0,
2025-07-19,17:25:00,cool,compressorCoolOff,,Home,76,70,76,53,84.5,0,0,0,0,15,,76.3,53,75.8,0,
2025-07-19,17:30:00,cool,compressorCoolOff,,Home,76,70,75.8,54,85.8,0,0,0,0,0,,76.4,54,75.2,0,
2025-07-19,17:35:00,cool,compressorCoolOff,,Home,76,70,75.7,54,85.8,0,0,0,0,0,,76.6,54,74.9,0,
2025-07-19,17:40:00,cool,compressorCoolOff,,Home,76,70,75.9,54,85.8,0,0,0,0,0,,76.8,54,75.1,0,
2025-07-19,17:45:00,cool,compressorCoolOff,,Home,76,70,76.1,54,85.8,0,0,0,0,0,,76.9,54,75.4,0,
2025-07-19,17:50:00,cool,compressorCoolOff,,Home,76,70,76.2,55,85.8,0,0,0,0,0,,77,55,75.4,0,
2025-07-19,17:55:00,cool,compressorCoolOff,,Home,76,70,76.2,55,85.8,0,0,0,0,0,,77.1,55,75.4,0,
2025-07-19,18:00:00,cool,compressorCoolOff,,Home,76,70,76.2,55,85.3,0,0,0,0,0,,77.1,55,75.4,0,
2025-07-19,18:05:00,cool,compressorCoolOff,,Home,76,70,76.2,55,85.3,0,0,0,0,0,,77,55,75.4,0,
2025-07-19,18:10:00,cool,compressorCoolOff,,Home,76,70,76.5,55,85.3,0,255,0,0,255,,76.9,55,76.2,0,
2025-07-19,18:15:00,cool,compressorCoolStage1On,,Home,76,70,76.6,54,85.3,0,300,0,0,300,,76.8,54,76.4,0,
2025-07-19,18:20:00,cool,compressorCoolStage1On,,Home,76,70,76.5,53,85.3,0,300,0,0,300,,76.6,53,76.4,0,
2025-07-19,18:25:00,cool,compressorCoolStage1On,,Home,76,70,76.3,53,85.3,0,300,0,0,300,,76.4,53,76.4,0,
2025-07-19,18:30:00,cool,compressorCoolStage1On,,Home,76,70,75.9,52,83.6,0,150,0,0,195,,76.2,52,75.7,0,
2025-07-19,18:35:00,cool,compressorCoolOff,,Home,76,70,75.5,53,83.6,0,0,0,0,0,,76.2,53,75,0,
2025-07-19,18:40:00,cool,compressorCoolOff,,Home,76,70,75.7,54,83.6,0,0,0,0,0,,76.4,54,74.9,0,
2025-07-19,18:45:00,cool,compressorCoolOff,,Home,76,70,75.9,54,83.6,0,0,0,0,0,,76.6,54,75.2,0,
2025-07-19,18:50:00,cool,compressorCoolOff,,Home,76,70,76.1,54,83.6,0,0,0,0,0,,76.7,54,75.6,0,
2025-07-19,18:55:00,cool,compressorCoolOff,,Home,76,70,76.2,55,83.6,0,0,0,0,0,,76.8,55,75.6,0,
2025-07-19,19:00:00,cool,compressorCoolOff,,Home,76,70,76.2,55,83.6,0,0,0,0,0,,76.9,55,75.6,0,
2025-07-19,19:05:00,cool,compressorCoolOff,,Home,76,70,76.2,55,83.6,0,0,0,0,0,,76.9,55,75.6,0,
2025-07-19,19:10:00,cool,compressorCoolOff,,Home,76,70,76.5,56,83.6,0,210,0,0,210,,77,56,76.1,0,
2025-07-19,19:15:00,cool,compressorCoolStage1On,,Home,76,70,76.6,54,83.6,0,300,0,0,300,,76.9,54,76.4,0,
2025-07-19,19:20:00,cool,compressorCoolStage1On,,Home,76,70,76.5,53,83.6,0,300,0,0,300,,76.6,53,76.4,0,
2025-07-19,19:25:00,cool,compressorCoolStage1On,,Home,76,70,76.3,52,83.6,0,300,0,0,300,,76.3,52,76.4,0,
2025-07-19,19:30:00,cool,compressorCoolStage1On,,Home,76,70,76.2,51,83.6,0,300,0,0,300,,76,51,76.4,0,
2025-07-19,19:35:00,cool,compressorCoolStage1On,,Home,76,70,76.1,51,83.6,0,300,0,0,300,,75.9,51,76.4,0,
2025-07-19,19:40:00,cool,compressorCoolStage1On,,Home,76,70,76,51,83.6,0,60,0,0,105,,75.7,51,76.4,0,
2025-07-19,19:45:00,cool,compressorCoolOff,,Home,76,70,76,52,83.6,0,0,0,0,0,,75.7,52,76.4,0,
2025-07-19,19:50:00,cool,compressorCoolOff,,Home,76,70,75.5,52,83.6,0,0,0,0,0,,76,52,75,0,
2025-07-19,19:55:00,cool,compressorCoolOff,,Home,76,70,75.6,52,83.6,0,0,0,0,0,,76.2,52,75.1,0,
2025-07-19,20:00:00,cool,compressorCoolOff,,Home,76,70,75.7,52,80.8,0,0,0,0,0,,76.3,52,75.2,0,
2025-07-19,20:05:00,cool,compressorCoolOff,,Home,76,70,75.8,52,80.8,0,0,0,0,0,,76.4,52,75.2,0,
2025-07-19,20:10:00,cool,compressorCoolOff,,Home,76,70,75.8,54,80.8,0,0,0,0,0,,76.5,54,75.2,0,
2025-07-19,20:15:00,cool,compressorCoolOff,,Home,76,70,75.8,54,80.8,0,0,0,0,0,,76.5,54,75.2,0,
2025-07-19,20:20:00,cool,compressorCoolOff,,Home,76,70,75.8,55,80.8,0,0,0,0,0,,76.5,55,75.2,0,
2025-07-19,20:25:00,cool,compressorCoolOff,,Home,76,70,75.9,55,80.8,0,0,0,0,0,,76.5,55,75.3,0,
2025-07-19,20:30:00,cool,compressorCoolOff,,Home,76,70,76.4,56,80.8,0,0,0,0,0,,76.6,56,76.2,0,
2025-07-19,20:35:00,cool,compressorCoolOff,,Home,76,70,76.4,57,80.8,0,0,0,0,0,,76.7,57,76.2,0,
2025-07-19,20:40:00,cool,compressorCoolOff,,Home,76,70,76.4,56,80.8,0,165,0,0,165,,76.7,56,76.2,0,
2025-07-19,20:45:00,cool,compressorCoolStage1On,,Home,76,70,76.5,55,80.8,0,300,0,0,300,,76.7,55,76.3,0,
2025-07-19,20:50:00,cool,compressorCoolStage1On,,Home,76,70,76.4,53,80.8,0,300,0,0,300,,76.5,53,76.4,0,
2025-07-19,20:55:00,cool,compressorCoolStage1On,,Home,76,70,76.2,53,80.8,0,300,0,0,300,,76.2,53,76.4,0,
2025-07-19,21:00:00,cool,compressorCoolStage1On,,Home,76,70,75.8,52,78,0,180,0,0,225,,75.9,52,75.8,0,
2025-07-19,21:05:00,cool,compressorCoolOff,,Home,76,70,75.3,52,78,0,0,0,0,0,,75.8,52,75,0,
2025-07-19,21:10:00,cool,compressorCoolOff,,Home,76,70,75.3,53,78,0,0,0,0,0,,75.9,53,74.7,0,
2025-07-19,21:15:00,cool,compressorCoolOff,,Home,76,70,75.6,52,78,0,0,0,0,0,,76.1,52,75.1,0,
2025-07-19,21:20:00,cool,compressorCoolOff,,Home,76,70,75.6,52,78,0,0,0,0,0,,76.2,52,75.1,0,
2025-07-19,21:25:00,cool,compressorCoolOff,,Home,76,70,75.9,53,78,0,0,0,0,0,,76.3,53,75.5,0,
2025-07-19,21:30:00,cool,compressorCoolOff,,Home,76,70,76,54,78,0,0,0,0,0,,76.4,54,75.6,0,
2025-07-19,21:35:00,cool,compressorCoolOff,,Home,76,70,76,54,78,0,0,0,0,0,,76.4,54,75.6,0,
2025-07-19,21:40:00,cool,compressorCoolOff,,Home,76,70,76,54,78,0,0,0,0,0,,76.5,54,75.6,0,
2025-07-19,21:45:00,cool,compressorCoolOff,,Home,76,70,76,55,78,0,0,0,0,0,,76.5,55,75.6,0,
2025-07-19,21:50:00,cool,compressorCoolOff,,Home,76,70,76.1,55,78,0,0,0,0,0,,76.5,55,75.8,0,
2025-07-19,21:55:00,cool,compressorCoolOff,,Home,76,70,76.4,55,78,0,0,0,0,0,,76.6,55,76.2,0,
2025-07-19,22:00:00,cool,compressorCoolOff,,Home,76,70,76.4,55,77.1,0,0,0,0,0,,76.6,55,76.2,0,
2025-07-19,22:05:00,cool,compressorCoolOff,,Home,76,70,76.4,56,77.1,0,0,0,0,0,,76.6,56,76.2,0,
2025-07-19,22:10:00,cool,compressorCoolOff,,Home,76,70,76.4,56,77.1,0,0,0,0,0,,76.7,56,76.2,0,
2025-07-19,22:15:00,cool,compressorCoolOff,,Home,76,70,76.4,56,77.1,0,0,0,0,0,,76.7,56,76.2,0,
2025-07-19,22:20:00,cool,compressorCoolOff,,Home,76,70,76.4,56,77.1,0,135,0,0,135,,76.7,56,76.2,0,
2025-07-19,22:25:00,cool,compressorCoolStage1On,,Home,76,70,76.4,55,77.1,0,300,0,0,300,,76.7,55,76.2,0,
2025-07-19,22:30:00,cool,compressorCoolStage1On,,Home,76,70,76.4,53,76.6,0,300,0,0,300,,76.5,53,76.2,0,
2025-07-19,22:35:00,cool,compressorCoolStage1On,,Home,76,70,76.1,53,76.6,0,180,0,0,225,,76.1,53,75.6,0,
2025-07-19,22:40:00,cool,compressorCoolOff,,Home,76,70,75.8,53,76.6,0,0,0,0,0,,76,53,75.4,0,
2025-07-19,22:45:00,cool,compressorCoolOff,,Home,76,70,75.8,53,76.6,0,0,0,0,0,,76.1,53,75.2,0,
2025-07-19,22:50:00,cool,compressorCoolOff,,Home,76,70,75.8,52,76.6,0,0,0,0,0,,76.2,52,75.2,0,
2025-07-19,22:55:00,cool,compressorCoolOff,,Home,76,70,75.8,52,76.6,0,0,0,0,0,,76.3,52,75.2,0,
2025-07-19,23:00:00,cool,compressorCoolOff,,Home,76,70,75.8,53,76.4,0,0,0,0,0,,76.4,53,75.2,0,
2025-07-19,23:05:00,cool,compressorCoolOff,,Home,76,70,75.8,54,76.4,0,0,0,0,0,,76.5,54,75.2,0,
2025-07-19,23:10:00,cool,compressorCoolOff,,Home,76,70,76.2,54,76.4,0,0,0,0,0,,76.5,54,75.9,0,
2025-07-19,23:15:00,cool,compressorCoolOff,,Home,76,70,76.3,55,76.4,0,0,0,0,0,,76.6,55,76,0,
2025-07-19,23:20:00,cool,compressorCoolOff,,Home,76,70,76.3,55,76.4,0,0,0,0,0,,76.6,55,76,0,
2025-07-19,23:25:00,cool,compressorCoolOff,,Home,76,70,76.4,55,76.4,0,180,0,0,180,,76.6,55,76.2,0,
2025-07-19,23:30:00,cool,compressorCoolStage1On,,Home,76,70,76.4,54,76.4,0,300,0,0,300,,76.5,54,76.4,0,
2025-07-19,23:35:00,cool,compressorCoolStage1On,,Home,76,70,76.3,53,76.4,0,300,0,0,300,,76.2,53,76.4,0,
2025-07-19,23:40:00,cool,compressorCoolStage1On,,Home,76,70,76.1,52,76.4,0,300,0,0,300,,75.9,52,76.4,0,
2025-07-19,23:45:00,cool,compressorCoolOff,,Home,76,70,76,51,76.4,0,0,0,0,45,,75.6,51,76.4,0,
2025-07-19,23:50:00,cool,compressorCoolOff,,Home,76,70,76,52,76.4,0,0,0,0,0,,75.7,52,76.4,0,
2025-07-19,23:55:00,cool,compressorCoolOff,,Home,77,66,76.1,53,76.4,0,0,0,0,0,,75.8,53,76.4,0,
2025-07-20,00:00:00,cool,compressorCoolOff,,Sleep,78,62,76.2,53,75.6,0,0,0,0,0,,76,53,76.4,0,
2025-07-20,00:05:00,cool,compressorCoolOff,,Sleep,78,62,76.1,52,75.6,0,0,0,0,0,,76.1,52,76.4,0,
2025-07-20,00:10:00,cool,compressorCoolOff,,Sleep,78,62,76.2,52,75.6,0,0,0,0,0,,76.2,52,,0,
2025-07-20,00:15:00,cool,compressorCoolOff,,Sleep,78,62,76.2,53,75.6,0,0,0,0,0,,76.2,53,,0,
2025-07-20,00:20:00,cool,compressorCoolOff,,Sleep,78,62,76.3,54,75.6,0,0,0,0,0,,76.3,54,,0,
2025-07-20,00:25:00,cool,compressorCoolOff,,Sleep,78,62,76.3,54,75.6,0,0,0,0,0,,76.3,54,,0,
2025-07-20,00:30:00,cool,compressorCoolOff,,Sleep,78,62,76.4,54,75.6,0,0,0,0,0,,76.4,54,,0,
2025-07-20,00:35:00,cool,compressorCoolOff,,Sleep,78,62,76.4,54,75.6,0,0,0,0,0,,76.4,54,,0,
2025-07-20,00:40:00,cool,compressorCoolOff,,Sleep,78,62,76.3,54,75.6,0,0,0,0,0,,76.4,54,75.6,0,
2025-07-20,00:45:00,cool,compressorCoolOff,,Sleep,78,62,76.3,55,75.6,0,0,0,0,0,,76.4,55,75.6,0,
2025-07-20,00:50:00,cool,compressorCoolOff,,Sleep,78,62,76.2,55,75.6,0,0,0,0,0,,76.5,55,75.6,0,
2025-07-20,00:55:00,cool,compressorCoolOff,,Sleep,78,62,76.1,55,75.6,0,0,0,0,0,,76.5,55,75.6,0,
2025-07-20,01:00:00,cool,compressorCoolOff,,Sleep,78,62,76.1,55,75.3,0,0,0,0,0,,76.5,55,75.6,0,
2025-07-20,01:05:00,cool,compressorCoolOff,,Sleep,78,62,76,55,75.3,0,0,0,0,0,,76.5,55,75.6,0,
2025-07-20,01:10:00,cool,compressorCoolOff,,Sleep,78,62,76,55,75.3,0,0,0,0,0,,76.5,55,75.6,0,
2025-07-20,01:15:00,cool,compressorCoolOff,,Sleep,78,62,76.1,55,75.3,0,0,0,0,0,,76.6,55,75.6,0,
2025-07-20,01:20:00,cool,compressorCoolOff,,Sleep,78,62,76.2,55,75.3,0,0,0,0,0,,76.6,55,75.8,0,
2025-07-20,01:25:00,cool,compressorCoolOff,,Sleep,78,62,76.2,56,75.3,0,0,0,0,0,,76.6,56,75.8,0,
2025-07-20,01:30:00,cool,compressorCoolOff,,Sleep,78,62,76.2,57,74.7,0,0,0,0,0,,76.6,57,75.8,0,
2025-07-20,01:35:00,cool,compressorCoolOff,,Sleep,78,62,76.3,57,74.7,0,0,0,0,0,,76.7,57,76,0,
2025-07-20,01:40:00,cool,compressorCoolOff,,Sleep,78,62,76.3,57,74.7,0,0,0,0,0,,76.7,57,76,0,
2025-07-20,01:45:00,cool,compressorCoolOff,,Sleep,78,62,76.3,57,74.7,0,0,0,0,0,,76.7,57,76,0,
2025-07-20,01:50:00,cool,compressorCoolOff,,Sleep,78,62,76.3,57,74.7,0,0,0,0,0,,76.7,57,76,0,
2025-07-20,01:55:00,cool,compressorCoolOff,,Sleep,78,62,76.3,57,74.7,0,0,0,0,0,,76.6,57,76,0,
2025-07-20,02:00:00,cool,compressorCoolOff,,Sleep,78,62,76.3,57,74.4,0,0,0,0,0,,76.6,57,76,0,
2025-07-20,02:05:00,cool,compressorCoolOff,,Sleep,78,62,76.3,57,74.4,0,0,0,0,0,,76.6,57,76,0,
2025-07-20,02:10:00,cool,compressorCoolOff,,Sleep,78,62,76.3,57,74.4,0,0,0,0,0,,76.6,57,76,0,
2025-07-20,02:15:00,cool,compressorCoolOff,,Sleep,78,62,76.3,57,74.4,0,0,0,0,0,,76.6,57,76,0,
2025-07-20,02:20:00,cool,compressorCoolOff,,Sleep,78,62,76.3,57,74.4,0,0,0,0,0,,76.6,57,76,0,
2025-07-20,02:25:00,cool,compressorCoolOff,,Sleep,78,62,76.3,57,74.4,0,0,0,0,0,,76.6,57,76,0,
2025-07-20,02:30:00,cool,compressorCoolOff,,Sleep,78,62,76.3,58,74.4,0,0,0,0,0,,76.7,58,76,0,
2025-07-20,02:35:00,cool,compressorCoolOff,,Sleep,78,62,76.3,58,74.4,0,0,0,0,0,,76.7,58,76,0,
2025-07-20,02:40:00,cool,compressorCoolOff,,Sleep,78,62,76.3,58,74.4,0,0,0,0,0,,76.7,58,76,0,
2025-07-20,02:45:00,cool,compressorCoolOff,,Sleep,78,62,76.3,58,74.4,0,0,0,0,0,,76.7,58,76,0,
2025-07-20,02:50:00,cool,compressorCoolOff,,Sleep,78,62,76.3,58,74.4,0,0,0,0,0,,76.7,58,76,0,
2025-07-20,02:55:00,cool,compressorCoolOff,,Sleep,78,62,76.3,58,74.4,0,0,0,0,0,,76.7,58,76,0,
2025-07-20,03:00:00,cool,compressorCoolOff,,Sleep,78,62,76.4,58,74.6,0,0,0,0,0,,76.8,58,76,0,
2025-07-20,03:05:00,cool,compressorCoolOff,,Sleep,78,62,76.4,58,74.6,0,0,0,0,0,,76.8,58,76,0,
2025-07-20,03:10:00,cool,compressorCoolOff,,Sleep,78,62,76.4,58,74.6,0,0,0,0,0,,76.8,58,76,0,
2025-07-20,03:15:00,cool,compressorCoolOff,,Sleep,78,62,76.4,58,74.6,0,0,0,0,0,,76.8,58,76,0,
2025-07-20,03:20:00,cool,compressorCoolOff,,Sleep,78,62,76.4,58,74.6,0,0,0,0,0,,76.8,58,76,0,
2025-07-20,03:25:00,cool,compressorCoolOff,,Sleep,78,62,76.4,58,74.6,0,0,0,0,0,,76.8,58,76,0,
2025-07-20,03:30:00,cool,compressorCoolOff,,Sleep,78,62,76.4,57,74.6,0,0,0,0,0,,76.8,57,76,0,
2025-07-20,03:35:00,cool,compressorCoolOff,,Sleep,78,62,76.4,57,74.6,0,0,0,0,0,,76.8,57,76,0,
2025-07-20,03:40:00,cool,compressorCoolOff,,Sleep,78,62,76.4,58,74.6,0,0,0,0,0,,76.8,58,76,0,
2025-07-20,03:45:00,cool,compressorCoolOff,,Sleep,78,62,76.4,58,74.6,0,0,0,0,0,,76.8,58,76,0,
2025-07-20,03:50:00,cool,compressorCoolOff,,Sleep,78,62,76.4,58,74.6,0,0,0,0,0,,76.8,58,76,0,
2025-07-20,03:55:00,cool,compressorCoolOff,,Sleep,78,62,76.4,58,74.6,0,0,0,0,0,,76.8,58,76,0,
2025-07-20,04:00:00,cool,compressorCoolOff,,Sleep,78,62,76.4,58,74.3,0,0,0,0,0,,76.8,58,76,0,
2025-07-20,04:05:00,cool,compressorCoolOff,,Sleep,78,62,76.4,58,74.3,0,0,0,0,0,,76.8,58,76,0,
2025-07-20,04:10:00,cool,compressorCoolOff,,Sleep,78,62,76.4,58,74.3,0,0,0,0,0,,76.8,58,76,0,
2025-07-20,04:15:00,cool,compressorCoolOff,,Sleep,78,62,76.4,58,74.3,0,0,0,0,0,,76.9,58,76,0,
2025-07-20,04:20:00,cool,compressorCoolOff,,Sleep,78,62,76.4,58,74.3,0,0,0,0,0,,76.9,58,76,0,
2025-07-20,04:25:00,cool,compressorCoolOff,,Sleep,78,62,76.4,58,74.3,0,0,0,0,0,,76.9,58,76,0,
2025-07-20,04:30:00,cool,compressorCoolOff,,Sleep,78,62,76.4,58,74.3,0,0,0,0,0,,76.9,58,76,0,
2025-07-20,04:35:00,cool,compressorCoolOff,,Sleep,78,62,76.4,58,74.3,0,0,0,0,0,,76.9,58,76,0,
2025-07-20,04:40:00,cool,compressorCoolOff,,Sleep,78,62,76.4,58,74.3,0,0,0,0,0,,76.9,58,76,0,
2025-07-20,04:45:00,cool,compressorCoolOff,,Sleep,78,62,76.4,58,74.3,0,0,0,0,0,,76.9,58,76,0,
2025-07-20,04:50:00,cool,compressorCoolOff,,Sleep,78,62,76.4,58,74.3,0,0,0,0,0,,76.9,58,76,0,
2025-07-20,04:55:00,cool,compressorCoolOff,,Sleep,78,62,76.4,58,74.3,0,0,0,0,0,,76.9,58,76,0,
2025-07-20,05:00:00,cool,compressorCoolOff,,Sleep,78,62,76.4,58,74.1,0,0,0,0,0,,76.9,58,76,0,
2025-07-20,05:05:00,cool,compressorCoolOff,,Sleep,78,62,76.5,58,74.1,0,0,0,0,0,,77,58,76,0,
2025-07-20,05:10:00,cool,compressorCoolOff,,Sleep,78,62,76.5,58,74.1,0,0,0,0,0,,77,58,76,0,
2025-07-20,05:15:00,cool,compressorCoolOff,,Sleep,78,62,76.4,58,74.1,0,0,0,0,0,,76.9,58,76,0,
2025-07-20,05:20:00,cool,compressorCoolOff,,Sleep,78,62,76.4,58,74.1,0,0,0,0,0,,76.9,58,76,0,
2025-07-20,05:25:00,cool,compressorCoolOff,,Sleep,78,62,76.4,58,74.1,0,0,0,0,0,,76.9,58,76,0,
2025-07-20,05:30:00,cool,compressorCoolOff,,Sleep,78,62,76.4,58,73.5,0,0,0,0,0,,76.9,58,76,0,
2025-07-20,05:35:00,cool,compressorCoolOff,,Sleep,78,62,76.4,58,73.5,0,0,0,0,0,,76.9,58,76,0,
2025-07-20,05:40:00,cool,compressorCoolOff,,Sleep,78,62,76.5,59,73.5,0,0,0,0,0,,77,59,76,0,
2025-07-20,05:45:00,cool,compressorCoolOff,,Sleep,78,62,77,58,73.5,0,0,0,0,0,,77,58,,0,
2025-07-20,05:50:00,cool,compressorCoolOff,,Sleep,78,62,76.9,58,73.5,0,0,0,0,0,,77,58,76,0,
2025-07-20,05:55:00,cool,compressorCoolOff,,Sleep,78,62,76.8,58,73.5,0,0,0,0,0,,76.9,58,76,0,
2025-07-20,06:00:00,cool,compressorCoolOff,,Sleep,78,62,76.6,58,73.4,0,0,0,0,0,,76.9,58,76,0,
2025-07-20,06:05:00,cool,compressorCoolOff,,Sleep,78,62,76.6,58,73.4,0,0,0,0,0,,76.9,58,76.1,0,
2025-07-20,06:10:00,cool,compressorCoolOff,,Sleep,78,62,76.6,58,73.4,0,0,0,0,0,,76.9,58,76.2,0,
2025-07-20,06:15:00,cool,compressorCoolOff,,Sleep,78,62,76.5,59,73.4,0,0,0,0,0,,76.9,59,76.2,0,
2025-07-20,06:20:00,cool,compressorCoolOff,,Sleep,78,62,76.4,59,73.4,0,0,0,0,0,,76.9,59,76,0,
2025-07-20,06:25:00,cool,compressorCoolOff,,Sleep,78,62,76.4,59,73.4,0,0,0,0,0,,76.9,59,76,0,
2025-07-20,06:30:00,cool,compressorCoolOff,,Sleep,78,62,76.4,59,73.4,0,0,0,0,0,,76.9,59,76,0,
2025-07-20,06:35:00,cool,compressorCoolOff,,Sleep,78,62,76.4,59,73.4,0,0,0,0,0,,76.9,59,76,0,
2025-07-20,06:40:00,cool,compressorCoolOff,,Sleep,78,62,76.4,59,73.4,0,0,0,0,0,,76.9,59,76,0,
2025-07-20,06:45:00,cool,compressorCoolOff,,Sleep,78,62,76.4,59,73.4,0,0,0,0,0,,76.9,59,76,0,
2025-07-20,06:50:00,cool,compressorCoolOff,,Sleep,78,62,76.4,59,73.4,0,0,0,0,0,,76.9,59,76,0,
2025-07-20,06:55:00,cool,compressorCoolOff,,Sleep,78,62,76.4,59,73.4,0,0,0,0,0,,76.9,59,76,0,
2025-07-20,07:00:00,cool,compressorCoolOff,,Sleep,78,62,76.4,59,74.6,0,0,0,0,0,,76.9,59,76,0,
2025-07-20,07:05:00,cool,compressorCoolOff,,Sleep,78,62,76.5,59,74.6,0,0,0,0,0,,77,59,76,0,
2025-07-20,07:10:00,cool,compressorCoolOff,,Sleep,78,62,76.5,59,74.6,0,0,0,0,0,,77,59,76,0,
2025-07-20,07:15:00,cool,compressorCoolOff,,Sleep,78,62,76.5,59,74.6,0,0,0,0,0,,77,59,76,0,
2025-07-20,07:20:00,cool,compressorCoolOff,,Sleep,78,62,76.5,59,74.6,0,0,0,0,0,,77,59,76,0,
2025-07-20,07:25:00,cool,compressorCoolOff,,Sleep,78,62,76.5,59,74.6,0,0,0,0,0,,77,59,76,0,
2025-07-20,07:30:00,cool,compressorCoolOff,,Sleep,78,62,76.5,59,74.6,0,0,0,0,0,,77,59,76,0,
2025-07-20,07:35:00,cool,compressorCoolOff,,Sleep,78,62,76.5,59,74.6,0,0,0,0,0,,77,59,76,0,
2025-07-20,07:40:00,cool,compressorCoolOff,,Sleep,78,62,76.5,59,74.6,0,0,0,0,0,,77,59,76,0,
2025-07-20,07:45:00,cool,compressorCoolOff,,Sleep,78,62,76.5,59,74.6,0,0,0,0,0,,77,59,76,0,
2025-07-20,07:50:00,cool,compressorCoolOff,,Sleep,78,62,76.5,59,74.6,0,0,0,0,0,,77,59,76,0,
2025-07-20,07:55:00,cool,compressorCoolOff,,Sleep,77,66,76.5,59,74.6,0,150,0,0,150,,77,59,76,0,
2025-07-20,08:00:00,cool,compressorCoolStage1On,,Home,76,70,76.4,58,76,0,300,0,0,300,,76.9,58,76,0,
2025-07-20,08:05:00,cool,compressorCoolStage1On,,Home,76,70,76.3,55,76,0,300,0,0,300,,76.7,55,76,0,
2025-07-20,08:10:00,cool,compressorCoolStage1On,,Home,76,70,76.2,54,76,0,300,0,0,300,,76.4,54,76,0,
2025-07-20,08:15:00,cool,compressorCoolStage1On,,Home,76,70,76,53,76,0,165,0,0,210,,76.1,53,76,0,
2025-07-20,08:20:00,cool,compressorCoolOff,,Home,76,70,75.9,53,76,0,0,0,0,0,,75.9,53,76,0,
2025-07-20,08:25:00,cool,compressorCoolOff,,Home,76,70,76,54,76,0,0,0,0,0,,76,54,76,0,
2025-07-20,08:30:00,cool,compressorCoolOff,,Home,76,70,75.9,55,77.1,0,0,0,0,0,,76.3,55,75.7,0,
2025-07-20,08:35:00,cool,compressorCoolOff,,Home,76,70,75.4,55,77.1,0,0,0,0,0,,76.4,55,74.5,0,
2025-07-20,08:40:00,cool,compressorCoolOff,,Home,76,70,75.5,55,77.1,0,0,0,0,0,,76.5,55,74.5,0,
2025-07-20,08:45:00,cool,compressorCoolOff,,Home,76,70,75.6,57,77.1,0,0,0,0,0,,76.6,57,74.8,0,
2025-07-20,08:50:00,cool,compressorCoolOff,,Home,76,70,75.7,57,77.1,0,0,0,0,0,,76.6,57,74.9,0,
2025-07-20,08:55:00,cool,compressorCoolOff,,Home,76,70,75.8,57,77.1,0,0,0,0,0,,76.7,57,74.9,0,
2025-07-20,09:00:00,cool,compressorCoolOff,,Home,76,70,75.8,57,78,0,0,0,0,0,,76.7,57,74.9,0,
2025-07-20,09:05:00,cool,compressorCoolOff,,Home,76,70,75.8,57,78,0,0,0,0,0,,76.7,57,74.9,0,
2025-07-20,09:10:00,cool,compressorCoolOff,,Home,76,70,75.9,58,78,0,0,0,0,0,,76.8,58,75.2,0,
2025-07-20,09:15:00,cool,compressorCoolOff,,Home,76,70,76.2,58,78,0,0,0,0,0,,76.8,58,75.6,0,
2025-07-20,09:20:00,cool,compressorCoolOff,,Home,76,70,76.2,58,78,0,0,0,0,0,,76.8,58,75.6,0,
2025-07-20,09:25:00,cool,compressorCoolOff,,Home,76,70,76.3,58,78,0,0,0,0,0,,76.9,58,75.8,0,
2025-07-20,09:30:00,cool,compressorCoolOff,,Home,76,70,76.3,58,78.1,0,0,0,0,0,,76.9,58,75.8,0,
2025-07-20,09:35:00,cool,compressorCoolOff,,Home,76,70,76.4,58,78.1,0,0,0,0,0,,76.9,58,76,0,
2025-07-20,09:40:00,cool,compressorCoolOff,,Home,76,70,76.4,58,78.1,0,180,0,0,180,,76.9,58,76,0,
2025-07-20,09:45:00,cool,compressorCoolStage1On,,Home,76,70,76.4,57,78.1,0,300,0,0,300,,76.9,57,76,0,
2025-07-20,09:50:00,cool,compressorCoolStage1On,,Home,76,70,76.2,55,78.1,0,300,0,0,300,,76.6,55,75.8,0,
2025-07-20,09:55:00,cool,compressorCoolStage1On,,Home,76,70,76,54,78.1,0,180,0,0,225,,76.3,54,75.8,0,
2025-07-20,10:00:00,cool,compressorCoolOff,,Home,76,70,75.7,54,78.8,0,0,0,0,0,,76.2,54,75.3,0,
2025-07-20,10:05:00,cool,compressorCoolOff,,Home,76,70,75.6,55,78.8,0,0,0,0,0,,76.3,55,74.9,0,
2025-07-20,10:10:00,cool,compressorCoolOff,,Home,76,70,75.6,55,78.8,0,0,0,0,0,,76.5,55,74.9,0,
2025-07-20,10:15:00,cool,compressorCoolOff,,Home,76,70,75.7,56,78.8,0,0,0,0,0,,76.6,56,74.9,0,
2025-07-20,10:20:00,cool,compressorCoolOff,,Home,76,70,75.8,57,78.8,0,30,0,0,30,,76.7,57,75,0,
2025-07-20,10:25:00,cool,compressorCoolStage1On,,Home,76,70,76.5,56,78.8,0,300,0,0,300,,76.8,56,76.2,0,
2025-07-20,10:30:00,cool,compressorCoolStage1On,,Home,76,70,76.3,55,80.7,0,300,0,0,300,,76.6,55,76.2,0,
2025-07-20,10:35:00,cool,compressorCoolStage1On,,Home,76,70,76.2,54,80.7,0,300,0,0,300,,76.3,54,76.2,0,
2025-07-20,10:40:00,cool,compressorCoolStage1On,,Home,76,70,75.7,53,80.7,0,60,0,0,105,,76,53,75.4,0,
2025-07-20,10:45:00,cool,compressorCoolOff,,Home,76,70,75.6,54,80.7,0,0,0,0,0,,76,54,75.2,0,
2025-07-20,10:50:00,cool,compressorCoolOff,,Home,76,70,75.7,54,80.7,0,0,0,0,0,,76.2,54,75.1,0,
2025-07-20,10:55:00,cool,compressorCoolOff,,Home,76,70,75.7,54,80.7,0,0,0,0,0,,76.4,54,75.1,0,
2025-07-20,11:00:00,cool,compressorCoolOff,,Home,76,70,75.8,55,81.9,0,0,0,0,0,,76.5,55,75.2,0,
2025-07-20,11:05:00,cool,compressorCoolOff,,Home,76,70,76.1,55,81.9,0,0,0,0,0,,76.6,55,75.6,0,
2025-07-20,11:10:00,cool,compressorCoolOff,,Home,76,70,76.1,55,81.9,0,0,0,0,0,,76.7,55,75.6,0,
2025-07-20,11:15:00,cool,compressorCoolOff,,Home,76,70,76.3,56,81.9,0,0,0,0,0,,76.7,56,76,0,
2025-07-20,11:20:00,cool,compressorCoolOff,,Home,76,70,76.4,56,81.9,0,0,0,0,0,,76.8,56,76,0,
2025-07-20,11:25:00,cool,compressorCoolOff,,Home,76,70,76.4,56,81.9,0,0,0,0,0,,76.9,56,76,0,
2025-07-20,11:30:00,cool,compressorCoolOff,,Home,76,70,76.6,57,81.9,0,255,0,0,255,,76.9,57,76.3,0,
2025-07-20,11:35:00,cool,compressorCoolStage1On,,Home,76,70,76.6,55,81.9,0,300,0,0,300,,76.8,55,76.4,0,
2025-07-20,11:40:00,cool,compressorCoolStage1On,,Home,76,70,76.4,54,81.9,0,300,0,0,300,,76.5,54,76.4,0,
2025-07-20,11:45:00,cool,compressorCoolStage1On,,Home,76,70,76.2,53,81.9,0,300,0,0,300,,76.2,53,76.4,0,
2025-07-20,11:50:00,cool,compressorCoolStage1On,,Home,76,70,75.7,53,81.9,0,165,0,0,210,,75.9,53,75.6,0,
2025-07-20,11:55:00,cool,compressorCoolOff,,Home,76,70,75.3,53,81.9,0,0,0,0,0,,75.9,53,74.7,0,
2025-07-20,12:00:00,cool,compressorCoolOff,,Home,76,70,75.4,54,83.4,0,0,0,0,0,,76.1,54,74.7,0,
2025-07-20,12:05:00,cool,compressorCoolOff,,Home,76,70,75.5,54,83.4,0,0,0,0,0,,76.4,54,74.7,0,
2025-07-20,12:10:00,cool,compressorCoolOff,,Home,76,70,75.6,54,83.4,0,0,0,0,0,,76.5,54,74.7,0,
2025-07-20,12:15:00,cool,compressorCoolOff,,Home,76,70,75.8,55,83.4,0,0,0,0,0,,76.6,55,75.1,0,
2025-07-20,12:20:00,cool,compressorCoolOff,,Home,76,70,75.9,55,83.4,0,0,0,0,0,,76.7,55,75.3,0,
2025-07-20,12:25:00,cool,compressorCoolOff,,Home,76,70,76.1,55,83.4,0,0,0,0,0,,76.8,55,75.5,0,
2025-07-20,12:30:00,cool,compressorCoolOff,,Home,76,70,76.2,56,83.4,0,0,0,0,0,,76.8,56,75.6,0,
2025-07-20,12:35:00,cool,compressorCoolOff,,Home,76,70,76.2,56,83.4,0,0,0,0,0,,76.8,56,75.6,0,
2025-07-20,12:40:00,cool,compressorCoolOff,,Home,76,70,76.2,56,83.4,0,0,0,0,0,,76.9,56,75.6,0,
2025-07-20,12:45:00,cool,compressorCoolOff,,Home,76,70,76.2,56,83.4,0,0,0,0,0,,76.8,56,75.6,0,
2025-07-20,12:50:00,cool,compressorCoolOff,,Home,76,70,76.2,56,83.4,0,0,0,0,0,,76.8,56,75.6,0,
2025-07-20,12:55:00,cool,compressorCoolOff,,Home,76,70,76.2,56,83.4,0,0,0,0,0,,76.8,56,75.6,0,
2025-07-20,13:00:00,cool,compressorCoolOff,,Home,76,70,76.2,56,84.6,0,0,0,0,0,,76.9,56,75.6,0,
2025-07-20,13:05:00,cool,compressorCoolOff,,Home,76,70,76.5,56,84.6,0,285,0,0,285,,77,56,76.1,0,
2025-07-20,13:10:00,cool,compressorCoolStage1On,,Home,76,70,76.4,55,84.6,0,300,0,0,300,,76.9,55,76,0,
2025-07-20,13:15:00,cool,compressorCoolStage1On,,Home,76,70,76.3,53,84.6,0,300,0,0,300,,76.7,53,76,0,
2025-07-20,13:20:00,cool,compressorCoolStage1On,,Home,76,70,75.9,52,84.6,0,90,0,0,135,,76.4,52,75.4,0,
2025-07-20,13:25:00,cool,compressorCoolOff,,Home,76,70,75.7,53,84.6,0,0,0,0,0,,76.3,53,75.2,0,
2025-07-20,13:30:00,cool,compressorCoolOff,,Home,76,70,75.8,55,85.1,0,0,0,0,0,,76.5,55,75.1,0,
2025-07-20,13:35:00,cool,compressorCoolOff,,Home,76,70,75.8,55,85.1,0,0,0,0,0,,76.6,55,75.1,0,
2025-07-20,13:40:00,cool,compressorCoolOff,,Home,76,70,75.9,55,85.1,0,0,0,0,0,,76.6,55,75.3,0,
2025-07-20,13:45:00,cool,compressorCoolOff,,Home,76,70,76.1,56,85.1,0,0,0,0,0,,76.7,56,75.6,0,
2025-07-20,13:50:00,cool,compressorCoolOff,,Home,76,70,76.2,56,85.1,0,0,0,0,0,,76.8,56,75.6,0,
2025-07-20,13:55:00,cool,compressorCoolOff,,Home,76,70,76.4,56,85.1,0,180,0,0,180,,76.9,56,76,0,
2025-07-20,14:00:00,cool,compressorCoolStage1On,,Home,76,70,76.5,55,86.1,0,300,0,0,300,,76.9,55,76.1,0,
2025-07-20,14:05:00,cool,compressorCoolStage1On,,Home,76,70,76.4,54,86.1,0,300,0,0,300,,76.7,54,76.2,0,
2025-07-20,14:10:00,cool,compressorCoolStage1On,,Home,76,70,75.9,52,86.1,0,90,0,0,135,,76.4,52,75.5,0,
2025-07-20,14:15:00,cool,compressorCoolOff,,Home,76,70,75.7,53,86.1,0,0,0,0,0,,76.4,53,75.1,0,
2025-07-20,14:20:00,cool,compressorCoolOff,,Home,76,70,75.7,54,86.1,0,0,0,0,0,,76.4,54,75.1,0,
2025-07-20,14:25:00,cool,compressorCoolOff,,Home,76,70,75.8,55,86.1,0,0,0,0,0,,76.5,55,75.2,0,
2025-07-20,14:30:00,cool,compressorCoolOff,,Home,76,70,75.9,57,85.1,0,0,0,0,0,,76.6,57,75.2,0,
2025-07-20,14:35:00,cool,compressorCoolOff,,Home,76,70,76.2,56,85.1,0,0,0,0,0,,76.8,56,75.6,0,
2025-07-20,14:40:00,cool,compressorCoolOff,,Home,76,70,76.2,56,85.1,0,0,0,0,0,,76.9,56,75.6,0,
2025-07-20,14:45:00,cool,compressorCoolOff,,Home,76,70,76.3,56,85.1,0,0,0,0,0,,77,56,75.6,0,
2025-07-20,14:50:00,cool,compressorCoolOff,,Home,76,70,76.5,56,85.1,0,285,0,0,285,,77.1,56,76.1,0,
2025-07-20,14:55:00,cool,compressorCoolStage1On,,Home,76,70,76.5,55,85.1,0,300,0,0,300,,77,55,76.2,0,
2025-07-20,15:00:00,cool,compressorCoolStage1On,,Home,76,70,76.4,54,84.7,0,300,0,0,300,,76.6,54,76.2,0,
2025-07-20,15:05:00,cool,compressorCoolStage1On,,Home,76,70,76.2,53,84.7,0,300,0,0,300,,76.3,53,76.2,0,
2025-07-20,15:10:00,cool,compressorCoolStage1On,,Home,76,70,75.7,53,84.7,0,135,0,0,180,,76.1,53,75.4,0,
2025-07-20,15:15:00,cool,compressorCoolOff,,Home,76,70,75.4,53,84.7,0,0,0,0,0,,76,53,74.8,0,
2025-07-20,15:20:00,cool,compressorCoolOff,,Home,76,70,75.5,54,84.7,0,0,0,0,0,,76.3,54,74.7,0,
2025-07-20,15:25:00,cool,compressorCoolOff,,Home,76,70,75.7,54,84.7,0,0,0,0,0,,76.5,54,74.9,0,
2025-07-20,15:30:00,cool,compressorCoolOff,,Home,76,70,75.9,54,84.3,0,0,0,0,0,,76.7,54,75.2,0,
2025-07-20,15:35:00,cool,compressorCoolOff,,Home,76,70,76,55,84.3,0,0,0,0,0,,76.8,55,75.2,0,
2025-07-20,15:40:00,cool,compressorCoolOff,,Home,76,70,76,55,84.3,0,0,0,0,0,,76.8,55,75.2,0,
2025-07-20,15:45:00,cool,compressorCoolOff,,Home,76,70,76.2,55,84.3,0,0,0,0,0,,76.8,55,75.7,0,
2025-07-20,15:50:00,cool,compressorCoolOff,,Home,76,70,76.3,56,84.3,0,0,0,0,0,,76.7,56,75.9,0,
2025-07-20,15:55:00,cool,compressorCoolOff,,Home,76,70,76.4,56,84.3,0,0,0,0,0,,76.8,56,76,0,
2025-07-20,16:00:00,cool,compressorCoolOff,,Home,76,70,76.5,56,85.5,0,180,0,0,180,,76.9,56,76.2,0,
2025-07-20,16:05:00,cool,compressorCoolStage1On,,Home,76,70,76.6,55,85.5,0,300,0,0,300,,76.9,55,76.4,0,
2025-07-20,16:10:00,cool,compressorCoolStage1On,,Home,76,70,76.5,53,85.5,0,300,0,0,300,,76.8,53,76.3,0,
2025-07-20,16:15:00,cool,compressorCoolStage1On,,Home,76,70,76.3,52,85.5,0,300,0,0,300,,76.5,52,76.2,0,
2025-07-20,16:20:00,cool,compressorCoolStage1On,,Home,76,70,76.2,52,85.5,0,300,0,0,300,,76.2,52,76.2,0,
2025-07-20,16:25:00,cool,compressorCoolStage1On,,Home,76,70,76.1,53,85.5,0,300,0,0,300,,76,53,76.2,0,
2025-07-20,16:30:00,cool,compressorCoolOff,,Home,76,70,76,53,85.5,0,0,0,0,45,,75.9,53,76.2,0,
2025-07-20,16:35:00,cool,compressorCoolOff,,Home,76,70,75.4,53,85.5,0,0,0,0,0,,75.9,53,74.9,0,
2025-07-20,16:40:00,cool,compressorCoolOff,,Home,76,70,75.5,54,85.5,0,0,0,0,0,,76.1,54,75,0,
2025-07-20,16:45:00,cool,compressorCoolOff,,Home,76,70,75.7,55,85.5,0,0,0,0,0,,76.3,55,75.1,0,
2025-07-20,16:50:00,cool,compressorCoolOff,,Home,76,70,75.9,55,85.5,0,0,0,0,0,,76.5,55,75.2,0,
2025-07-20,16:55:00,cool,compressorCoolOff,,Home,76,70,76,55,85.5,0,0,0,0,0,,76.7,55,75.4,0,
2025-07-20,17:00:00,cool,compressorCoolOff,,Home,76,70,76.1,56,85.5,0,0,0,0,0,,76.8,56,75.5,0,
2025-07-20,17:05:00,cool,compressorCoolOff,,Home,76,70,76.3,56,85.5,0,0,0,0,0,,76.9,56,75.8,0,
2025-07-20,17:10:00,cool,compressorCoolOff,,Home,76,70,76.3,56,85.5,0,45,0,0,45,,76.9,56,75.8,0,
2025-07-20,17:15:00,cool,compressorCoolStage1On,,Home,76,70,76.5,56,85.5,0,300,0,0,300,,76.8,56,76.2,0,
2025-07-20,17:20:00,cool,compressorCoolStage1On,,Home,76,70,76.4,54,85.5,0,300,0,0,300,,76.6,54,76.2,0,
2025-07-20,17:25:00,cool,compressorCoolOff,,Home,76,70,76,54,85.5,0,0,0,0,45,,76.4,54,75.6,0,
2025-07-20,17:30:00,cool,compressorCoolOff,,Home,76,70,76,54,85.5,0,0,0,0,0,,76.4,54,75.6,0,
2025-07-20,17:35:00,cool,compressorCoolOff,,Home,76,70,76,55,85.5,0,0,0,0,0,,76.6,55,75.6,0,
2025-07-20,17:40:00,cool,compressorCoolOff,,Home,76,70,76.1,55,85.5,0,0,0,0,0,,76.7,55,75.6,0,
2025-07-20,17:45:00,cool,compressorCoolOff,,Home,76,70,76.2,55,85.5,0,0,0,0,0,,76.8,55,75.6,0,
2025-07-20,17:50:00,cool,compressorCoolOff,,Home,76,70,76.3,55,85.5,0,135,0,0,135,,77,55,75.7,0,
2025-07-20,17:55:00,cool,compressorCoolStage1On,,Home,76,70,76.4,54,85.5,0,300,0,0,300,,76.9,54,76,0,
2025-07-20,18:00:00,cool,compressorCoolStage1On,,Home,76,70,76.3,54,85.9,0,300,0,0,300,,76.7,54,75.9,0,
2025-07-20,18:05:00,cool,compressorCoolOff,,Home,76,70,75.9,54,85.9,0,0,0,0,45,,76.4,54,75.6,0,
2025-07-20,18:10:00,cool,compressorCoolOff,,Home,76,70,75.9,54,85.9,0,0,0,0,0,,76.4,54,75.6,0,
2025-07-20,18:15:00,cool,compressorCoolOff,,Home,76,70,75.8,55,85.9,0,0,0,0,0,,76.5,55,75.2,0,
2025-07-20,18:20:00,cool,compressorCoolOff,,Home,76,70,75.9,55,85.9,0,0,0,0,0,,76.7,55,75.2,0,
2025-07-20,18:25:00,cool,compressorCoolOff,,Home,76,70,76,55,85.9,0,0,0,0,0,,76.9,55,75.2,0,
2025-07-20,18:30:00,cool,compressorCoolOff,,Home,76,70,76.1,55,85.9,0,0,0,0,0,,77,55,75.2,0,
2025-07-20,18:35:00,cool,compressorCoolOff,,Home,76,70,76.1,56,85.9,0,0,0,0,0,,77.1,56,75.2,0,
2025-07-20,18:40:00,cool,compressorCoolOff,,Home,76,70,76.3,56,85.9,0,150,0,0,150,,77.1,56,75.6,0,
2025-07-20,18:45:00,cool,compressorCoolStage1On,,Home,76,70,76.4,55,85.9,0,300,0,0,300,,77,55,76,0,
2025-07-20,18:50:00,cool,compressorCoolStage1On,,Home,76,70,76.3,54,85.9,0,300,0,0,300,,76.7,54,76,0,
2025-07-20,18:55:00,cool,compressorCoolStage1On,,Home,76,70,76,52,85.9,0,240,0,0,285,,76.4,52,75.8,0,
2025-07-20,19:00:00,cool,compressorCoolOff,,Home,76,70,75.6,53,85.9,0,0,0,0,0,,76.3,53,75,0,
2025-07-20,19:05:00,cool,compressorCoolOff,,Home,76,70,75.6,54,85.9,0,0,0,0,0,,76.4,54,74.9,0,
2025-07-20,19:10:00,cool,compressorCoolOff,,Home,76,70,75.7,54,85.9,0,0,0,0,0,,76.6,54,74.9,0,
2025-07-20,19:15:00,cool,compressorCoolOff,,Home,76,70,75.8,54,85.9,0,0,0,0,0,,76.7,54,74.9,0,
2025-07-20,19:20:00,cool,compressorCoolOff,,Home,76,70,76,54,85.9,0,0,0,0,0,,76.9,54,75.2,0,
2025-07-20,19:25:00,cool,compressorCoolOff,,Home,76,70,76.2,55,85.9,0,0,0,0,0,,77,55,75.4,0,
2025-07-20,19:30:00,cool,compressorCoolOff,,Home,76,70,76.2,55,85.9,0,0,0,0,0,,77,55,75.4,0,
2025-07-20,19:35:00,cool,compressorCoolOff,,Home,76,70,76.2,55,85.9,0,0,0,0,0,,76.9,55,75.6,0,
2025-07-20,19:40:00,cool,compressorCoolOff,,Home,76,70,76.2,55,85.9,0,0,0,0,0,,76.8,55,75.7,0,
2025-07-20,19:45:00,cool,compressorCoolOff,,Home,76,70,76.4,55,85.9,0,0,0,0,0,,76.8,55,76,0,
2025-07-20,19:50:00,cool,compressorCoolOff,,Home,76,70,76.4,55,85.9,0,75,0,0,75,,76.9,55,76,0,
2025-07-20,19:55:00,cool,compressorCoolStage1On,,Home,76,70,76.5,55,85.9,0,300,0,0,300,,77,55,76,0,
2025-07-20,20:00:00,cool,compressorCoolStage1On,,Home,76,70,76.4,53,82.1,0,300,0,0,300,,76.8,53,76,0,
2025-07-20,20:05:00,cool,compressorCoolStage1On,,Home,76,70,76.2,53,82.1,0,300,0,0,300,,76.6,53,76,0,
2025-07-20,20:10:00,cool,compressorCoolStage1On,,Home,76,70,75.9,52,82.1,0,90,0,0,135,,76.3,52,75.5,0,
2025-07-20,20:15:00,cool,compressorCoolOff,,Home,76,70,75.8,52,82.1,0,0,0,0,0,,76.2,52,75.4,0,
2025-07-20,20:20:00,cool,compressorCoolOff,,Home,76,70,75.9,52,82.1,0,0,0,0,0,,76.5,52,75.4,0,
2025-07-20,20:25:00,cool,compressorCoolOff,,Home,76,70,76,53,82.1,0,0,0,0,0,,76.6,53,75.4,0,
2025-07-20,20:30:00,cool,compressorCoolOff,,Home,76,70,76,54,82.1,0,0,0,0,0,,76.8,54,75.4,0,
2025-07-20,20:35:00,cool,compressorCoolOff,,Home,76,70,76.1,54,82.1,0,0,0,0,0,,76.9,54,75.4,0,
2025-07-20,20:40:00,cool,compressorCoolOff,,Home,76,70,76.1,54,82.1,0,30,0,0,30,,76.8,54,75.4,0,
2025-07-20,20:45:00,cool,compressorCoolStage1On,,Home,76,70,76.4,54,82.1,0,300,0,0,300,,76.7,54,76.2,0,
2025-07-20,20:50:00,cool,compressorCoolStage1On,,Home,76,70,76.3,53,82.1,0,300,0,0,300,,76.5,53,76.2,0,
2025-07-20,20:55:00,cool,compressorCoolStage1On,,Home,76,70,76.2,52,82.1,0,300,0,0,300,,76.2,52,76.2,0,
2025-07-20,21:00:00,cool,compressorCoolStage1On,,Home,76,70,75.6,51,80.9,0,75,0,0,120,,75.9,51,75.3,0,
2025-07-20,21:05:00,cool,compressorCoolOff,,Home,76,70,75.5,52,80.9,0,0,0,0,0,,75.9,52,75.1,0,
2025-07-20,21:10:00,cool,compressorCoolOff,,Home,76,70,75.5,52,80.9,0,0,0,0,0,,76.2,52,74.9,0,
2025-07-20,21:15:00,cool,compressorCoolOff,,Home,76,70,75.6,52,80.9,0,0,0,0,0,,76.4,52,75,0,
2025-07-20,21:20:00,cool,compressorCoolOff,,Home,76,70,75.8,53,80.9,0,0,0,0,0,,76.5,53,75.2,0,
2025-07-20,21:25:00,cool,compressorCoolOff,,Home,76,70,76,54,80.9,0,0,0,0,0,,76.6,54,75.4,0,
2025-07-20,21:30:00,cool,compressorCoolOff,,Home,76,70,76,54,80.9,0,0,0,0,0,,76.6,54,75.4,0,
2025-07-20,21:35:00,cool,compressorCoolOff,,Home,76,70,76.1,54,80.9,0,0,0,0,0,,76.7,54,75.6,0,
2025-07-20,21:40:00,cool,compressorCoolOff,,Home,76,70,76.2,54,80.9,0,0,0,0,0,,76.8,54,75.7,0,
2025-07-20,21:45:00,cool,compressorCoolOff,,Home,76,70,76.3,55,80.9,0,0,0,0,0,,76.8,55,75.9,0,
2025-07-20,21:50:00,cool,compressorCoolOff,,Home,76,70,76.4,55,80.9,0,0,0,0,0,,76.8,55,76,0,
2025-07-20,21:55:00,cool,compressorCoolOff,,Home,76,70,76.4,55,80.9,0,0,0,0,0,,76.9,55,76,0,
2025-07-20,22:00:00,cool,compressorCoolOff,,Home,76,70,76.5,55,78.9,0,165,0,0,165,,76.9,55,76.2,0,
2025-07-20,22:05:00,cool,compressorCoolStage1On,,Home,76,70,76.6,54,78.9,0,300,0,0,300,,76.9,54,76.4,0,
2025-07-20,22:10:00,cool,compressorCoolStage1On,,Home,76,70,76.3,52,78.9,0,225,0,0,270,,76.6,52,76.1,0,
2025-07-20,22:15:00,cool,compressorCoolOff,,Home,76,70,75.9,53,78.9,0,0,0,0,0,,76.2,53,75.6,0,
2025-07-20,22:20:00,cool,compressorCoolOff,,Home,76,70,75.9,54,78.9,0,0,0,0,0,,76.2,54,75.6,0,
2025-07-20,22:25:00,cool,compressorCoolOff,,Home,76,70,75.9,54,78.9,0,0,0,0,0,,76.2,54,75.6,0,
2025-07-20,22:30:00,cool,compressorCoolOff,,Home,76,70,75.9,55,78.9,0,0,0,0,0,,76.3,55,75.6,0,
2025-07-20,22:35:00,cool,compressorCoolOff,,Home,76,70,76,55,78.9,0,0,0,0,0,,76.5,55,75.6,0,
2025-07-20,22:40:00,cool,compressorCoolOff,,Home,76,70,76.2,55,78.9,0,0,0,0,0,,76.6,55,75.9,0,
2025-07-20,22:45:00,cool,compressorCoolOff,,Home,76,70,76.3,55,78.9,0,0,0,0,0,,76.7,55,76,0,
2025-07-20,22:50:00,cool,compressorCoolOff,,Home,76,70,76.4,55,78.9,0,150,0,0,150,,76.7,55,76.2,0,
2025-07-20,22:55:00,cool,compressorCoolStage1On,,Home,76,70,76.5,54,78.9,0,300,0,0,300,,76.7,54,76.4,0,
2025-07-20,23:00:00,cool,compressorCoolStage1On,,Home,76,70,76.4,53,77.7,0,300,0,0,300,,76.5,53,76.4,0,
2025-07-20,23:05:00,cool,compressorCoolStage1On,,Home,76,70,76.2,52,77.7,0,300,0,0,300,,76.2,52,76.4,0,
2025-07-20,23:10:00,cool,compressorCoolStage1On,,Home,76,70,76.1,51,77.7,0,300,0,0,300,,75.8,51,76.4,0,
2025-07-20,23:15:00,cool,compressorCoolOff,,Home,76,70,75.1,51,77.7,0,0,0,0,45,,75.6,51,74.7,0,
2025-07-20,23:20:00,cool,compressorCoolOff,,Home,76,70,75.2,52,77.7,0,0,0,0,0,,75.8,52,74.7,0,
2025-07-20,23:25:00,cool,compressorCoolOff,,Home,76,70,75.3,54,77.7,0,0,0,0,0,,76,54,74.7,0,
2025-07-20,23:30:00,cool,compressorCoolOff,,Home,76,70,75.5,54,77.8,0,0,0,0,0,,76.2,54,74.9,0,
2025-07-20,23:35:00,cool,compressorCoolOff,,Home,76,70,75.7,53,77.8,0,0,0,0,0,,76.3,53,75.1,0,
2025-07-20,23:40:00,cool,compressorCoolOff,,Home,76,70,75.7,54,77.8,0,0,0,0,0,,76.4,54,75.1,0,
2025-07-20,23:45:00,cool,compressorCoolOff,,Home,76,70,75.8,54,77.8,0,0,0,0,0,,76.5,54,75.1,0,
2025-07-20,23:50:00,cool,compressorCoolOff,,Home,76,70,75.8,54,77.8,0,0,0,0,0,,76.5,54,75.1,0,
2025-07-20,23:55:00,cool,compressorCoolOff,,Home,76.9,66.4,75.8,54,77.8,0,0,0,0,0,,76.5,54,75.1,0,
2025-07-21,00:00:00,cool,compressorCoolOff,,Sleep,78,62,75.8,55,77.4,0,0,0,0,0,,76.6,55,75.1,0,
2025-07-21,00:05:00,cool,compressorCoolOff,,Sleep,78,62,75.8,55,77.4,0,0,0,0,0,,76.6,55,75.1,0,
2025-07-21,00:10:00,cool,compressorCoolOff,,Sleep,78,62,76.3,55,77.4,0,0,0,0,0,,76.6,55,75.1,0,
2025-07-21,00:15:00,cool,compressorCoolOff,,Sleep,78,62,76.6,55,77.4,0,0,0,0,0,,76.6,55,,0,
2025-07-21,00:20:00,cool,compressorCoolOff,,Sleep,78,62,76.6,56,77.4,0,0,0,0,0,,76.6,56,,0,
2025-07-21,00:25:00,cool,compressorCoolOff,,Sleep,78,62,76.7,57,77.4,0,0,0,0,0,,76.7,57,,0,
2025-07-21,00:30:00,cool,compressorCoolOff,,Sleep,78,62,76.7,57,77.4,0,0,0,0,0,,76.7,57,,0,
2025-07-21,00:35:00,cool,compressorCoolOff,,Sleep,78,62,76.7,57,77.4,0,0,0,0,0,,76.7,57,,0,
2025-07-21,00:40:00,cool,compressorCoolOff,,Sleep,78,62,76.8,57,77.4,0,0,0,0,0,,76.8,57,,0,
2025-07-21,00:45:00,cool,compressorCoolOff,,Sleep,78,62,76.7,57,77.4,0,0,0,0,0,,76.8,57,76,0,
2025-07-21,00:50:00,cool,compressorCoolOff,,Sleep,78,62,76.6,57,77.4,0,0,0,0,0,,76.8,57,76,0,
2025-07-21,00:55:00,cool,compressorCoolOff,,Sleep,78,62,76.6,57,77.4,0,0,0,0,0,,76.9,57,76,0,
2025-07-21,01:00:00,cool,compressorCoolOff,,Sleep,78,62,76.5,57,76.2,0,0,0,0,0,,76.9,57,76,0,
2025-07-21,01:05:00,cool,compressorCoolOff,,Sleep,78,62,76.5,57,76.2,0,0,0,0,0,,76.9,57,76,0,
2025-07-21,01:10:00,cool,compressorCoolOff,,Sleep,78,62,76.4,57,76.2,0,0,0,0,0,,76.9,57,76,0,
2025-07-21,01:15:00,cool,compressorCoolOff,,Sleep,78,62,76.4,58,76.2,0,0,0,0,0,,76.9,58,76,0,
2025-07-21,01:20:00,cool,compressorCoolOff,,Sleep,78,62,76.4,57,76.2,0,0,0,0,0,,76.9,57,76.1,0,
2025-07-21,01:25:00,cool,compressorCoolOff,,Sleep,78,62,76.5,57,76.2,0,0,0,0,0,,76.8,57,76.2,0,
2025-07-21,01:30:00,cool,compressorCoolOff,,Sleep,78,62,76.5,57,76.2,0,0,0,0,0,,76.8,57,76.2,0,
2025-07-21,01:35:00,cool,compressorCoolOff,,Sleep,78,62,76.5,57,76.2,0,0,0,0,0,,76.8,57,76.2,0,
2025-07-21,01:40:00,cool,compressorCoolOff,,Sleep,78,62,76.5,57,76.2,0,0,0,0,0,,76.9,57,76.2,0,
2025-07-21,01:45:00,cool,compressorCoolOff,,Sleep,78,62,76.5,57,76.2,0,0,0,0,0,,76.9,57,76.2,0,
2025-07-21,01:50:00,cool,compressorCoolOff,,Sleep,78,62,76.5,57,76.2,0,0,0,0,0,,76.9,57,76.2,0,
2025-07-21,01:55:00,cool,compressorCoolOff,,Sleep,78,62,76.5,58,76.2,0,0,0,0,0,,76.9,58,76.2,0,
2025-07-21,02:00:00,cool,compressorCoolOff,,Sleep,78,62,76.6,58,75.3,0,0,0,0,0,,77,58,76.2,0,
2025-07-21,02:05:00,cool,compressorCoolOff,,Sleep,78,62,76.6,58,75.3,0,0,0,0,0,,77,58,76.2,0,
2025-07-21,02:10:00,cool,compressorCoolOff,,Sleep,78,62,76.6,58,75.3,0,0,0,0,0,,77,58,76.2,0,
2025-07-21,02:15:00,cool,compressorCoolOff,,Sleep,78,62,76.5,58,75.3,0,0,0,0,0,,76.9,58,76.2,0,
2025-07-21,02:20:00,cool,compressorCoolOff,,Sleep,78,62,76.5,57,75.3,0,0,0,0,0,,76.8,57,76.2,0,
2025-07-21,02:25:00,cool,compressorCoolOff,,Sleep,78,62,76.6,57,75.3,0,0,0,0,0,,76.8,57,76.4,0,
2025-07-21,02:30:00,cool,compressorCoolOff,,Sleep,78,62,76.6,57,75.5,0,0,0,0,0,,76.9,57,76.4,0,
2025-07-21,02:35:00,cool,compressorCoolOff,,Sleep,78,62,76.6,57,75.5,0,0,0,0,0,,76.9,57,76.4,0,
2025-07-21,02:40:00,cool,compressorCoolOff,,Sleep,78,62,76.6,57,75.5,0,0,0,0,0,,76.9,57,76.4,0,
2025-07-21,02:45:00,cool,compressorCoolOff,,Sleep,78,62,76.7,57,75.5,0,0,0,0,0,,77,57,76.4,0,
2025-07-21,02:50:00,cool,compressorCoolOff,,Sleep,78,62,76.7,57,75.5,0,0,0,0,0,,77,57,76.4,0,
2025-07-21,02:55:00,cool,compressorCoolOff,,Sleep,78,62,76.7,57,75.5,0,0,0,0,0,,77,57,76.4,0,
2025-07-21,03:00:00,cool,compressorCoolOff,,Sleep,78,62,76.7,58,75.2,0,0,0,0,0,,77,58,76.4,0,
2025-07-21,03:05:00,cool,compressorCoolOff,,Sleep,78,62,76.7,58,75.2,0,0,0,0,0,,77,58,76.4,0,
2025-07-21,03:10:00,cool,compressorCoolOff,,Sleep,78,62,76.7,58,75.2,0,0,0,0,0,,77,58,76.4,0,
2025-07-21,03:15:00,cool,compressorCoolOff,,Sleep,78,62,76.7,58,75.2,0,0,0,0,0,,77.1,58,76.4,0,
2025-07-21,03:20:00,cool,compressorCoolOff,,Sleep,78,62,76.7,58,75.2,0,0,0,0,0,,77.1,58,76.4,0,
2025-07-21,03:25:00,cool,compressorCoolOff,,Sleep,78,62,76.7,58,75.2,0,0,0,0,0,,77.1,58,76.4,0,
2025-07-21,03:30:00,cool,compressorCoolOff,,Sleep,78,62,76.7,57,74.9,0,0,0,0,0,,77,57,76.4,0,
2025-07-21,03:35:00,cool,compressorCoolOff,,Sleep,78,62,76.6,57,74.9,0,0,0,0,0,,76.9,57,76.4,0,
2025-07-21,03:40:00,cool,compressorCoolOff,,Sleep,78,62,76.6,57,74.9,0,0,0,0,0,,76.9,57,76.4,0,
2025-07-21,03:45:00,cool,compressorCoolOff,,Sleep,78,62,76.6,57,74.9,0,0,0,0,0,,76.9,57,76.4,0,
2025-07-21,03:50:00,cool,compressorCoolOff,,Sleep,78,62,76.7,57,74.9,0,0,0,0,0,,77,57,76.4,0,
2025-07-21,03:55:00,cool,compressorCoolOff,,Sleep,78,62,76.7,57,74.9,0,0,0,0,0,,77,57,76.4,0,
2025-07-21,04:00:00,cool,compressorCoolOff,,Sleep,78,62,76.7,57,74.6,0,0,0,0,0,,77,57,76.4,0,
2025-07-21,04:05:00,cool,compressorCoolOff,,Sleep,78,62,76.7,57,74.6,0,0,0,0,0,,77,57,76.4,0,
2025-07-21,04:10:00,cool,compressorCoolOff,,Sleep,78,62,76.7,58,74.6,0,0,0,0,0,,77.1,58,76.4,0,
2025-07-21,04:15:00,cool,compressorCoolOff,,Sleep,78,62,76.7,58,74.6,0,0,0,0,0,,77.1,58,76.4,0,
2025-07-21,04:20:00,cool,compressorCoolOff,,Sleep,78,62,76.7,58,74.6,0,0,0,0,0,,77.1,58,76.4,0,
2025-07-21,04:25:00,cool,compressorCoolOff,,Sleep,78,62,76.7,58,74.6,0,0,0,0,0,,77.1,58,76.4,0,
2025-07-21,04:30:00,cool,compressorCoolOff,,Sleep,78,62,76.7,58,74.5,0,0,0,0,0,,77.1,58,76.4,0,
2025-07-21,04:35:00,cool,compressorCoolOff,,Sleep,78,62,76.7,58,74.5,0,0,0,0,0,,77.1,58,76.4,0,
2025-07-21,04:40:00,cool,compressorCoolOff,,Sleep,78,62,76.7,58,74.5,0,0,0,0,0,,77.1,58,76.4,0,
2025-07-21,04:45:00,cool,compressorCoolOff,,Sleep,78,62,76.8,58,74.5,0,0,0,0,0,,77.2,58,76.4,0,
2025-07-21,04:50:00,cool,compressorCoolOff,,Sleep,78,62,76.8,58,74.5,0,0,0,0,0,,77.2,58,76.4,0,
2025-07-21,04:55:00,cool,compressorCoolOff,,Sleep,78,62,76.8,58,74.5,0,0,0,0,0,,77.2,58,76.4,0,
2025-07-21,05:00:00,cool,compressorCoolOff,,Sleep,78,62,76.8,58,74.1,0,0,0,0,0,,77.2,58,76.4,0,
2025-07-21,05:05:00,cool,compressorCoolOff,,Sleep,78,62,76.8,58,74.1,0,0,0,0,0,,77.2,58,76.4,0,
2025-07-21,05:10:00,cool,compressorCoolOff,,Sleep,78,62,76.7,58,74.1,0,0,0,0,0,,77.1,58,76.4,0,
2025-07-21,05:15:00,cool,compressorCoolOff,,Sleep,78,62,76.7,57,74.1,0,0,0,0,0,,77,57,76.4,0,
2025-07-21,05:20:00,cool,compressorCoolOff,,Sleep,78,62,76.7,57,74.1,0,0,0,0,0,,77,57,76.4,0,
2025-07-21,05:25:00,cool,compressorCoolOff,,Sleep,78,62,76.7,57,74.1,0,0,0,0,0,,77,57,76.4,0,
2025-07-21,05:30:00,cool,compressorCoolOff,,Sleep,78,62,76.7,58,74.1,0,0,0,0,0,,77,58,76.4,0,
2025-07-21,05:35:00,cool,compressorCoolOff,,Sleep,78,62,76.7,58,74.1,0,0,0,0,0,,77.1,58,76.4,0,
2025-07-21,05:40:00,cool,compressorCoolOff,,Sleep,78,62,76.7,58,74.1,0,0,0,0,0,,77.1,58,76.4,0,
2025-07-21,05:45:00,cool,compressorCoolOff,,Sleep,78,62,76.7,58,74.1,0,0,0,0,0,,77.1,58,76.4,0,
2025-07-21,05:50:00,cool,compressorCoolOff,,Sleep,78,62,76.7,58,74.1,0,0,0,0,0,,77.1,58,76.4,0,
2025-07-21,05:55:00,cool,compressorCoolOff,,Sleep,78,62,76.7,58,74.1,0,0,0,0,0,,77.1,58,76.4,0,
2025-07-21,06:00:00,cool,compressorCoolOff,,Sleep,78,62,76.7,58,73.4,0,0,0,0,0,,77.1,58,76.4,0,
2025-07-21,06:05:00,cool,compressorCoolOff,,Sleep,78,62,76.8,58,73.4,0,0,0,0,0,,77.2,58,76.4,0,
2025-07-21,06:10:00,cool,compressorCoolOff,,Sleep,78,62,76.8,58,73.4,0,0,0,0,0,,77.2,58,76.4,0,
2025-07-21,06:15:00,cool,compressorCoolOff,,Sleep,78,62,76.8,58,73.4,0,0,0,0,0,,77.2,58,76.4,0,
2025-07-21,06:20:00,cool,compressorCoolOff,,Sleep,78,62,76.8,58,73.4,0,0,0,0,0,,77.2,58,76.4,0,
2025-07-21,06:25:00,cool,compressorCoolOff,,Sleep,78,62,76.8,58,73.4,0,0,0,0,0,,77.2,58,76.4,0,
2025-07-21,06:30:00,cool,compressorCoolOff,,Sleep,78,62,76.8,58,73.4,0,0,0,0,0,,77.2,58,76.4,0,
2025-07-21,06:35:00,cool,compressorCoolOff,,Sleep,78,62,76.8,58,73.4,0,0,0,0,0,,77.2,58,76.4,0,
2025-07-21,06:40:00,cool,compressorCoolOff,,Sleep,78,62,76.8,58,73.4,0,0,0,0,0,,77.2,58,76.4,0,
2025-07-21,06:45:00,cool,compressorCoolOff,,Sleep,78,62,76.8,58,73.4,0,0,0,0,0,,77.2,58,76.4,0,
2025-07-21,06:50:00,cool,compressorCoolOff,,Sleep,78,62,76.7,58,73.4,0,0,0,0,0,,77.1,58,76.4,0,
2025-07-21,06:55:00,cool,compressorCoolOff,,Sleep,78,62,76.7,57,73.4,0,0,0,0,0,,77,57,76.4,0,
2025-07-21,07:00:00,cool,compressorCoolOff,,Sleep,78,62,76.7,57,73.9,0,0,0,0,0,,77,57,76.4,0,
2025-07-21,07:05:00,cool,compressorCoolOff,,Sleep,78,62,76.7,57,73.9,0,0,0,0,0,,77,57,76.4,0,
2025-07-21,07:10:00,cool,compressorCoolOff,,Sleep,78,62,76.7,58,73.9,0,0,0,0,0,,77.1,58,76.4,0,
2025-07-21,07:15:00,cool,compressorCoolOff,,Sleep,78,62,76.7,58,73.9,0,0,0,0,0,,77.1,58,76.4,0,
2025-07-21,07:20:00,cool,compressorCoolOff,,Sleep,78,62,76.7,58,73.9,0,0,0,0,0,,77.1,58,76.4,0,
2025-07-21,07:25:00,cool,compressorCoolOff,,Sleep,78,62,76.7,58,73.9,0,0,0,0,0,,77.1,58,76.4,0,
2025-07-21,07:30:00,cool,compressorCoolOff,,Sleep,78,62,76.7,58,73.9,0,0,0,0,0,,77.1,58,76.4,0,
2025-07-21,07:35:00,cool,compressorCoolOff,,Sleep,78,62,76.8,58,73.9,0,0,0,0,0,,77.2,58,76.4,0,
2025-07-21,07:40:00,cool,compressorCoolOff,,Sleep,78,62,76.8,58,73.9,0,255,0,0,255,,77.2,58,76.4,0,
2025-07-21,07:45:00,cool,compressorCoolStage1On,(SmartRecovery),Sleep,78,62,76.7,56,73.9,0,300,0,0,300,,77.1,56,76.4,0,
2025-07-21,07:50:00,cool,compressorCoolStage1On,(SmartRecovery),Sleep,78,62,76.6,54,73.9,0,300,0,0,300,,76.8,54,76.4,0,
2025-07-21,07:55:00,cool,compressorCoolStage1On,(SmartRecovery),Sleep,77.1,65.6,76.4,53,73.9,0,300,0,0,300,,76.4,53,76.4,0,
2025-07-21,08:00:00,cool,compressorCoolStage1On,,Home,76,70,76.2,53,75.6,0,300,0,0,300,,76.1,53,76.4,0,
2025-07-21,08:05:00,cool,compressorCoolStage1On,,Home,76,70,76,51,75.6,0,240,0,0,285,,75.8,51,76.4,0,
2025-07-21,08:10:00,cool,compressorCoolOff,,Home,76,70,75.1,51,75.6,0,0,0,0,0,,75.6,51,74.7,0,
2025-07-21,08:15:00,cool,compressorCoolOff,,Home,76,70,74.6,53,75.6,0,0,0,0,0,,75.7,53,73.6,0,
2025-07-21,08:20:00,cool,compressorCoolOff,,Home,76,70,74.7,53,75.6,0,0,0,0,0,,76,53,73.6,0,
2025-07-21,08:25:00,cool,compressorCoolOff,,Home,76,70,74.8,52,75.6,0,0,0,0,0,,76.2,52,73.6,0,
2025-07-21,08:30:00,cool,compressorCoolOff,,Home,76,70,74.9,52,75.6,0,0,0,0,0,,76.3,52,73.6,0,
2025-07-21,08:35:00,cool,compressorCoolOff,,Home,76,70,75,53,75.6,0,0,0,0,0,,76.4,53,73.6,0,
2025-07-21,08:40:00,cool,compressorCoolOff,,Home,76,70,75,54,75.6,0,0,0,0,0,,76.5,54,73.6,0,
2025-07-21,08:45:00,cool,compressorCoolOff,,Home,76,70,75,54,75.6,0,0,0,0,0,,76.5,54,73.6,0,
2025-07-21,08:50:00,cool,compressorCoolOff,,Home,76,70,76,55,75.6,0,180,0,0,180,,76.6,55,73.6,0,
2025-07-21,08:55:00,cool,compressorCoolStage1On,,Home,76,70,76.5,53,75.6,0,300,0,0,300,,76.5,53,,0,
2025-07-21,09:00:00,cool,compressorCoolStage1On,,Home,76,70,76.3,52,77,0,300,0,0,300,,76.3,52,,0,
2025-07-21,09:05:00,cool,compressorCoolStage1On,,Home,76,70,75.9,51,77,0,75,0,0,120,,75.9,51,,0,
2025-07-21,09:10:00,cool,compressorCoolOff,,Home,76,70,75.8,52,77,0,0,0,0,0,,75.8,52,74,0,
2025-07-21,09:15:00,cool,compressorCoolOff,,Home,76,70,75.7,53,77,0,0,0,0,0,,76.1,53,74,0,
2025-07-21,09:20:00,cool,compressorCoolOff,,Home,76,70,75.6,52,77,0,0,0,0,0,,76.2,52,74.1,0,
2025-07-21,09:25:00,cool,compressorCoolOff,,Home,76,70,75.7,52,77,0,0,0,0,0,,76.3,52,74.5,0,
2025-07-21,09:30:00,cool,compressorCoolOff,,Home,76,70,75.6,53,78.3,0,0,0,0,0,,76.4,53,74.5,0,
2025-07-21,09:35:00,cool,compressorCoolOff,,Home,76,70,75.5,54,78.3,0,0,0,0,0,,76.5,54,74.5,0,
2025-07-21,09:40:00,cool,compressorCoolOff,,Home,76,70,75.4,54,78.3,0,0,0,0,0,,76.5,54,74.5,0,
2025-07-21,09:45:00,cool,compressorCoolOff,,Home,76,70,75.5,55,78.3,0,0,0,0,0,,76.5,55,74.5,0,
2025-07-21,09:50:00,cool,compressorCoolOff,,Home,76,70,75.6,55,78.3,0,0,0,0,0,,76.6,55,74.7,0,
2025-07-21,09:55:00,cool,compressorCoolOff,,Home,76,70,75.7,55,78.3,0,0,0,0,0,,76.6,55,74.9,0,
2025-07-21,10:00:00,cool,compressorCoolOff,,Home,76,70,75.8,55,78.9,0,0,0,0,0,,76.7,55,74.9,0,
2025-07-21,10:05:00,cool,compressorCoolOff,,Home,76,70,75.8,55,78.9,0,0,0,0,0,,76.7,55,74.9,0,
2025-07-21,10:10:00,cool,compressorCoolOff,,Home,76,70,75.8,55,78.9,0,0,0,0,0,,76.7,55,74.9,0,
2025-07-21,10:15:00,cool,compressorCoolOff,,Home,76,70,75.9,56,78.9,0,0,0,0,0,,76.7,56,75.2,0,
2025-07-21,10:20:00,cool,compressorCoolOff,,Home,76,70,76,56,78.9,0,0,0,0,0,,76.8,56,75.2,0,
2025-07-21,10:25:00,cool,compressorCoolOff,,Home,76,70,76,56,78.9,0,0,0,0,0,,76.8,56,75.2,0,
2025-07-21,10:30:00,cool,compressorCoolOff,,Home,76,70,76,56,78.9,0,0,0,0,0,,76.8,56,75.2,0,
2025-07-21,10:35:00,cool,compressorCoolOff,,Home,76,70,75.9,56,78.9,0,0,0,0,0,,76.7,56,75.2,0,
2025-07-21,10:40:00,cool,compressorCoolOff,,Home,76,70,75.9,56,78.9,0,0,0,0,0,,76.7,56,75.2,0,
2025-07-21,10:45:00,cool,compressorCoolOff,,Home,76,70,75.9,56,78.9,0,0,0,0,0,,76.7,56,75.2,0,
2025-07-21,10:50:00,cool,compressorCoolOff,,Home,76,70,76,56,78.9,0,0,0,0,0,,76.7,56,75.3,0,
2025-07-21,10:55:00,cool,compressorCoolOff,,Home,76,70,76.1,56,78.9,0,0,0,0,0,,76.8,56,75.4,0,
2025-07-21,11:00:00,cool,compressorCoolOff,,Home,76,70,76.1,56,80.3,0,0,0,0,0,,76.9,56,75.4,0,
2025-07-21,11:05:00,cool,compressorCoolOff,,Home,76,70,76.2,56,80.3,0,0,0,0,0,,76.9,56,75.6,0,
2025-07-21,11:10:00,cool,compressorCoolOff,,Home,76,70,76.2,56,80.3,0,0,0,0,0,,76.9,56,75.6,0,
2025-07-21,11:15:00,cool,compressorCoolOff,,Home,76,70,76.3,56,80.3,0,0,0,0,0,,77,56,75.6,0,
2025-07-21,11:20:00,cool,compressorCoolOff,,Home,76,70,76.3,56,80.3,0,0,0,0,0,,77,56,75.6,0,
2025-07-21,11:25:00,cool,compressorCoolOff,,Home,76,70,76.3,56,80.3,0,0,0,0,0,,77,56,75.6,0,
2025-07-21,11:30:00,cool,compressorCoolOff,,Home,76,70,76.3,56,80.3,0,0,0,0,0,,77,56,75.6,0,
2025-07-21,11:35:00,cool,compressorCoolOff,,Home,76,70,76.3,56,80.3,0,0,0,0,0,,77.1,56,75.6,0,
2025-07-21,11:40:00,cool,compressorCoolOff,,Home,76,70,76.3,56,80.3,0,0,0,0,0,,77.1,56,75.7,0,
2025-07-21,11:45:00,cool,compressorCoolOff,,Home,76,70,76.4,56,80.3,0,0,0,0,0,,77.1,56,75.8,0,
2025-07-21,11:50:00,cool,compressorCoolOff,,Home,76,70,76.4,56,80.3,0,135,0,0,135,,77.1,56,75.8,0,
2025-07-21,11:55:00,cool,compressorCoolStage1On,,Home,76,70,76.4,55,80.3,0,300,0,0,300,,77,55,76,0,
2025-07-21,12:00:00,cool,compressorCoolStage1On,,Home,76,70,76.2,54,82.5,0,225,0,0,270,,76.8,54,75.8,0,
2025-07-21,12:05:00,cool,compressorCoolOff,,Home,76,70,75.9,53,82.5,0,0,0,0,0,,76.6,53,75.2,0,
2025-07-21,12:10:00,cool,compressorCoolOff,,Home,76,70,75.9,54,82.5,0,0,0,0,0,,76.6,54,75.2,0,
2025-07-21,12:15:00,cool,compressorCoolOff,,Home,76,70,75.8,55,82.5,0,0,0,0,0,,76.8,55,74.9,0,
2025-07-21,12:20:00,cool,compressorCoolOff,,Home,76,70,75.9,55,82.5,0,0,0,0,0,,76.9,55,74.9,0,
2025-07-21,12:25:00,cool,compressorCoolOff,,Home,76,70,75.9,55,82.5,0,0,0,0,0,,76.9,55,74.9,0,
2025-07-21,12:30:00,cool,compressorCoolOff,,Home,76,70,76,55,82.5,0,0,0,0,0,,77,55,75.1,0,
2025-07-21,12:35:00,cool,compressorCoolOff,,Home,76,70,76.1,56,82.5,0,0,0,0,0,,77.1,56,75.2,0,
2025-07-21,12:40:00,cool,compressorCoolOff,,Home,76,70,76.2,56,82.5,0,0,0,0,0,,77.1,56,75.4,0,
2025-07-21,12:45:00,cool,compressorCoolOff,,Home,76,70,76.4,56,82.5,0,0,0,0,0,,77.2,56,75.6,0,
2025-07-21,12:50:00,cool,compressorCoolOff,,Home,76,70,76.4,55,82.5,0,75,0,0,75,,77.1,55,75.7,0,
2025-07-21,12:55:00,cool,compressorCoolStage1On,,Home,76,70,76.5,55,82.5,0,300,0,0,300,,77,55,76,0,
2025-07-21,13:00:00,cool,compressorCoolStage1On,,Home,76,70,76.3,53,83.9,0,300,0,0,300,,76.8,53,76,0,
2025-07-21,13:05:00,cool,compressorCoolStage1On,,Home,76,70,76.2,52,83.9,0,300,0,0,300,,76.5,52,76,0,
2025-07-21,13:10:00,cool,compressorCoolStage1On,,Home,76,70,76.1,51,83.9,0,300,0,0,300,,76.3,51,76,0,
2025-07-21,13:15:00,cool,compressorCoolStage1On,,Home,76,70,76.1,51,83.9,0,300,0,0,300,,76.2,51,76,0,
2025-07-21,13:20:00,cool,compressorCoolStage1On,,Home,76,70,76,51,83.9,0,45,0,0,90,,76.1,51,76,0,
2025-07-21,13:25:00,cool,compressorCoolOff,,Home,76,70,76,52,83.9,0,0,0,0,0,,76.1,52,76,0,
2025-07-21,13:30:00,cool,compressorCoolOff,,Home,76,70,76.2,52,83.9,0,75,0,0,75,,76.4,52,76,0,
2025-07-21,13:35:00,cool,compressorCoolStage1On,,Home,76,70,76.5,52,83.9,0,300,0,0,300,,76.5,52,,0,
2025-07-21,13:40:00,cool,compressorCoolStage1On,,Home,76,70,76.4,51,83.9,0,300,0,0,300,,76.4,51,,0,
2025-07-21,13:45:00,cool,compressorCoolStage1On,,Home,76,70,76.1,51,83.9,0,225,0,0,270,,76.1,51,,0,
2025-07-21,13:50:00,cool,compressorCoolOff,,Home,76,70,75.9,51,83.9,0,0,0,0,0,,75.9,51,,0,
2025-07-21,13:55:00,cool,compressorCoolOff,,Home,76,70,75.7,52,83.9,0,0,0,0,0,,76,52,73.8,0,
2025-07-21,14:00:00,cool,compressorCoolOff,,Home,76,70,75.5,53,85.4,0,0,0,0,0,,76.1,53,73.8,0,
2025-07-21,14:05:00,cool,compressorCoolOff,,Home,76,70,75.4,54,85.4,0,0,0,0,0,,76.2,54,73.8,0,
2025-07-21,14:10:00,cool,compressorCoolOff,,Home,76,70,75.3,54,85.4,0,0,0,0,0,,76.3,54,73.8,0,
2025-07-21,14:15:00,cool,compressorCoolOff,,Home,76,70,75.3,55,85.4,0,0,0,0,0,,76.5,55,73.8,0,
2025-07-21,14:20:00,cool,compressorCoolOff,,Home,76,70,75.2,55,85.4,0,0,0,0,0,,76.6,55,73.8,0,
2025-07-21,14:25:00,cool,compressorCoolOff,,Home,76,70,75.2,55,85.4,0,0,0,0,0,,76.7,55,73.8,0,
2025-07-21,14:30:00,cool,compressorCoolOff,,Home,76,70,75.3,55,85.8,0,0,0,0,0,,76.8,55,73.8,0,
2025-07-21,14:35:00,cool,compressorCoolStage1On,,Home,76,70,76.9,55,85.8,0,300,0,0,300,,76.9,55,,0,
2025-07-21,14:40:00,cool,compressorCoolStage1On,,Home,76,70,76.8,53,85.8,0,300,0,0,300,,76.8,53,,0,
2025-07-21,14:45:00,cool,compressorCoolStage1On,,Home,76,70,76.5,52,85.8,0,300,0,0,300,,76.5,52,,0,
2025-07-21,14:50:00,cool,compressorCoolStage1On,,Home,76,70,76.2,51,85.8,0,300,0,0,300,,76.2,51,,0,
2025-07-21,14:55:00,cool,compressorCoolStage1On,,Home,76,70,75.9,51,85.8,0,45,0,0,90,,75.9,51,,0,
2025-07-21,15:00:00,cool,compressorCoolOff,,Home,76,70,75.9,52,86.3,0,0,0,0,0,,75.9,52,,0,
2025-07-21,15:05:00,cool,compressorCoolOff,,Home,76,70,75.9,53,86.3,0,0,0,0,0,,76,53,74,0,
2025-07-21,15:10:00,cool,compressorCoolOff,,Home,76,70,75.8,54,86.3,0,0,0,0,0,,76.2,54,74,0,
2025-07-21,15:15:00,cool,compressorCoolOff,,Home,76,70,75.7,54,86.3,0,0,0,0,0,,76.4,54,74,0,
2025-07-21,15:20:00,cool,compressorCoolOff,,Home,76,70,75.6,55,86.3,0,0,0,0,0,,76.5,55,74,0,
2025-07-21,15:25:00,cool,compressorCoolOff,,Home,76,70,75.6,55,86.3,0,0,0,0,0,,76.6,55,74.1,0,
2025-07-21,15:30:00,cool,compressorCoolOff,,Home,76,70,75.8,55,86.3,0,0,0,0,0,,76.7,55,74.9,0,
2025-07-21,15:35:00,cool,compressorCoolOff,,Home,76,70,75.8,55,86.3,0,0,0,0,0,,76.8,55,74.9,0,
2025-07-21,15:40:00,cool,compressorCoolOff,,Home,76,70,76,55,86.3,0,0,0,0,0,,76.9,55,75.1,0,
2025-07-21,15:45:00,cool,compressorCoolOff,,Home,76,70,76.1,55,86.3,0,0,0,0,0,,77,55,75.2,0,
2025-07-21,15:50:00,cool,compressorCoolOff,,Home,76,70,76.1,55,86.3,0,0,0,0,0,,77,55,75.2,0,
2025-07-21,15:55:00,cool,compressorCoolOff,,Home,76,70,76.1,55,86.3,0,0,0,0,0,,77,55,75.2,0,
2025-07-21,16:00:00,cool,compressorCoolOff,,Home,76,70,76,55,86.6,0,0,0,0,0,,76.9,55,75.2,0,
2025-07-21,16:05:00,cool,compressorCoolOff,,Home,76,70,76.1,55,86.6,0,0,0,0,0,,76.9,55,75.4,0,
2025-07-21,16:10:00,cool,compressorCoolOff,,Home,76,70,76.4,55,86.6,0,0,0,0,0,,76.9,55,76,0,
2025-07-21,16:15:00,cool,compressorCoolOff,,Home,76,70,76.4,55,86.6,0,45,0,0,45,,76.9,55,76,0,
2025-07-21,16:20:00,cool,compressorCoolStage1On,,Home,76,70,76.5,54,86.6,0,300,0,0,300,,77,54,76,0,
2025-07-21,16:25:00,cool,compressorCoolStage1On,,Home,76,70,76.4,53,86.6,0,300,0,0,300,,76.9,53,76,0,
2025-07-21,16:30:00,cool,compressorCoolStage1On,,Home,76,70,76.3,52,86.6,0,300,0,0,300,,76.7,52,76,0,
2025-07-21,16:35:00,cool,compressorCoolStage1On,,Home,76,70,76.2,51,86.6,0,300,0,0,300,,76.5,51,76,0,
2025-07-21,16:40:00,cool,compressorCoolStage1On,,Home,76,70,76.1,51,86.6,0,300,0,0,300,,76.3,51,76,0,
2025-07-21,16:45:00,cool,compressorCoolStage1On,,Home,76,70,76,51,86.6,0,60,0,0,105,,76.1,51,76,0,
2025-07-21,16:50:00,cool,compressorCoolOff,,Home,76,70,76.2,52,86.6,0,0,0,0,0,,76.2,52,,0,
2025-07-21,16:55:00,cool,compressorCoolOff,,Home,76,70,76.3,52,86.6,0,0,0,0,0,,76.4,52,74.1,0,
2025-07-21,17:00:00,cool,compressorCoolOff,,Home,76,70,76.1,52,86.2,0,0,0,0,0,,76.5,52,74.1,0,
2025-07-21,17:05:00,cool,compressorCoolOff,,Home,76,70,75.9,52,86.2,0,0,0,0,0,,76.5,52,74.2,0,
2025-07-21,17:10:00,cool,compressorCoolOff,,Home,76,70,75.9,54,86.2,0,0,0,0,0,,76.5,54,74.9,0,
2025-07-21,17:15:00,cool,compressorCoolOff,,Home,76,70,75.9,54,86.2,0,0,0,0,0,,76.6,54,74.9,0,
2025-07-21,17:20:00,cool,compressorCoolOff,,Home,76,70,75.8,54,86.2,0,0,0,0,0,,76.7,54,74.9,0,
2025-07-21,17:25:00,cool,compressorCoolOff,,Home,76,70,75.8,54,86.2,0,0,0,0,0,,76.9,54,74.9,0,
2025-07-21,17:30:00,cool,compressorCoolOff,,Home,76,70,75.9,54,85.8,0,0,0,0,0,,77,54,74.9,0,
2025-07-21,17:35:00,cool,compressorCoolOff,,Home,76,70,76,54,85.8,0,0,0,0,0,,77.1,54,74.9,0,
2025-07-21,17:40:00,cool,compressorCoolOff,,Home,76,70,76,54,85.8,0,0,0,0,0,,77.1,54,74.9,0,
2025-07-21,17:45:00,cool,compressorCoolOff,,Home,76,70,76.1,54,85.8,0,45,0,0,45,,77.2,54,74.9,0,
2025-07-21,17:50:00,cool,compressorCoolStage1On,,Home,76,70,77.2,53,85.8,0,300,0,0,300,,77.2,53,,0,
2025-07-21,17:55:00,cool,compressorCoolStage1On,,Home,76,70,76.9,52,85.8,0,300,0,0,300,,77,52,75.4,0,
2025-07-21,18:00:00,cool,compressorCoolStage1On,,Home,76,70,76.4,51,85.1,0,300,0,0,300,,76.6,51,75.4,0,
2025-07-21,18:05:00,cool,compressorCoolStage1On,,Home,76,70,76.1,51,85.1,0,225,0,0,270,,76.3,51,75.4,0,
2025-07-21,18:10:00,cool,compressorCoolOff,,Home,76,70,75.9,51,85.1,0,0,0,0,0,,76.3,51,75.4,0,
2025-07-21,18:15:00,cool,compressorCoolOff,,Home,76,70,76,52,85.1,0,0,0,0,0,,76.4,52,75.4,0,
2025-07-21,18:20:00,cool,compressorCoolOff,,Home,76,70,76,52,85.1,0,0,0,0,0,,76.6,52,75.4,0,
2025-07-21,18:25:00,cool,compressorCoolOff,,Home,76,70,76.1,52,85.1,0,0,0,0,0,,76.8,52,75.4,0,
2025-07-21,18:30:00,cool,compressorCoolOff,,Home,76,70,76.1,52,85.1,0,0,0,0,0,,76.9,52,75.4,0,
2025-07-21,18:35:00,cool,compressorCoolOff,,Home,76,70,76.4,53,85.1,0,75,0,0,75,,77,53,75.4,0,
2025-07-21,18:40:00,cool,compressorCoolStage1On,,Home,76,70,77,53,85.1,0,300,0,0,300,,77.1,53,75.6,0,
2025-07-21,18:45:00,cool,compressorCoolStage1On,,Home,76,70,76.7,51,85.1,0,300,0,0,300,,76.9,51,75.6,0,
2025-07-21,18:50:00,cool,compressorCoolStage1On,,Home,76,70,76.3,51,85.1,0,300,0,0,300,,76.6,51,75.6,0,
2025-07-21,18:55:00,cool,compressorCoolStage1On,,Home,76,70,76,51,85.1,0,180,0,0,225,,76.3,51,75.6,0,
2025-07-21,19:00:00,cool,compressorCoolOff,,Home,76,70,76,51,85.1,0,0,0,0,0,,76.3,51,75.6,0,
2025-07-21,19:05:00,cool,compressorCoolOff,,Home,76,70,76,52,85.1,0,0,0,0,0,,76.4,52,75.6,0,
2025-07-21,19:10:00,cool,compressorCoolOff,,Home,76,70,76.1,52,85.1,0,0,0,0,0,,76.6,52,75.6,0,
2025-07-21,19:15:00,cool,compressorCoolOff,,Home,76,70,76.2,52,85.1,0,0,0,0,0,,76.8,52,75.6,0,
2025-07-21,19:20:00,cool,compressorCoolOff,,Home,76,70,76.5,53,85.1,0,105,0,0,105,,77,53,75.6,0,
2025-07-21,19:25:00,cool,compressorCoolStage1On,,Home,76,70,77.1,53,85.1,0,300,0,0,300,,77.1,53,,0,
2025-07-21,19:30:00,cool,compressorCoolStage1On,,Home,76,70,76.9,51,85.1,0,300,0,0,300,,76.9,51,,0,
2025-07-21,19:35:00,cool,compressorCoolStage1On,,Home,76,70,76.5,51,85.1,0,300,0,0,300,,76.5,51,,0,
2025-07-21,19:40:00,cool,compressorCoolStage1On,,Home,76,70,76.1,50,85.1,0,255,0,0,300,,76.1,50,,0,
2025-07-21,19:45:00,cool,compressorCoolOff,,Home,76,70,76,50,85.1,0,0,0,0,0,,76,50,,0,
2025-07-21,19:50:00,cool,compressorCoolOff,,Home,76,70,76.1,52,85.1,0,0,0,0,0,,76.1,52,,0,
2025-07-21,19:55:00,cool,compressorCoolOff,,Home,76,70,76.3,52,85.1,0,0,0,0,0,,76.3,52,,0,
2025-07-21,20:00:00,cool,compressorCoolOff,,Home,76,70,76.4,52,79.9,0,210,0,0,210,,76.4,52,,0,
2025-07-21,20:05:00,cool,compressorCoolStage1On,,Home,76,70,76.4,51,79.9,0,300,0,0,300,,76.4,51,,0,
2025-07-21,20:10:00,cool,compressorCoolStage1On,,Home,76,70,76.2,50,79.9,0,300,0,0,300,,76.2,50,,0,
2025-07-21,20:15:00,cool,compressorCoolStage1On,,Home,76,70,75.8,50,79.9,0,60,0,0,105,,75.9,50,74,0,
2025-07-21,20:20:00,cool,compressorCoolOff,,Home,76,70,75.6,51,79.9,0,0,0,0,0,,76,51,74,0,
2025-07-21,20:25:00,cool,compressorCoolOff,,Home,76,70,75.6,51,79.9,0,0,0,0,0,,76.2,51,74,0,
2025-07-21,20:30:00,cool,compressorCoolOff,,Home,76,70,75.5,52,79.9,0,0,0,0,0,,76.3,52,74,0,
2025-07-21,20:35:00,cool,compressorCoolOff,,Home,76,70,75.4,52,79.9,0,0,0,0,0,,76.4,52,74,0,
2025-07-21,20:40:00,cool,compressorCoolOff,,Home,76,70,75.3,52,79.9,0,0,0,0,0,,76.5,52,74,0,
2025-07-21,20:45:00,cool,compressorCoolOff,,Home,76,70,75.2,53,79.9,0,0,0,0,0,,76.5,53,74,0,
2025-07-21,20:50:00,cool,compressorCoolOff,,Home,76,70,75.7,54,79.9,0,0,0,0,0,,76.6,54,74.9,0,
2025-07-21,20:55:00,cool,compressorCoolOff,,Home,76,70,75.7,54,79.9,0,0,0,0,0,,76.6,54,74.9,0,
2025-07-21,21:00:00,cool,compressorCoolOff,,Home,76,70,75.7,54,77.4,0,0,0,0,0,,76.6,54,74.9,0,
2025-07-21,21:05:00,cool,compressorCoolOff,,Home,76,70,75.8,54,77.4,0,0,0,0,0,,76.7,54,74.9,0,
2025-07-21,21:10:00,cool,compressorCoolOff,,Home,76,70,75.8,54,77.4,0,0,0,0,0,,76.7,54,75,0,
2025-07-21,21:15:00,cool,compressorCoolOff,,Home,76,70,75.9,54,77.4,0,0,0,0,0,,76.7,54,75.2,0,
2025-07-21,21:20:00,cool,compressorCoolOff,,Home,76,70,76,55,77.4,0,0,0,0,0,,76.8,55,75.2,0,
2025-07-21,21:25:00,cool,compressorCoolOff,,Home,76,70,76,55,77.4,0,0,0,0,0,,76.8,55,75.2,0,
2025-07-21,21:30:00,cool,compressorCoolOff,,Home,76,70,76.1,55,76.2,0,0,0,0,0,,76.8,55,75.4,0,
2025-07-21,21:35:00,cool,compressorCoolOff,,Home,76,70,76.1,55,76.2,0,0,0,0,0,,76.8,55,75.4,0,
2025-07-21,21:40:00,cool,compressorCoolOff,,Home,76,70,76.1,55,76.2,0,0,0,0,0,,76.8,55,75.4,0,
2025-07-21,21:45:00,cool,compressorCoolOff,,Home,76,70,76.1,55,76.2,0,0,0,0,0,,76.8,55,75.4,0,
2025-07-21,21:50:00,cool,compressorCoolOff,,Home,76,70,76.1,55,76.2,0,0,0,0,0,,76.9,55,75.4,0,
2025-07-21,21:55:00,cool,compressorCoolOff,,Home,76,70,76.1,55,76.2,0,0,0,0,0,,76.9,55,75.5,0,
2025-07-21,22:00:00,cool,compressorCoolOff,,Home,76,70,76.2,55,75.3,0,0,0,0,0,,76.9,55,75.7,0,
2025-07-21,22:05:00,cool,compressorCoolOff,,Home,76,70,76.3,55,75.3,0,0,0,0,0,,76.9,55,75.8,0,
2025-07-21,22:10:00,cool,compressorCoolOff,,Home,76,70,76.3,55,75.3,0,0,0,0,0,,76.9,55,75.8,0,
2025-07-21,22:15:00,cool,compressorCoolOff,,Home,76,70,76.3,54,75.3,0,0,0,0,0,,76.8,54,75.8,0,
2025-07-21,22:20:00,cool,compressorCoolOff,,Home,76,70,76.2,54,75.3,0,0,0,0,0,,76.7,54,75.8,0,
2025-07-21,22:25:00,cool,compressorCoolOff,,Home,76,70,76.2,55,75.3,0,0,0,0,0,,76.7,55,75.8,0,
2025-07-21,22:30:00,cool,compressorCoolOff,,Home,76,70,76.3,55,75.3,0,0,0,0,0,,76.7,55,76,0,
2025-07-21,22:35:00,cool,compressorCoolOff,,Home,76,70,76.4,55,75.3,0,0,0,0,0,,76.8,55,76,0,
2025-07-21,22:40:00,cool,compressorCoolOff,,Home,76,70,76.4,55,75.3,0,0,0,0,0,,76.8,55,76,0,
2025-07-21,22:45:00,cool,compressorCoolOff,,Home,76,70,76.4,55,75.3,0,0,0,0,0,,76.8,55,76,0,
2025-07-21,22:50:00,cool,compressorCoolOff,,Home,76,70,76.4,55,75.3,0,0,0,0,0,,76.8,55,76,0,
2025-07-21,22:55:00,cool,compressorCoolOff,,Home,76,70,76.4,57,75.3,0,0,0,0,0,,76.8,57,76,0,
2025-07-21,23:00:00,cool,compressorCoolOff,,Home,76,70,76.4,57,74.1,0,0,0,0,0,,76.9,57,76,0,
2025-07-21,23:05:00,cool,compressorCoolOff,,Home,76,70,76.4,57,74.1,0,0,0,0,0,,76.9,57,76,0,
2025-07-21,23:10:00,cool,compressorCoolOff,,Home,76,70,76.4,56,74.1,0,0,0,0,0,,76.9,56,76,0,
2025-07-21,23:15:00,cool,compressorCoolOff,,Home,76,70,76.4,55,74.1,0,0,0,0,0,,76.8,55,76,0,
2025-07-21,23:20:00,cool,compressorCoolOff,,Home,76,70,76.3,55,74.1,0,0,0,0,0,,76.7,55,76,0,
2025-07-21,23:25:00,cool,compressorCoolOff,,Home,76,70,76.4,56,74.1,0,0,0,0,0,,76.8,56,76,0,
2025-07-21,23:30:00,cool,compressorCoolOff,,Home,76,70,76.4,57,74.1,0,0,0,0,0,,76.8,57,76,0,
2025-07-21,23:35:00,cool,compressorCoolOff,,Home,76,70,76.4,57,74.1,0,0,0,0,0,,76.8,57,76,0,
2025-07-21,23:40:00,cool,compressorCoolOff,,Home,76,70,76.4,57,74.1,0,0,0,0,0,,76.8,57,76,0,
2025-07-21,23:45:00,cool,compressorCoolOff,,Home,76,70,76.4,57,74.1,0,0,0,0,0,,76.8,57,76,0,
2025-07-21,23:50:00,cool,compressorCoolOff,,Home,76,70,76.4,57,74.1,0,0,0,0,0,,76.8,57,76,0,
2025-07-21,23:55:00,cool,compressorCoolOff,,Home,76.9,66.4,76.4,57,74.1,0,0,0,0,0,,76.8,57,76,0,
2025-07-22,00:00:00,cool,compressorCoolOff,,Sleep,78,62,76.4,57,72.8,0,0,0,0,0,,76.8,57,76,0,
2025-07-22,00:05:00,cool,compressorCoolOff,,Sleep,78,62,76.4,57,72.8,0,0,0,0,0,,76.8,57,76,0,
2025-07-22,00:10:00,cool,compressorCoolOff,,Sleep,78,62,76.4,57,72.8,0,0,0,0,0,,76.9,57,76,0,
2025-07-22,00:15:00,cool,compressorCoolOff,,Sleep,78,62,76.4,57,72.8,0,0,0,0,0,,76.9,57,76,0,
2025-07-22,00:20:00,cool,compressorCoolOff,,Sleep,78,62,76.4,57,72.8,0,0,0,0,0,,76.9,57,76,0,
2025-07-22,00:25:00,cool,compressorCoolOff,,Sleep,78,62,76.4,57,72.8,0,0,0,0,0,,76.9,57,76,0,
2025-07-22,00:30:00,cool,compressorCoolOff,,Sleep,78,62,76.4,57,72,0,0,0,0,0,,76.9,57,76,0,
2025-07-22,00:35:00,cool,compressorCoolOff,,Sleep,78,62,76.4,57,72,0,0,0,0,0,,76.9,57,76,0,
2025-07-22,00:40:00,cool,compressorCoolOff,,Sleep,78,62,76.6,57,72,0,0,0,0,0,,76.9,57,76,0,
2025-07-22,00:45:00,cool,compressorCoolOff,,Sleep,78,62,76.8,57,72,0,0,0,0,0,,76.9,57,76,0,
2025-07-22,00:50:00,cool,compressorCoolOff,,Sleep,78,62,76.7,57,72,0,0,0,0,0,,76.9,57,76,0,
2025-07-22,00:55:00,cool,compressorCoolOff,,Sleep,78,62,76.6,57,72,0,0,0,0,0,,76.9,57,76,0,
2025-07-22,01:00:00,cool,compressorCoolOff,,Sleep,78,62,76.5,57,71.6,0,0,0,0,0,,76.9,57,76,0,
2025-07-22,01:05:00,cool,compressorCoolOff,,Sleep,78,62,76.4,57,71.6,0,0,0,0,0,,76.9,57,75.9,0,
2025-07-22,01:10:00,cool,compressorCoolOff,,Sleep,78,62,76.3,57,71.6,0,0,0,0,0,,76.9,57,75.8,0,
2025-07-22,01:15:00,cool,compressorCoolOff,,Sleep,78,62,76.3,57,71.6,0,0,0,0,0,,76.9,57,75.8,0,
2025-07-22,01:20:00,cool,compressorCoolOff,,Sleep,78,62,76.3,57,71.6,0,0,0,0,0,,76.9,57,75.8,0,
2025-07-22,01:25:00,cool,compressorCoolOff,,Sleep,78,62,76.3,57,71.6,0,0,0,0,0,,76.9,57,75.8,0,
2025-07-22,01:30:00,cool,compressorCoolOff,,Sleep,78,62,76.3,57,71.6,0,0,0,0,0,,76.9,57,75.8,0,
2025-07-22,01:35:00,cool,compressorCoolOff,,Sleep,78,62,76.3,57,71.6,0,0,0,0,0,,76.9,57,75.8,0,
2025-07-22,01:40:00,cool,compressorCoolOff,,Sleep,78,62,76.3,57,71.6,0,0,0,0,0,,76.9,57,75.8,0,
2025-07-22,01:45:00,cool,compressorCoolOff,,Sleep,78,62,76.3,57,71.6,0,0,0,0,0,,76.9,57,75.8,0,
2025-07-22,01:50:00,cool,compressorCoolOff,,Sleep,78,62,76.3,57,71.6,0,0,0,0,0,,76.9,57,75.8,0,
2025-07-22,01:55:00,cool,compressorCoolOff,,Sleep,78,62,76.3,57,71.6,0,0,0,0,0,,76.9,57,75.8,0,
2025-07-22,02:00:00,cool,compressorCoolOff,,Sleep,78,62,76.3,58,69.6,0,0,0,0,0,,76.9,58,75.8,0,
2025-07-22,02:05:00,cool,compressorCoolOff,,Sleep,78,62,76.3,58,69.6,0,0,0,0,0,,76.9,58,75.8,0,
2025-07-22,02:10:00,cool,compressorCoolOff,,Sleep,78,62,76.3,58,69.6,0,0,0,0,0,,76.9,58,75.8,0,
2025-07-22,02:15:00,cool,compressorCoolOff,,Sleep,78,62,76.3,58,69.6,0,0,0,0,0,,76.9,58,75.8,0,
2025-07-22,02:20:00,cool,compressorCoolOff,,Sleep,78,62,76.3,58,69.6,0,0,0,0,0,,76.9,58,75.8,0,
2025-07-22,02:25:00,cool,compressorCoolOff,,Sleep,78,62,76.3,58,69.6,0,0,0,0,0,,76.9,58,75.8,0,
2025-07-22,02:30:00,cool,compressorCoolOff,,Sleep,78,62,76.3,58,69.6,0,0,0,0,0,,76.9,58,75.8,0,
2025-07-22,02:35:00,cool,compressorCoolOff,,Sleep,78,62,76.3,58,69.6,0,0,0,0,0,,76.9,58,75.8,0,
2025-07-22,02:40:00,cool,compressorCoolOff,,Sleep,78,62,76.2,58,69.6,0,0,0,0,0,,76.9,58,75.7,0,
2025-07-22,02:45:00,cool,compressorCoolOff,,Sleep,78,62,76.2,58,69.6,0,0,0,0,0,,76.9,58,75.6,0,
2025-07-22,02:50:00,cool,compressorCoolOff,,Sleep,78,62,76.2,58,69.6,0,0,0,0,0,,76.8,58,75.6,0,
2025-07-22,02:55:00,cool,compressorCoolOff,,Sleep,78,62,76.2,58,69.6,0,0,0,0,0,,76.8,58,75.6,0,
2025-07-22,03:00:00,cool,compressorCoolOff,,Sleep,78,62,76.2,58,68.4,0,0,0,0,0,,76.8,58,75.6,0,
2025-07-22,03:05:00,cool,compressorCoolOff,,Sleep,78,62,76.2,58,68.4,0,0,0,0,0,,76.8,58,75.6,0,
2025-07-22,03:10:00,cool,compressorCoolOff,,Sleep,78,62,76.2,58,68.4,0,0,0,0,0,,76.8,58,75.6,0,
2025-07-22,03:15:00,cool,compressorCoolOff,,Sleep,78,62,76.2,58,68.4,0,0,0,0,0,,76.9,58,75.6,0,
2025-07-22,03:20:00,cool,compressorCoolOff,,Sleep,78,62,76.2,58,68.4,0,0,0,0,0,,76.8,58,75.6,0,
2025-07-22,03:25:00,cool,compressorCoolOff,,Sleep,78,62,76.2,58,68.4,0,0,0,0,0,,76.8,58,75.6,0,
2025-07-22,03:30:00,cool,compressorCoolOff,,Sleep,78,62,76.2,58,68.4,0,0,0,0,0,,76.8,58,75.6,0,
2025-07-22,03:35:00,cool,compressorCoolOff,,Sleep,78,62,76.2,58,68.4,0,0,0,0,0,,76.8,58,75.6,0,
2025-07-22,03:40:00,cool,compressorCoolOff,,Sleep,78,62,76.2,58,68.4,0,0,0,0,0,,76.8,58,75.6,0,
2025-07-22,03:45:00,cool,compressorCoolOff,,Sleep,78,62,76.2,58,68.4,0,0,0,0,0,,76.8,58,75.6,0,
2025-07-22,03:50:00,cool,compressorCoolOff,,Sleep,78,62,76.1,58,68.4,0,0,0,0,0,,76.8,58,75.4,0,
2025-07-22,03:55:00,cool,compressorCoolOff,,Sleep,78,62,76.1,58,68.4,0,0,0,0,0,,76.8,58,75.4,0,
2025-07-22,04:00:00,cool,compressorCoolOff,,Sleep,78,62,76.1,58,67.7,0,0,0,0,0,,76.8,58,75.4,0,
2025-07-22,04:05:00,cool,compressorCoolOff,,Sleep,78,62,76.1,58,67.7,0,0,0,0,0,,76.8,58,75.4,0,
2025-07-22,04:10:00,cool,compressorCoolOff,,Sleep,78,62,76.1,58,67.7,0,0,0,0,0,,76.8,58,75.4,0,
2025-07-22,04:15:00,cool,compressorCoolOff,,Sleep,78,62,76.1,58,67.7,0,0,0,0,0,,76.8,58,75.4,0,
2025-07-22,04:20:00,cool,compressorCoolOff,,Sleep,78,62,76.1,58,67.7,0,0,0,0,0,,76.8,58,75.4,0,
2025-07-22,04:25:00,cool,compressorCoolOff,,Sleep,78,62,76,58,67.7,0,0,0,0,0,,76.7,58,75.4,0,
2025-07-22,04:30:00,cool,compressorCoolOff,,Sleep,78,62,76,58,67.7,0,0,0,0,0,,76.7,58,75.4,0,
2025-07-22,04:35:00,cool,compressorCoolOff,,Sleep,78,62,75.9,58,67.7,0,0,0,0,0,,76.7,58,75.2,0,
2025-07-22,04:40:00,cool,compressorCoolOff,,Sleep,78,62,75.9,58,67.7,0,0,0,0,0,,76.7,58,75.2,0,
2025-07-22,04:45:00,cool,compressorCoolOff,,Sleep,78,62,75.9,58,67.7,0,0,0,0,0,,76.7,58,75.2,0,
2025-07-22,04:50:00,cool,compressorCoolOff,,Sleep,78,62,75.9,58,67.7,0,0,0,0,0,,76.7,58,75.2,0,
2025-07-22,04:55:00,cool,compressorCoolOff,,Sleep,78,62,75.9,58,67.7,0,0,0,0,0,,76.7,58,75.2,0,
2025-07-22,05:00:00,cool,compressorCoolOff,,Sleep,78,62,75.9,58,66.8,0,0,0,0,0,,76.7,58,75.2,0,
2025-07-22,05:05:00,cool,compressorCoolOff,,Sleep,78,62,75.9,58,66.8,0,0,0,0,0,,76.7,58,75.2,0,
2025-07-22,05:10:00,cool,compressorCoolOff,,Sleep,78,62,75.9,58,66.8,0,0,0,0,0,,76.7,58,75.2,0,
2025-07-22,05:15:00,cool,compressorCoolOff,,Sleep,78,62,75.9,58,66.8,0,0,0,0,0,,76.7,58,75.2,0,
2025-07-22,05:20:00,cool,compressorCoolOff,,Sleep,78,62,75.9,58,66.8,0,0,0,0,0,,76.6,58,75.2,0,
2025-07-22,05:25:00,cool,compressorCoolOff,,Sleep,78,62,75.9,58,66.8,0,0,0,0,0,,76.6,58,75.2,0,
2025-07-22,05:30:00,cool,compressorCoolOff,,Sleep,78,62,75.9,58,66.8,0,0,0,0,0,,76.7,58,75.2,0,
2025-07-22,05:35:00,cool,compressorCoolOff,,Sleep,78,62,75.9,58,66.8,0,0,0,0,0,,76.6,58,75.2,0,
2025-07-22,05:40:00,cool,compressorCoolOff,,Sleep,78,62,75.9,58,66.8,0,0,0,0,0,,76.6,58,75.2,0,
2025-07-22,05:45:00,cool,compressorCoolOff,,Sleep,78,62,75.9,58,66.8,0,0,0,0,0,,76.6,58,75.2,0,
2025-07-22,05:50:00,cool,compressorCoolOff,,Sleep,78,62,75.9,58,66.8,0,0,0,0,0,,76.6,58,75.2,0,
2025-07-22,05:55:00,cool,compressorCoolOff,,Sleep,78,62,75.9,58,66.8,0,0,0,0,0,,76.6,58,75.2,0,
2025-07-22,06:00:00,cool,compressorCoolOff,,Sleep,78,62,75.9,58,66.4,0,0,0,0,0,,76.6,58,75.2,0,
2025-07-22,06:05:00,cool,compressorCoolOff,,Sleep,78,62,75.8,58,66.4,0,0,0,0,0,,76.6,58,75.1,0,
2025-07-22,06:10:00,cool,compressorCoolOff,,Sleep,78,62,75.8,58,66.4,0,0,0,0,0,,76.5,58,75.1,0,
2025-07-22,06:15:00,cool,compressorCoolOff,,Sleep,78,62,75.8,58,66.4,0,0,0,0,0,,76.5,58,75.1,0,
2025-07-22,06:20:00,cool,compressorCoolOff,,Sleep,78,62,75.8,58,66.4,0,0,0,0,0,,76.5,58,75.1,0,
2025-07-22,06:25:00,cool,compressorCoolOff,,Sleep,78,62,75.8,58,66.4,0,0,0,0,0,,76.5,58,75.1,0,
2025-07-22,06:30:00,cool,compressorCoolOff,,Sleep,78,62,75.7,58,66.5,0,0,0,0,0,,76.5,58,74.9,0,
2025-07-22,06:35:00,cool,compressorCoolOff,,Sleep,78,62,75.7,58,66.5,0,0,0,0,0,,76.5,58,74.9,0,
2025-07-22,06:40:00,cool,compressorCoolOff,,Sleep,78,62,75.7,58,66.5,0,0,0,0,0,,76.5,58,74.9,0,
2025-07-22,06:45:00,cool,compressorCoolOff,,Sleep,78,62,75.7,58,66.5,0,0,0,0,0,,76.5,58,74.9,0,
2025-07-22,06:50:00,cool,compressorCoolOff,,Sleep,78,62,75.7,58,66.5,0,0,0,0,0,,76.5,58,74.9,0,
2025-07-22,06:55:00,cool,compressorCoolOff,,Sleep,78,62,75.7,58,66.5,0,0,0,0,0,,76.5,58,74.9,0,
2025-07-22,07:00:00,cool,compressorCoolOff,,Sleep,78,62,75.7,58,67.1,0,0,0,0,0,,76.5,58,74.9,0,
2025-07-22,07:05:00,cool,compressorCoolOff,,Sleep,78,62,75.7,58,67.1,0,0,0,0,0,,76.5,58,74.9,0,
2025-07-22,07:10:00,cool,compressorCoolOff,,Sleep,78,62,75.6,58,67.1,0,0,0,0,0,,76.4,58,74.9,0,
2025-07-22,07:15:00,cool,compressorCoolOff,,Sleep,78,62,75.6,58,67.1,0,0,0,0,0,,76.4,58,74.9,0,
2025-07-22,07:20:00,cool,compressorCoolOff,,Sleep,78,62,75.6,58,67.1,0,0,0,0,0,,76.4,58,74.9,0,
2025-07-22,07:25:00,cool,compressorCoolOff,,Sleep,78,62,75.6,58,67.1,0,0,0,0,0,,76.4,58,74.9,0,
2025-07-22,07:30:00,cool,compressorCoolOff,,Sleep,78,62,75.6,58,67.1,0,0,0,0,0,,76.4,58,74.9,0,
2025-07-22,07:35:00,cool,compressorCoolOff,,Sleep,78,62,75.6,58,67.1,0,0,0,0,0,,76.4,58,74.9,0,
2025-07-22,07:40:00,cool,compressorCoolOff,,Sleep,78,62,75.6,58,67.1,0,0,0,0,0,,76.4,58,74.9,0,
2025-07-22,07:45:00,cool,compressorCoolOff,,Sleep,78,62,75.6,57,67.1,0,0,0,0,0,,76.4,57,74.9,0,
2025-07-22,07:50:00,cool,compressorCoolOff,,Sleep,78,62,75.6,57,67.1,0,0,0,0,0,,76.4,57,74.9,0,
2025-07-22,07:55:00,cool,compressorCoolOff,,Sleep,77.2,65.2,75.6,58,67.1,0,0,0,0,0,,76.4,58,74.9,0,
2025-07-22,08:00:00,cool,compressorCoolOff,,Home,76,70,75.6,58,69.5,0,0,0,0,0,,76.4,58,74.9,0,
2025-07-22,08:05:00,cool,compressorCoolOff,,Home,76,70,75.6,58,69.5,0,0,0,0,0,,76.4,58,74.9,0,
2025-07-22,08:10:00,cool,compressorCoolOff,,Home,76,70,75.6,58,69.5,0,0,0,0,0,,76.4,58,74.9,0,
2025-07-22,08:15:00,cool,compressorCoolOff,,Home,76,70,75.6,58,69.5,0,0,0,0,0,,76.4,58,74.9,0,
2025-07-22,08:20:00,cool,compressorCoolOff,,Home,76,70,75.6,58,69.5,0,0,0,0,0,,76.4,58,74.9,0,
2025-07-22,08:25:00,cool,compressorCoolOff,,Home,76,70,75.6,58,69.5,0,0,0,0,0,,76.4,58,74.9,0,
2025-07-22,08:30:00,cool,compressorCoolOff,,Home,76,70,75.6,58,69.5,0,0,0,0,0,,76.4,58,74.9,0,
2025-07-22,08:35:00,cool,compressorCoolOff,,Home,76,70,75.6,58,69.5,0,0,0,0,0,,76.4,58,74.9,0,
2025-07-22,08:40:00,cool,compressorCoolOff,,Home,76,70,75.6,58,69.5,0,0,0,0,0,,76.4,58,74.9,0,
2025-07-22,08:45:00,cool,compressorCoolOff,,Home,76,70,75.7,58,69.5,0,0,0,0,0,,76.5,58,74.9,0,
2025-07-22,08:50:00,cool,compressorCoolOff,,Home,76,70,75.8,58,69.5,0,0,0,0,0,,76.5,58,75.1,0,
2025-07-22,08:55:00,cool,compressorCoolOff,,Home,76,70,75.7,58,69.5,0,0,0,0,0,,76.5,58,75,0,
2025-07-22,09:00:00,cool,compressorCoolOff,,Home,76,70,75.7,58,72,0,0,0,0,0,,76.5,58,74.9,0,
2025-07-22,09:05:00,cool,compressorCoolOff,,Home,76,70,75.7,58,72,0,0,0,0,0,,76.5,58,74.9,0,
2025-07-22,09:10:00,cool,compressorCoolOff,,Home,76,70,75.7,58,72,0,0,0,0,0,,76.5,58,74.9,0,
2025-07-22,09:15:00,cool,compressorCoolOff,,Home,76,70,75.7,58,72,0,0,0,0,0,,76.5,58,74.9,0,
2025-07-22,09:20:00,cool,compressorCoolOff,,Home,76,70,75.7,58,72,0,0,0,0,0,,76.5,58,74.9,0,
2025-07-22,09:25:00,cool,compressorCoolOff,,Home,76,70,75.7,58,72,0,0,0,0,0,,76.5,58,74.9,0,
2025-07-22,09:30:00,cool,compressorCoolOff,,Home,76,70,75.7,58,72,0,0,0,0,0,,76.5,58,74.9,0,
2025-07-22,09:35:00,cool,compressorCoolOff,,Home,76,70,75.7,58,72,0,0,0,0,0,,76.5,58,74.9,0,
2025-07-22,09:40:00,cool,compressorCoolOff,,Home,76,70,75.7,58,72,0,0,0,0,0,,76.5,58,74.9,0,
2025-07-22,09:45:00,cool,compressorCoolOff,,Home,76,70,75.7,58,72,0,0,0,0,0,,76.5,58,74.9,0,
2025-07-22,09:50:00,cool,compressorCoolOff,,Home,76,70,75.7,58,72,0,0,0,0,0,,76.5,58,74.9,0,
2025-07-22,09:55:00,cool,compressorCoolOff,,Home,76,70,75.7,58,72,0,0,0,0,0,,76.5,58,74.9,0,
2025-07-22,10:00:00,cool,compressorCoolOff,,Home,76,70,75.7,58,74.8,0,0,0,0,0,,76.5,58,74.9,0,
2025-07-22,10:05:00,cool,compressorCoolOff,,Home,76,70,75.7,58,74.8,0,0,0,0,0,,76.5,58,74.9,0,
2025-07-22,10:10:00,cool,compressorCoolOff,,Home,76,70,75.7,58,74.8,0,0,0,0,0,,76.5,58,74.9,0,
2025-07-22,10:15:00,cool,compressorCoolOff,,Home,76,70,75.7,58,74.8,0,0,0,0,0,,76.6,58,74.9,0,
2025-07-22,10:20:00,cool,compressorCoolOff,,Home,76,70,75.7,58,74.8,0,0,0,0,0,,76.6,58,75,0,
2025-07-22,10:25:00,cool,compressorCoolOff,,Home,76,70,75.8,58,74.8,0,0,0,0,0,,76.6,58,75.1,0,
2025-07-22,10:30:00,cool,compressorCoolOff,,Home,76,70,75.8,58,76.1,0,0,0,0,0,,76.6,58,75.1,0,
2025-07-22,10:35:00,cool,compressorCoolOff,,Home,76,70,75.8,58,76.1,0,0,0,0,0,,76.6,58,75.1,0,
2025-07-22,10:40:00,cool,compressorCoolOff,,Home,76,70,75.8,58,76.1,0,0,0,0,0,,76.6,58,75.1,0,
2025-07-22,10:45:00,cool,compressorCoolOff,,Home,76,70,75.8,58,76.1,0,0,0,0,0,,76.6,58,75.1,0,
2025-07-22,10:50:00,cool,compressorCoolOff,,Home,76,70,75.9,58,76.1,0,0,0,0,0,,76.7,58,75.1,0,
2025-07-22,10:55:00,cool,compressorCoolOff,,Home,76,70,75.9,58,76.1,0,0,0,0,0,,76.7,58,75.1,0,
2025-07-22,11:00:00,cool,compressorCoolOff,,Home,76,70,75.9,58,77.4,0,0,0,0,0,,76.7,58,75.1,0,
2025-07-22,11:05:00,cool,compressorCoolOff,,Home,76,70,75.9,58,77.4,0,0,0,0,0,,76.7,58,75.1,0,
2025-07-22,11:10:00,cool,compressorCoolOff,,Home,76,70,75.9,58,77.4,0,0,0,0,0,,76.7,58,75.1,0,
2025-07-22,11:15:00,cool,compressorCoolOff,,Home,76,70,75.9,58,77.4,0,0,0,0,0,,76.8,58,75.1,0,
2025-07-22,11:20:00,cool,compressorCoolOff,,Home,76,70,75.9,58,77.4,0,0,0,0,0,,76.8,58,75.1,0,
2025-07-22,11:25:00,cool,compressorCoolOff,,Home,76,70,76,58,77.4,0,0,0,0,0,,76.8,58,75.2,0,
2025-07-22,11:30:00,cool,compressorCoolOff,,Home,76,70,76,58,78.9,0,0,0,0,0,,76.8,58,75.2,0,
2025-07-22,11:35:00,cool,compressorCoolOff,,Home,76,70,76,58,78.9,0,0,0,0,0,,76.8,58,75.2,0,
2025-07-22,11:40:00,cool,compressorCoolOff,,Home,76,70,76,59,78.9,0,0,0,0,0,,76.8,59,75.2,0,
2025-07-22,11:45:00,cool,compressorCoolOff,,Home,76,70,76,59,78.9,0,0,0,0,0,,76.8,59,75.2,0,
2025-07-22,11:50:00,cool,compressorCoolOff,,Home,76,70,76,59,78.9,0,0,0,0,0,,76.8,59,75.2,0,
2025-07-22,11:55:00,cool,compressorCoolOff,,Home,76,70,76,58,78.9,0,0,0,0,0,,76.9,58,75.2,0,
2025-07-22,12:00:00,cool,compressorCoolOff,,Home,76,70,76,58,80.1,0,0,0,0,0,,76.9,58,75.2,0,
2025-07-22,12:05:00,cool,compressorCoolOff,,Home,76,70,76,58,80.1,0,0,0,0,0,,76.9,58,75.2,0,
2025-07-22,12:10:00,cool,compressorCoolOff,,Home,76,70,76,58,80.1,0,0,0,0,0,,76.9,58,75.2,0,
2025-07-22,12:15:00,cool,compressorCoolOff,,Home,76,70,76,58,80.1,0,0,0,0,0,,76.9,58,75.2,0,
2025-07-22,12:20:00,cool,compressorCoolOff,,Home,76,70,76.1,58,80.1,0,0,0,0,0,,77,58,75.2,0,
2025-07-22,12:25:00,cool,compressorCoolOff,,Home,76,70,76.1,58,80.1,0,0,0,0,0,,77.1,58,75.2,0,
2025-07-22,12:30:00,cool,compressorCoolOff,,Home,76,70,76.1,58,80.1,0,0,0,0,0,,77.1,58,75.2,0,
2025-07-22,12:35:00,cool,compressorCoolOff,,Home,76,70,76.2,58,80.1,0,0,0,0,0,,77.2,58,75.2,0,
2025-07-22,12:40:00,cool,compressorCoolOff,,Home,76,70,76.2,58,80.1,0,0,0,0,0,,77.2,58,75.2,0,
2025-07-22,12:45:00,cool,compressorCoolOff,,Home,76,70,76.2,58,80.1,0,0,0,0,0,,77.2,58,75.2,0,
2025-07-22,12:50:00,cool,compressorCoolOff,,Home,76,70,76.2,58,80.1,0,0,0,0,0,,77.3,58,75.2,0,
2025-07-22,12:55:00,cool,compressorCoolOff,,Home,76,70,76.2,58,80.1,0,0,0,0,0,,77.3,58,75.2,0,
2025-07-22,13:00:00,cool,compressorCoolOff,,Home,76,70,76.7,57,82.1,0,150,0,0,150,,77.2,57,75.2,0,
2025-07-22,13:05:00,cool,compressorCoolStage1On,,Home,76,70,77,55,82.1,0,300,0,0,300,,77,55,,0,
2025-07-22,13:10:00,cool,compressorCoolStage1On,,Home,76,70,76.8,54,82.1,0,300,0,0,300,,76.8,54,,0,
2025-07-22,13:15:00,cool,compressorCoolStage1On,,Home,76,70,76.5,53,82.1,0,300,0,0,300,,76.5,53,,0,
2025-07-22,13:20:00,cool,compressorCoolStage1On,,Home,76,70,76.2,53,82.1,0,285,0,0,300,,76.3,53,74,0,
2025-07-22,13:25:00,cool,compressorCoolOff,,Home,76,70,75.8,53,82.1,0,0,0,0,30,,76.1,53,74,0,
2025-07-22,13:30:00,cool,compressorCoolOff,,Home,76,70,75.6,54,82.1,0,0,0,0,0,,76.3,54,73.9,0,
2025-07-22,13:35:00,cool,compressorCoolOff,,Home,76,70,75.6,54,82.1,0,0,0,0,0,,76.5,54,73.8,0,
2025-07-22,13:40:00,cool,compressorCoolOff,,Home,76,70,75.5,54,82.1,0,0,0,0,0,,76.7,54,73.8,0,
2025-07-22,13:45:00,cool,compressorCoolOff,,Home,76,70,75.6,55,82.1,0,0,0,0,0,,76.8,55,74.3,0,
2025-07-22,13:50:00,cool,compressorCoolOff,,Home,76,70,75.6,55,82.1,0,0,0,0,0,,76.9,55,74.3,0,
2025-07-22,13:55:00,cool,compressorCoolOff,,Home,76,70,75.6,55,82.1,0,0,0,0,0,,77,55,74.3,0,
2025-07-22,14:00:00,cool,compressorCoolOff,,Home,76,70,75.7,55,83.9,0,0,0,0,0,,77.1,55,74.3,0,
2025-07-22,14:05:00,cool,compressorCoolOff,,Home,76,70,75.7,55,83.9,0,0,0,0,0,,77.1,55,74.3,0,
2025-07-22,14:10:00,cool,compressorCoolOff,,Home,76,70,75.8,55,83.9,0,0,0,0,0,,77.1,55,74.5,0,
2025-07-22,14:15:00,cool,compressorCoolOff,,Home,76,70,76,56,83.9,0,0,0,0,0,,77.2,56,74.9,0,
2025-07-22,14:20:00,cool,compressorCoolOff,,Home,76,70,76,56,83.9,0,0,0,0,0,,77.2,56,74.9,0,
2025-07-22,14:25:00,cool,compressorCoolOff,,Home,76,70,76.1,55,83.9,0,0,0,0,0,,77.1,55,75.2,0,
2025-07-22,14:30:00,cool,compressorCoolOff,,Home,76,70,76,55,83.9,0,0,0,0,0,,76.9,55,75.2,0,
2025-07-22,14:35:00,cool,compressorCoolOff,,Home,76,70,76,55,83.9,0,0,0,0,0,,76.9,55,75.2,0,
2025-07-22,14:40:00,cool,compressorCoolOff,,Home,76,70,76,55,83.9,0,0,0,0,0,,76.9,55,75.2,0,
2025-07-22,14:45:00,cool,compressorCoolOff,,Home,76,70,76.1,56,83.9,0,0,0,0,0,,77,56,75.2,0,
2025-07-22,14:50:00,cool,compressorCoolOff,,Home,76,70,76.1,56,83.9,0,0,0,0,0,,77.1,56,75.2,0,
2025-07-22,14:55:00,cool,compressorCoolOff,,Home,76,70,76.2,56,83.9,0,0,0,0,0,,77.2,56,75.2,0,
2025-07-22,15:00:00,cool,compressorCoolOff,,Home,76,70,76.2,56,84.6,0,0,0,0,0,,77.3,56,75.2,0,
2025-07-22,15:05:00,cool,compressorCoolOff,,Home,76,70,76.2,56,84.6,0,0,0,0,0,,77.3,56,75.2,0,
2025-07-22,15:10:00,cool,compressorCoolOff,,Home,76,70,76.3,56,84.6,0,45,0,0,45,,77.4,56,75.2,0,
2025-07-22,15:15:00,cool,compressorCoolStage1On,,Home,76,70,76.6,55,84.6,0,300,0,0,300,,77.4,55,75.8,0,
2025-07-22,15:20:00,cool,compressorCoolStage1On,,Home,76,70,76.4,54,84.6,0,300,0,0,300,,77.1,54,75.8,0,
2025-07-22,15:25:00,cool,compressorCoolStage1On,,Home,76,70,76.2,52,84.6,0,300,0,0,300,,76.7,52,75.8,0,
2025-07-22,15:30:00,cool,compressorCoolStage1On,,Home,76,70,76.1,52,84.6,0,300,0,0,300,,76.4,52,75.8,0,
2025-07-22,15:35:00,cool,compressorCoolStage1On,,Home,76,70,75.5,51,84.6,0,30,0,0,75,,76.3,51,74.7,0,
2025-07-22,15:40:00,cool,compressorCoolOff,,Home,76,70,75.4,53,84.6,0,0,0,0,0,,76.4,53,74.5,0,
2025-07-22,15:45:00,cool,compressorCoolOff,,Home,76,70,75.5,54,84.6,0,0,0,0,0,,76.6,54,74.5,0,
2025-07-22,15:50:00,cool,compressorCoolOff,,Home,76,70,75.6,54,84.6,0,0,0,0,0,,76.8,54,74.5,0,
2025-07-22,15:55:00,cool,compressorCoolOff,,Home,76,70,75.7,54,84.6,0,0,0,0,0,,76.9,54,74.5,0,
2025-07-22,16:00:00,cool,compressorCoolOff,,Home,76,70,75.7,54,84.7,0,0,0,0,0,,77,54,74.5,0,
2025-07-22,16:05:00,cool,compressorCoolOff,,Home,76,70,75.8,55,84.7,0,0,0,0,0,,77.1,55,74.5,0,
2025-07-22,16:10:00,cool,compressorCoolOff,,Home,76,70,75.8,55,84.7,0,0,0,0,0,,77.2,55,74.5,0,
2025-07-22,16:15:00,cool,compressorCoolOff,,Home,76,70,76.4,55,84.7,0,60,0,0,60,,77.3,55,75.6,0,
2025-07-22,16:20:00,cool,compressorCoolStage1On,,Home,76,70,76.5,54,84.7,0,300,0,0,300,,77.3,54,75.7,0,
2025-07-22,16:25:00,cool,compressorCoolStage1On,,Home,76,70,76.4,52,84.7,0,300,0,0,300,,77.1,52,75.8,0,
2025-07-22,16:30:00,cool,compressorCoolStage1On,,Home,76,70,76.2,51,84.6,0,300,0,0,300,,76.7,51,75.8,0,
2025-07-22,16:35:00,cool,compressorCoolStage1On,,Home,76,70,75.7,51,84.6,0,90,0,0,135,,76.3,51,75.1,0,
2025-07-22,16:40:00,cool,compressorCoolOff,,Home,76,70,75.6,51,84.6,0,0,0,0,0,,76.3,51,74.9,0,
2025-07-22,16:45:00,cool,compressorCoolOff,,Home,76,70,75.6,52,84.6,0,0,0,0,0,,76.5,52,74.7,0,
2025-07-22,16:50:00,cool,compressorCoolOff,,Home,76,70,75.7,53,84.6,0,0,0,0,0,,76.7,53,74.7,0,
2025-07-22,16:55:00,cool,compressorCoolOff,,Home,76,70,75.8,54,84.6,0,0,0,0,0,,76.9,54,74.7,0,
2025-07-22,17:00:00,cool,compressorCoolOff,,Home,76,70,75.9,54,84.2,0,0,0,0,0,,77,54,74.8,0,
2025-07-22,17:05:00,cool,compressorCoolOff,,Home,76,70,76.2,54,84.2,0,0,0,0,0,,77.1,54,75.4,0,
2025-07-22,17:10:00,cool,compressorCoolOff,,Home,76,70,76.3,54,84.2,0,0,0,0,0,,77.2,54,75.4,0,
2025-07-22,17:15:00,cool,compressorCoolOff,,Home,76,70,76.4,55,84.2,0,0,0,0,0,,77.3,55,75.6,0,
2025-07-22,17:20:00,cool,compressorCoolOff,,Home,76,70,76.4,54,84.2,0,270,0,0,270,,77.3,54,75.7,0,
2025-07-22,17:25:00,cool,compressorCoolStage1On,,Home,76,70,76.4,52,84.2,0,300,0,0,300,,77.1,52,75.8,0,
2025-07-22,17:30:00,cool,compressorCoolStage1On,,Home,76,70,76.2,51,83.5,0,300,0,0,300,,76.6,51,75.8,0,
2025-07-22,17:35:00,cool,compressorCoolStage1On,,Home,76,70,76,51,83.5,0,150,0,0,195,,76.3,51,75.8,0,
2025-07-22,17:40:00,cool,compressorCoolOff,,Home,76,70,76,51,83.5,0,0,0,0,0,,76.2,51,75.8,0,
2025-07-22,17:45:00,cool,compressorCoolOff,,Home,76,70,76,52,83.5,0,0,0,0,0,,76.4,52,75.8,0,
2025-07-22,17:50:00,cool,compressorCoolOff,,Home,76,70,76.1,52,83.5,0,0,0,0,0,,76.6,52,75.8,0,
2025-07-22,17:55:00,cool,compressorCoolOff,,Home,76,70,76.2,52,83.5,0,0,0,0,0,,76.7,52,75.8,0,
2025-07-22,18:00:00,cool,compressorCoolOff,,Home,76,70,76.8,53,82.8,0,270,0,0,270,,76.8,53,75.8,0,
2025-07-22,18:05:00,cool,compressorCoolStage1On,,Home,76,70,76.8,51,82.8,0,300,0,0,300,,76.8,51,,0,
2025-07-22,18:10:00,cool,compressorCoolStage1On,,Home,76,70,76.5,51,82.8,0,300,0,0,300,,76.5,51,,0,
2025-07-22,18:15:00,cool,compressorCoolStage1On,,Home,76,70,76.1,50,82.8,0,240,0,0,285,,76.1,50,,0,
2025-07-22,18:20:00,cool,compressorCoolOff,,Home,76,70,75.8,50,82.8,0,0,0,0,0,,75.9,50,73.8,0,
2025-07-22,18:25:00,cool,compressorCoolOff,,Home,76,70,75.7,52,82.8,0,0,0,0,0,,76.1,52,73.8,0,
2025-07-22,18:30:00,cool,compressorCoolOff,,Home,76,70,75.7,52,82.8,0,0,0,0,0,,76.4,52,73.8,0,
2025-07-22,18:35:00,cool,compressorCoolOff,,Home,76,70,75.6,52,82.8,0,0,0,0,0,,76.5,52,74,0,
2025-07-22,18:40:00,cool,compressorCoolOff,,Home,76,70,75.6,52,82.8,0,0,0,0,0,,76.7,52,74.1,0,
2025-07-22,18:45:00,cool,compressorCoolOff,,Home,76,70,75.6,52,82.8,0,0,0,0,0,,76.8,52,74.5,0,
2025-07-22,18:50:00,cool,compressorCoolOff,,Home,76,70,75.6,54,82.8,0,0,0,0,0,,76.8,54,74.5,0,
2025-07-22,18:55:00,cool,compressorCoolOff,,Home,76,70,75.8,53,82.8,0,0,0,0,0,,76.8,53,74.9,0,
2025-07-22,19:00:00,cool,compressorCoolOff,,Home,76,70,75.8,52,82.8,0,0,0,0,0,,76.7,52,74.9,0,
2025-07-22,19:05:00,cool,compressorCoolOff,,Home,76,70,75.8,52,82.8,0,0,0,0,0,,76.6,52,75,0,
2025-07-22,19:10:00,cool,compressorCoolOff,,Home,76,70,75.9,54,82.8,0,0,0,0,0,,76.7,54,75.1,0,
2025-07-22,19:15:00,cool,compressorCoolOff,,Home,76,70,75.9,54,82.8,0,0,0,0,0,,76.8,54,75.1,0,
2025-07-22,19:20:00,cool,compressorCoolOff,,Home,76,70,75.9,54,82.8,0,0,0,0,0,,76.8,54,75.1,0,
2025-07-22,19:25:00,cool,compressorCoolOff,,Home,76,70,76,54,82.8,0,0,0,0,0,,76.9,54,75.1,0,
2025-07-22,19:30:00,cool,compressorCoolOff,,Home,76,70,76.1,54,82.8,0,0,0,0,0,,77,54,75.3,0,
2025-07-22,19:35:00,cool,compressorCoolOff,,Home,76,70,76.4,54,82.8,0,60,0,0,60,,76.9,54,75.8,0,
2025-07-22,19:40:00,cool,compressorCoolStage1On,,Home,76,70,76.4,53,82.8,0,300,0,0,300,,76.8,53,76,0,
2025-07-22,19:45:00,cool,compressorCoolStage1On,,Home,76,70,76.2,51,82.8,0,300,0,0,300,,76.6,51,76,0,
2025-07-22,19:50:00,cool,compressorCoolStage1On,,Home,76,70,75.9,51,82.8,0,15,0,0,60,,76.4,51,75.4,0,
2025-07-22,19:55:00,cool,compressorCoolOff,,Home,76,70,75.9,53,82.8,0,0,0,0,0,,76.5,53,75.4,0,
2025-07-22,20:00:00,cool,compressorCoolOff,,Home,76,70,76,54,78,0,0,0,0,0,,76.7,54,75.4,0,
2025-07-22,20:05:00,cool,compressorCoolOff,,Home,76,70,76.1,54,78,0,0,0,0,0,,76.8,54,75.4,0,
2025-07-22,20:10:00,cool,compressorCoolOff,,Home,76,70,76.1,54,78,0,0,0,0,0,,76.8,54,75.5,0,
2025-07-22,20:15:00,cool,compressorCoolOff,,Home,76,70,76.2,54,78,0,0,0,0,0,,76.8,54,75.6,0,
2025-07-22,20:20:00,cool,compressorCoolOff,,Home,76,70,76.2,55,78,0,0,0,0,0,,76.9,55,75.6,0,
2025-07-22,20:25:00,cool,compressorCoolOff,,Home,76,70,76.3,55,78,0,0,0,0,0,,76.9,55,75.8,0,
2025-07-22,20:30:00,cool,compressorCoolOff,,Home,76,70,76.4,55,78,0,0,0,0,0,,77,55,75.8,0,
2025-07-22,20:35:00,cool,compressorCoolOff,,Home,76,70,76.4,55,78,0,0,0,0,0,,77,55,75.8,0,
2025-07-22,20:40:00,cool,compressorCoolOff,,Home,76,70,76.4,55,78,0,15,0,0,15,,77,55,75.8,0,
2025-07-22,20:45:00,cool,compressorCoolStage1On,,Home,76,70,76.6,55,78,0,300,0,0,300,,77,55,76.2,0,
2025-07-22,20:50:00,cool,compressorCoolStage1On,,Home,76,70,76.5,53,78,0,300,0,0,300,,76.9,53,76.2,0,
2025-07-22,20:55:00,cool,compressorCoolStage1On,,Home,76,70,76.1,51,78,0,150,0,0,195,,76.5,51,75.7,0,
2025-07-22,21:00:00,cool,compressorCoolOff,,Home,76,70,75.8,52,76.2,0,0,0,0,0,,76.4,52,75.3,0,
2025-07-22,21:05:00,cool,compressorCoolOff,,Home,76,70,75.8,52,76.2,0,0,0,0,0,,76.5,52,75.2,0,
2025-07-22,21:10:00,cool,compressorCoolOff,,Home,76,70,75.9,52,76.2,0,0,0,0,0,,76.6,52,75.2,0,
2025-07-22,21:15:00,cool,compressorCoolOff,,Home,76,70,75.9,53,76.2,0,0,0,0,0,,76.7,53,75.2,0,
2025-07-22,21:20:00,cool,compressorCoolOff,,Home,76,70,76,54,76.2,0,0,0,0,0,,76.7,54,75.2,0,
2025-07-22,21:25:00,cool,compressorCoolOff,,Home,76,70,76.1,54,76.2,0,0,0,0,0,,76.8,54,75.4,0,
2025-07-22,21:30:00,cool,compressorCoolOff,,Home,76,70,76.1,54,76.2,0,0,0,0,0,,76.8,54,75.4,0,
2025-07-22,21:35:00,cool,compressorCoolOff,,Home,76,70,76.2,54,76.2,0,0,0,0,0,,76.9,54,75.6,0,
2025-07-22,21:40:00,cool,compressorCoolOff,,Home,76,70,76.2,55,76.2,0,0,0,0,0,,76.9,55,75.6,0,
2025-07-22,21:45:00,cool,compressorCoolOff,,Home,76,70,76.2,55,76.2,0,0,0,0,0,,76.9,55,75.7,0,
2025-07-22,21:50:00,cool,compressorCoolOff,,Home,76,70,76.3,55,76.2,0,0,0,0,0,,76.9,55,75.8,0,
2025-07-22,21:55:00,cool,compressorCoolOff,,Home,76,70,76.3,55,76.2,0,0,0,0,0,,76.9,55,75.8,0,
2025-07-22,22:00:00,cool,compressorCoolOff,,Home,76,70,76.3,55,73.8,0,0,0,0,0,,76.9,55,75.8,0,
2025-07-22,22:05:00,cool,compressorCoolOff,,Home,76,70,76.3,55,73.8,0,0,0,0,0,,76.9,55,75.8,0,
2025-07-22,22:10:00,cool,compressorCoolOff,,Home,76,70,76.4,55,73.8,0,105,0,0,105,,76.9,55,75.8,0,
2025-07-22,22:15:00,cool,compressorCoolStage1On,,Home,76,70,76.4,54,73.8,0,300,0,0,300,,76.9,54,76,0,
2025-07-22,22:20:00,cool,compressorCoolStage1On,,Home,76,70,76.3,52,73.8,0,255,0,0,300,,76.7,52,75.9,0,
2025-07-22,22:25:00,cool,compressorCoolOff,,Home,76,70,75.8,52,73.8,0,0,0,0,0,,76.3,52,75.4,0,
2025-07-22,22:30:00,cool,compressorCoolOff,,Home,76,70,75.8,53,73.8,0,0,0,0,0,,76.3,53,75.4,0,
2025-07-22,22:35:00,cool,compressorCoolOff,,Home,76,70,75.7,52,73.8,0,0,0,0,0,,76.5,52,75.1,0,
2025-07-22,22:40:00,cool,compressorCoolOff,,Home,76,70,75.8,52,73.8,0,0,0,0,0,,76.6,52,75.1,0,
2025-07-22,22:45:00,cool,compressorCoolOff,,Home,76,70,75.9,53,73.8,0,0,0,0,0,,76.7,53,75.3,0,
2025-07-22,22:50:00,cool,compressorCoolOff,,Home,76,70,76,54,73.8,0,0,0,0,0,,76.7,54,75.4,0,
2025-07-22,22:55:00,cool,compressorCoolOff,,Home,76,70,76,54,73.8,0,0,0,0,0,,76.7,54,75.4,0,
2025-07-22,23:00:00,cool,compressorCoolOff,,Home,76,70,76.1,54,72.1,0,0,0,0,0,,76.8,54,75.4,0,
2025-07-22,23:05:00,cool,compressorCoolOff,,Home,76,70,76.1,54,72.1,0,0,0,0,0,,76.8,54,75.4,0,
2025-07-22,23:10:00,cool,compressorCoolOff,,Home,76,70,76.1,55,72.1,0,0,0,0,0,,76.8,55,75.4,0,
2025-07-22,23:15:00,cool,compressorCoolOff,,Home,76,70,76.1,55,72.1,0,0,0,0,0,,76.8,55,75.4,0,
2025-07-22,23:20:00,cool,compressorCoolOff,,Home,76,70,76,54,72.1,0,0,0,0,0,,76.7,54,75.4,0,
2025-07-22,23:25:00,cool,compressorCoolOff,,Home,76,70,76.5,54,72.1,0,240,0,0,240,,76.7,54,75.4,0,
2025-07-22,23:30:00,cool,compressorCoolStage1On,,Home,76,70,76.6,53,72.1,0,300,0,0,300,,76.6,53,,0,
2025-07-22,23:35:00,cool,compressorCoolStage1On,,Home,76,70,76.3,51,72.1,0,300,0,0,300,,76.3,51,,0,
2025-07-22,23:40:00,cool,compressorCoolStage1On,,Home,76,70,75.9,51,72.1,0,60,0,0,105,,75.9,51,,0,
2025-07-22,23:45:00,cool,compressorCoolOff,,Home,76,70,75.9,52,72.1,0,0,0,0,0,,75.9,52,,0,
2025-07-22,23:50:00,cool,compressorCoolOff,,Home,76,70,76,53,72.1,0,0,0,0,0,,76,53,,0,
2025-07-22,23:55:00,cool,compressorCoolOff,,Home,76.8,66.8,76.1,52,72.1,0,0,0,0,0,,76.1,52,,0,
2025-07-23,00:00:00,cool,compressorCoolOff,,Sleep,78,62,76.2,52,71.2,0,0,0,0,0,,76.2,52,74.7,0,
2025-07-23,00:05:00,cool,compressorCoolOff,,Sleep,78,62,76.1,52,71.2,0,0,0,0,0,,76.3,52,74.7,0,
2025-07-23,00:10:00,cool,compressorCoolOff,,Sleep,78,62,75.9,53,71.2,0,0,0,0,0,,76.4,53,74.7,0,
2025-07-23,00:15:00,cool,compressorCoolOff,,Sleep,78,62,75.8,53,71.2,0,0,0,0,0,,76.4,53,74.7,0,
2025-07-23,00:20:00,cool,compressorCoolOff,,Sleep,78,62,75.7,54,71.2,0,0,0,0,0,,76.4,54,74.7,0,
2025-07-23,00:25:00,cool,compressorCoolOff,,Sleep,78,62,75.6,54,71.2,0,0,0,0,0,,76.4,54,74.7,0,
2025-07-23,00:30:00,cool,compressorCoolOff,,Sleep,78,62,75.5,54,71,0,0,0,0,0,,76.4,54,74.7,0,
2025-07-23,00:35:00,cool,compressorCoolOff,,Sleep,78,62,75.6,54,71,0,0,0,0,0,,76.5,54,74.7,0,
2025-07-23,00:40:00,cool,compressorCoolOff,,Sleep,78,62,75.7,54,71,0,0,0,0,0,,76.5,54,74.9,0,
2025-07-23,00:45:00,cool,compressorCoolOff,,Sleep,78,62,75.8,54,71,0,0,0,0,0,,76.5,54,75.1,0,
2025-07-23,00:50:00,cool,compressorCoolOff,,Sleep,78,62,75.8,54,71,0,0,0,0,0,,76.5,54,75.1,0,
2025-07-23,00:55:00,cool,compressorCoolOff,,Sleep,78,62,75.8,55,71,0,0,0,0,0,,76.5,55,75.1,0,
2025-07-23,01:00:00,cool,compressorCoolOff,,Sleep,78,62,75.8,55,70.6,0,0,0,0,0,,76.5,55,75.1,0,
2025-07-23,01:05:00,cool,compressorCoolOff,,Sleep,78,62,75.9,55,70.6,0,0,0,0,0,,76.6,55,75.2,0,
2025-07-23,01:10:00,cool,compressorCoolOff,,Sleep,78,62,75.9,55,70.6,0,0,0,0,0,,76.6,55,75.2,0,
2025-07-23,01:15:00,cool,compressorCoolOff,,Sleep,78,62,75.9,55,70.6,0,0,0,0,0,,76.6,55,75.2,0,
2025-07-23,01:20:00,cool,compressorCoolOff,,Sleep,78,62,75.9,55,70.6,0,0,0,0,0,,76.6,55,75.2,0,
2025-07-23,01:25:00,cool,compressorCoolOff,,Sleep,78,62,75.9,55,70.6,0,0,0,0,0,,76.6,55,75.2,0,
2025-07-23,01:30:00,cool,compressorCoolOff,,Sleep,78,62,75.9,55,70.2,0,0,0,0,0,,76.6,55,75.2,0,
2025-07-23,01:35:00,cool,compressorCoolOff,,Sleep,78,62,75.9,55,70.2,0,0,0,0,0,,76.6,55,75.2,0,
2025-07-23,01:40:00,cool,compressorCoolOff,,Sleep,78,62,75.9,55,70.2,0,0,0,0,0,,76.7,55,75.2,0,
2025-07-23,01:45:00,cool,compressorCoolOff,,Sleep,78,62,75.9,55,70.2,0,0,0,0,0,,76.7,55,75.2,0,
2025-07-23,01:50:00,cool,compressorCoolOff,,Sleep,78,62,75.9,55,70.2,0,0,0,0,0,,76.7,55,75.2,0,
2025-07-23,01:55:00,cool,compressorCoolOff,,Sleep,78,62,76,56,70.2,0,0,0,0,0,,76.7,56,75.4,0,
2025-07-23,02:00:00,cool,compressorCoolOff,,Sleep,78,62,76,57,69.9,0,0,0,0,0,,76.7,57,75.4,0,
2025-07-23,02:05:00,cool,compressorCoolOff,,Sleep,78,62,76,57,69.9,0,0,0,0,0,,76.7,57,75.4,0,
2025-07-23,02:10:00,cool,compressorCoolOff,,Sleep,78,62,76,57,69.9,0,0,0,0,0,,76.7,57,75.4,0,
2025-07-23,02:15:00,cool,compressorCoolOff,,Sleep,78,62,76,57,69.9,0,0,0,0,0,,76.7,57,75.4,0,
2025-07-23,02:20:00,cool,compressorCoolOff,,Sleep,78,62,76,57,69.9,0,0,0,0,0,,76.7,57,75.4,0,
2025-07-23,02:25:00,cool,compressorCoolOff,,Sleep,78,62,76,57,69.9,0,0,0,0,0,,76.7,57,75.4,0,
2025-07-23,02:30:00,cool,compressorCoolOff,,Sleep,78,62,76.1,57,69.9,0,0,0,0,0,,76.8,57,75.4,0,
2025-07-23,02:35:00,cool,compressorCoolOff,,Sleep,78,62,76.1,57,69.9,0,0,0,0,0,,76.8,57,75.4,0,
2025-07-23,02:40:00,cool,compressorCoolOff,,Sleep,78,62,76.1,57,69.9,0,0,0,0,0,,76.8,57,75.4,0,
2025-07-23,02:45:00,cool,compressorCoolOff,,Sleep,78,62,76.1,57,69.9,0,0,0,0,0,,76.8,57,75.4,0,
2025-07-23,02:50:00,cool,compressorCoolOff,,Sleep,78,62,76.1,57,69.9,0,0,0,0,0,,76.8,57,75.4,0,
2025-07-23,02:55:00,cool,compressorCoolOff,,Sleep,78,62,76.1,57,69.9,0,0,0,0,0,,76.8,57,75.4,0,
2025-07-23,03:00:00,cool,compressorCoolOff,,Sleep,78,62,76.1,57,69.7,0,0,0,0,0,,76.8,57,75.4,0,
2025-07-23,03:05:00,cool,compressorCoolOff,,Sleep,78,62,76.1,57,69.7,0,0,0,0,0,,76.8,57,75.4,0,
2025-07-23,03:10:00,cool,compressorCoolOff,,Sleep,78,62,76.1,57,69.7,0,0,0,0,0,,76.8,57,75.4,0,
2025-07-23,03:15:00,cool,compressorCoolOff,,Sleep,78,62,76.1,57,69.7,0,0,0,0,0,,76.8,57,75.4,0,
2025-07-23,03:20:00,cool,compressorCoolOff,,Sleep,78,62,76.1,57,69.7,0,0,0,0,0,,76.8,57,75.4,0,
2025-07-23,03:25:00,cool,compressorCoolOff,,Sleep,78,62,76.1,57,69.7,0,0,0,0,0,,76.8,57,75.4,0,
2025-07-23,03:30:00,cool,compressorCoolOff,,Sleep,78,62,76.1,57,69.7,0,0,0,0,0,,76.8,57,75.4,0,
2025-07-23,03:35:00,cool,compressorCoolOff,,Sleep,78,62,76.1,57,69.7,0,0,0,0,0,,76.8,57,75.4,0,
2025-07-23,03:40:00,cool,compressorCoolOff,,Sleep,78,62,76.1,57,69.7,0,0,0,0,0,,76.8,57,75.4,0,
2025-07-23,03:45:00,cool,compressorCoolOff,,Sleep,78,62,76.1,57,69.7,0,0,0,0,0,,76.8,57,75.4,0,
2025-07-23,03:50:00,cool,compressorCoolOff,,Sleep,78,62,76.1,57,69.7,0,0,0,0,0,,76.8,57,75.4,0,
2025-07-23,03:55:00,cool,compressorCoolOff,,Sleep,78,62,76.1,57,69.7,0,0,0,0,0,,76.8,57,75.4,0,
2025-07-23,04:00:00,cool,compressorCoolOff,,Sleep,78,62,76.1,57,69.2,0,0,0,0,0,,76.8,57,75.4,0,
2025-07-23,04:05:00,cool,compressorCoolOff,,Sleep,78,62,76.1,57,69.2,0,0,0,0,0,,76.8,57,75.4,0,
2025-07-23,04:10:00,cool,compressorCoolOff,,Sleep,78,62,76.1,57,69.2,0,0,0,0,0,,76.8,57,75.4,0,
2025-07-23,04:15:00,cool,compressorCoolOff,,Sleep,78,62,76.2,57,69.2,0,0,0,0,0,,76.8,57,75.4,0,
2025-07-23,04:20:00,cool,compressorCoolOff,,Sleep,78,62,76.8,57,69.2,0,0,0,0,0,,76.8,57,,0,
2025-07-23,04:25:00,cool,compressorCoolOff,,Sleep,78,62,76.8,57,69.2,0,0,0,0,0,,76.8,57,,0,
2025-07-23,04:30:00,cool,compressorCoolOff,,Sleep,78,62,76.8,57,69.2,0,0,0,0,0,,76.8,57,,0,
2025-07-23,04:35:00,cool,compressorCoolOff,,Sleep,78,62,76.8,57,69.2,0,0,0,0,0,,76.8,57,,0,
2025-07-23,04:40:00,cool,compressorCoolOff,,Sleep,78,62,76.7,57,69.2,0,0,0,0,0,,76.8,57,75.4,0,
2025-07-23,04:45:00,cool,compressorCoolOff,,Sleep,78,62,76.6,57,69.2,0,0,0,0,0,,76.8,57,75.4,0,
2025-07-23,04:50:00,cool,compressorCoolOff,,Sleep,78,62,76.5,57,69.2,0,0,0,0,0,,76.9,57,75.4,0,
2025-07-23,04:55:00,cool,compressorCoolOff,,Sleep,78,62,76.3,57,69.2,0,0,0,0,0,,76.9,57,75.4,0,
2025-07-23,05:00:00,cool,compressorCoolOff,,Sleep,78,62,76.2,57,68.7,0,0,0,0,0,,76.9,57,75.4,0,
2025-07-23,05:05:00,cool,compressorCoolOff,,Sleep,78,62,76.2,57,68.7,0,0,0,0,0,,76.9,57,75.4,0,
2025-07-23,05:10:00,cool,compressorCoolOff,,Sleep,78,62,76.1,57,68.7,0,0,0,0,0,,76.9,57,75.4,0,
2025-07-23,05:15:00,cool,compressorCoolOff,,Sleep,78,62,76.1,57,68.7,0,0,0,0,0,,76.9,57,75.4,0,
2025-07-23,05:20:00,cool,compressorCoolOff,,Sleep,78,62,76.1,58,68.7,0,0,0,0,0,,76.9,58,75.4,0,
2025-07-23,05:25:00,cool,compressorCoolOff,,Sleep,78,62,76.1,58,68.7,0,0,0,0,0,,76.8,58,75.4,0,
2025-07-23,05:30:00,cool,compressorCoolOff,,Sleep,78,62,76.1,58,68.7,0,0,0,0,0,,76.8,58,75.4,0,
2025-07-23,05:35:00,cool,compressorCoolOff,,Sleep,78,62,76.1,58,68.7,0,0,0,0,0,,76.8,58,75.4,0,
2025-07-23,05:40:00,cool,compressorCoolOff,,Sleep,78,62,76.1,58,68.7,0,0,0,0,0,,76.8,58,75.4,0,
2025-07-23,05:45:00,cool,compressorCoolOff,,Sleep,78,62,76.1,58,68.7,0,0,0,0,0,,76.8,58,75.4,0,
2025-07-23,05:50:00,cool,compressorCoolOff,,Sleep,78,62,76.1,58,68.7,0,0,0,0,0,,76.9,58,75.4,0,
2025-07-23,05:55:00,cool,compressorCoolOff,,Sleep,78,62,76.1,58,68.7,0,0,0,0,0,,76.9,58,75.4,0,
2025-07-23,06:00:00,cool,compressorCoolOff,,Sleep,78,62,76,58,68.6,0,0,0,0,0,,76.8,58,75.2,0,
2025-07-23,06:05:00,cool,compressorCoolOff,,Sleep,78,62,76,58,68.6,0,0,0,0,0,,76.8,58,75.2,0,
2025-07-23,06:10:00,cool,compressorCoolOff,,Sleep,78,62,76,58,68.6,0,0,0,0,0,,76.8,58,75.2,0,
2025-07-23,06:15:00,cool,compressorCoolOff,,Sleep,78,62,76,58,68.6,0,0,0,0,0,,76.8,58,75.2,0,
2025-07-23,06:20:00,cool,compressorCoolOff,,Sleep,78,62,76.1,58,68.6,0,0,0,0,0,,76.8,58,75.4,0,
2025-07-23,06:25:00,cool,compressorCoolOff,,Sleep,78,62,76.1,58,68.6,0,0,0,0,0,,76.8,58,75.4,0,
2025-07-23,06:30:00,cool,compressorCoolOff,,Sleep,78,62,76.1,58,69.6,0,0,0,0,0,,76.9,58,75.4,0,
2025-07-23,06:35:00,cool,compressorCoolOff,,Sleep,78,62,76.1,58,69.6,0,0,0,0,0,,76.9,58,75.4,0,
2025-07-23,06:40:00,cool,compressorCoolOff,,Sleep,78,62,76.1,58,69.6,0,0,0,0,0,,76.9,58,75.4,0,
2025-07-23,06:45:00,cool,compressorCoolOff,,Sleep,78,62,76.1,58,69.6,0,0,0,0,0,,76.9,58,75.4,0,
2025-07-23,06:50:00,cool,compressorCoolOff,,Sleep,78,62,76.1,58,69.6,0,0,0,0,0,,76.8,58,75.4,0,
2025-07-23,06:55:00,cool,compressorCoolOff,,Sleep,78,62,76.3,58,69.6,0,0,0,0,0,,76.9,58,75.4,0,
2025-07-23,07:00:00,cool,compressorCoolOff,,Sleep,78,62,76.9,58,70.1,0,0,0,0,0,,76.9,58,,0,
2025-07-23,07:05:00,cool,compressorCoolOff,,Sleep,78,62,76.9,58,70.1,0,0,0,0,0,,76.9,58,,0,
2025-07-23,07:10:00,cool,compressorCoolOff,,Sleep,78,62,76.9,58,70.1,0,0,0,0,0,,76.9,58,,0,
2025-07-23,07:15:00,cool,compressorCoolOff,,Sleep,78,62,76.8,58,70.1,0,0,0,0,0,,76.9,58,75.4,0,
2025-07-23,07:20:00,cool,compressorCoolOff,,Sleep,78,62,76.6,58,70.1,0,0,0,0,0,,76.9,58,75.4,0,
2025-07-23,07:25:00,cool,compressorCoolOff,,Sleep,78,62,76.5,58,70.1,0,0,0,0,0,,76.9,58,75.4,0,
2025-07-23,07:30:00,cool,compressorCoolOff,,Sleep,78,62,76.3,57,70.1,0,0,0,0,0,,76.8,57,75.4,0,
2025-07-23,07:35:00,cool,compressorCoolOff,,Sleep,78,62,76.1,57,70.1,0,0,0,0,0,,76.7,57,75.4,0,
2025-07-23,07:40:00,cool,compressorCoolOff,,Sleep,78,62,76,57,70.1,0,0,0,0,0,,76.7,57,75.4,0,
2025-07-23,07:45:00,cool,compressorCoolOff,,Sleep,78,62,76,58,70.1,0,0,0,0,0,,76.7,58,75.4,0,
2025-07-23,07:50:00,cool,compressorCoolOff,,Sleep,78,62,76,58,70.1,0,0,0,0,0,,76.7,58,75.4,0,
2025-07-23,07:55:00,cool,compressorCoolOff,,Sleep,77.2,65.2,76,58,70.1,0,0,0,0,0,,76.7,58,75.4,0,
2025-07-23,08:00:00,cool,compressorCoolOff,,Home,76,70,76.1,58,73.4,0,0,0,0,0,,76.8,58,75.4,0,
2025-07-23,08:05:00,cool,compressorCoolOff,,Home,76,70,76.1,58,73.4,0,0,0,0,0,,76.8,58,75.4,0,
2025-07-23,08:10:00,cool,compressorCoolOff,,Home,76,70,76.1,58,73.4,0,0,0,0,0,,76.8,58,75.4,0,
2025-07-23,08:15:00,cool,compressorCoolOff,,Home,76,70,76.1,58,73.4,0,0,0,0,0,,76.8,58,75.4,0,
2025-07-23,08:20:00,cool,compressorCoolOff,,Home,76,70,76.6,57,73.4,0,255,0,0,255,,76.8,57,75.4,0,
2025-07-23,08:25:00,cool,compressorCoolStage1On,,Home,76,70,76.6,56,73.4,0,300,0,0,300,,76.6,56,,0,
2025-07-23,08:30:00,cool,compressorCoolStage1On,,Home,76,70,76.2,54,73.4,0,225,0,0,270,,76.3,54,75.1,0,
2025-07-23,08:35:00,cool,compressorCoolOff,,Home,76,70,75.8,54,73.4,0,0,0,0,0,,76,54,75.1,0,
2025-07-23,08:40:00,cool,compressorCoolOff,,Home,76,70,75.8,55,73.4,0,0,0,0,0,,76.1,55,75.1,0,
2025-07-23,08:45:00,cool,compressorCoolOff,,Home,76,70,75.8,55,73.4,0,0,0,0,0,,76.3,55,75.1,0,
2025-07-23,08:50:00,cool,compressorCoolOff,,Home,76,70,75.7,55,73.4,0,0,0,0,0,,76.4,55,75,0,
2025-07-23,08:55:00,cool,compressorCoolOff,,Home,76,70,75.7,55,73.4,0,0,0,0,0,,76.5,55,74.9,0,
2025-07-23,09:00:00,cool,compressorCoolOff,,Home,76,70,75.7,56,75.4,0,0,0,0,0,,76.6,56,74.9,0,
2025-07-23,09:05:00,cool,compressorCoolOff,,Home,76,70,75.7,57,75.4,0,0,0,0,0,,76.6,57,74.9,0,
2025-07-23,09:10:00,cool,compressorCoolOff,,Home,76,70,75.8,57,75.4,0,0,0,0,0,,76.7,57,74.9,0,
2025-07-23,09:15:00,cool,compressorCoolOff,,Home,76,70,75.8,57,75.4,0,0,0,0,0,,76.7,57,74.9,0,
2025-07-23,09:20:00,cool,compressorCoolOff,,Home,76,70,75.8,57,75.4,0,0,0,0,0,,76.8,57,74.9,0,
2025-07-23,09:25:00,cool,compressorCoolOff,,Home,76,70,75.8,58,75.4,0,0,0,0,0,,76.8,58,74.9,0,
2025-07-23,09:30:00,cool,compressorCoolOff,,Home,76,70,76.4,58,76,0,150,0,0,150,,76.9,58,74.9,0,
2025-07-23,09:35:00,cool,compressorCoolStage1On,,Home,76,70,76.8,56,76,0,300,0,0,300,,76.8,56,,0,
2025-07-23,09:40:00,cool,compressorCoolStage1On,,Home,76,70,76.6,54,76,0,300,0,0,300,,76.6,54,,0,
2025-07-23,09:45:00,cool,compressorCoolStage1On,,Home,76,70,76.4,53,76,0,300,0,0,300,,76.4,53,,0,
2025-07-23,09:50:00,cool,compressorCoolStage1On,,Home,76,70,76.1,53,76,0,210,0,0,255,,76.1,53,,0,
2025-07-23,09:55:00,cool,compressorCoolOff,,Home,76,70,76,53,76,0,0,0,0,0,,76,53,,0,
2025-07-23,10:00:00,cool,compressorCoolOff,,Home,76,70,76.1,54,77,0,0,0,0,0,,76.1,54,,0,
2025-07-23,10:05:00,cool,compressorCoolOff,,Home,76,70,76.3,54,77,0,0,0,0,0,,76.3,54,74.5,0,
2025-07-23,10:10:00,cool,compressorCoolOff,,Home,76,70,76.2,54,77,0,0,0,0,0,,76.4,54,74.5,0,
2025-07-23,10:15:00,cool,compressorCoolOff,,Home,76,70,76,55,77,0,0,0,0,0,,76.5,55,74.5,0,
2025-07-23,10:20:00,cool,compressorCoolOff,,Home,76,70,76.1,55,77,0,0,0,0,0,,76.6,55,75,0,
2025-07-23,10:25:00,cool,compressorCoolOff,,Home,76,70,76,56,77,0,0,0,0,0,,76.7,56,75.1,0,
2025-07-23,10:30:00,cool,compressorCoolOff,,Home,76,70,76,57,78.9,0,0,0,0,0,,76.8,57,75.1,0,
2025-07-23,10:35:00,cool,compressorCoolOff,,Home,76,70,75.9,56,78.9,0,0,0,0,0,,76.8,56,75.1,0,
2025-07-23,10:40:00,cool,compressorCoolOff,,Home,76,70,76,56,78.9,0,0,0,0,0,,76.9,56,75.1,0,
2025-07-23,10:45:00,cool,compressorCoolOff,,Home,76,70,76,56,78.9,0,0,0,0,0,,76.9,56,75.1,0,
2025-07-23,10:50:00,cool,compressorCoolOff,,Home,76,70,76,56,78.9,0,0,0,0,0,,77,56,75.1,0,
2025-07-23,10:55:00,cool,compressorCoolOff,,Home,76,70,76,56,78.9,0,0,0,0,0,,77,56,75.1,0,
2025-07-23,11:00:00,cool,compressorCoolOff,,Home,76,70,76.8,55,79.9,0,285,0,0,285,,76.9,55,75.1,0,
2025-07-23,11:05:00,cool,compressorCoolStage1On,,Home,76,70,76.7,54,79.9,0,300,0,0,300,,76.7,54,,0,
2025-07-23,11:10:00,cool,compressorCoolStage1On,,Home,76,70,76.4,53,79.9,0,300,0,0,300,,76.4,53,,0,
2025-07-23,11:15:00,cool,compressorCoolStage1On,,Home,76,70,76,53,79.9,0,180,0,0,225,,76,53,,0,
2025-07-23,11:20:00,cool,compressorCoolOff,,Home,76,70,76,53,79.9,0,0,0,0,0,,76,53,,0,
2025-07-23,11:25:00,cool,compressorCoolOff,,Home,76,70,76.2,54,79.9,0,0,0,0,0,,76.2,54,,0,
2025-07-23,11:30:00,cool,compressorCoolOff,,Home,76,70,76.4,54,79.9,0,90,0,0,90,,76.4,54,,0,
2025-07-23,11:35:00,cool,compressorCoolStage1On,,Home,76,70,76.3,53,79.9,0,300,0,0,300,,76.5,53,74.7,0,
2025-07-23,11:40:00,cool,compressorCoolStage1On,,Home,76,70,75.9,53,79.9,0,135,0,0,180,,76.3,53,74.7,0,
2025-07-23,11:45:00,cool,compressorCoolOff,,Home,76,70,75.7,53,79.9,0,0,0,0,0,,76.2,53,74.7,0,
2025-07-23,11:50:00,cool,compressorCoolOff,,Home,76,70,75.7,54,79.9,0,0,0,0,0,,76.3,54,74.7,0,
2025-07-23,11:55:00,cool,compressorCoolOff,,Home,76,70,75.7,54,79.9,0,0,0,0,0,,76.4,54,74.7,0,
2025-07-23,12:00:00,cool,compressorCoolOff,,Home,76,70,75.6,54,82.8,0,0,0,0,0,,76.6,54,74.7,0,
2025-07-23,12:05:00,cool,compressorCoolOff,,Home,76,70,75.6,54,82.8,0,0,0,0,0,,76.7,54,74.7,0,
2025-07-23,12:10:00,cool,compressorCoolOff,,Home,76,70,75.7,55,82.8,0,0,0,0,0,,76.8,55,74.7,0,
2025-07-23,12:15:00,cool,compressorCoolOff,,Home,76,70,76.5,55,82.8,0,240,0,0,240,,76.8,55,74.7,0,
2025-07-23,12:20:00,cool,compressorCoolStage1On,,Home,76,70,76.7,53,82.8,0,300,0,0,300,,76.7,53,,0,
2025-07-23,12:25:00,cool,compressorCoolStage1On,,Home,76,70,76.4,51,82.8,0,300,0,0,300,,76.4,51,,0,
2025-07-23,12:30:00,cool,compressorCoolStage1On,,Home,76,70,76,51,82.8,0,120,0,0,165,,76,51,,0,
2025-07-23,12:35:00,cool,compressorCoolOff,,Home,76,70,75.9,52,82.8,0,0,0,0,0,,75.9,52,,0,
2025-07-23,12:40:00,cool,compressorCoolOff,,Home,76,70,76.1,52,82.8,0,0,0,0,0,,76.1,52,,0,
2025-07-23,12:45:00,cool,compressorCoolOff,,Home,76,70,76.3,52,82.8,0,0,0,0,0,,76.3,52,,0,
2025-07-23,12:50:00,cool,compressorCoolOff,,Home,76,70,76.4,52,82.8,0,165,0,0,165,,76.4,52,,0,
2025-07-23,12:55:00,cool,compressorCoolStage1On,,Home,76,70,76.4,51,82.8,0,300,0,0,300,,76.4,51,,0,
2025-07-23,13:00:00,cool,compressorCoolStage1On,,Home,76,70,76.1,51,84.2,0,195,0,0,240,,76.1,51,,0,
2025-07-23,13:05:00,cool,compressorCoolOff,,Home,76,70,75.8,51,84.2,0,0,0,0,0,,75.8,51,,0,
2025-07-23,13:10:00,cool,compressorCoolOff,,Home,76,70,76,52,84.2,0,0,0,0,0,,76,52,,0,
2025-07-23,13:15:00,cool,compressorCoolOff,,Home,76,70,76.1,52,84.2,0,0,0,0,0,,76.1,52,,0,
2025-07-23,13:20:00,cool,compressorCoolOff,,Home,76,70,76.2,52,84.2,0,0,0,0,0,,76.2,52,,0,
2025-07-23,13:25:00,cool,compressorCoolOff,,Home,76,70,76,53,84.2,0,0,0,0,0,,76.2,53,74.1,0,
2025-07-23,13:30:00,cool,compressorCoolOff,,Home,76,70,75.8,54,84.2,0,0,0,0,0,,76.3,54,74.1,0,
2025-07-23,13:35:00,cool,compressorCoolOff,,Home,76,70,75.7,54,84.2,0,0,0,0,0,,76.4,54,74.1,0,
2025-07-23,13:40:00,cool,compressorCoolOff,,Home,76,70,75.6,54,84.2,0,0,0,0,0,,76.5,54,74.1,0,
2025-07-23,13:45:00,cool,compressorCoolOff,,Home,76,70,75.4,55,84.2,0,0,0,0,0,,76.6,55,74.1,0,
2025-07-23,13:50:00,cool,compressorCoolOff,,Home,76,70,75.4,55,84.2,0,0,0,0,0,,76.7,55,74.1,0,
2025-07-23,13:55:00,cool,compressorCoolOff,,Home,76,70,75.3,55,84.2,0,0,0,0,0,,76.7,55,74.1,0,
2025-07-23,14:00:00,cool,compressorCoolOff,,Home,76,70,75.4,55,85.4,0,0,0,0,0,,76.8,55,74.1,0,
2025-07-23,14:05:00,cool,compressorCoolOff,,Home,76,70,76.7,54,85.4,0,270,0,0,270,,76.8,54,74.4,0,
2025-07-23,14:10:00,cool,compressorCoolStage1On,,Home,76,70,76.6,53,85.4,0,300,0,0,300,,76.8,53,75.1,0,
2025-07-23,14:15:00,cool,compressorCoolStage1On,,Home,76,70,76.1,52,85.4,0,210,0,0,255,,76.4,52,75.1,0,
2025-07-23,14:20:00,cool,compressorCoolOff,,Home,76,70,75.7,51,85.4,0,0,0,0,0,,76.1,51,75.1,0,
2025-07-23,14:25:00,cool,compressorCoolOff,,Home,76,70,75.3,53,85.4,0,0,0,0,0,,76.1,53,74.3,0,
2025-07-23,14:30:00,cool,compressorCoolOff,,Home,76,70,75.2,53,85.7,0,0,0,0,0,,76.1,53,74.1,0,
2025-07-23,14:35:00,cool,compressorCoolOff,,Home,76,70,75.1,54,85.7,0,0,0,0,0,,76.2,54,74.1,0,
2025-07-23,14:40:00,cool,compressorCoolOff,,Home,76,70,75.2,54,85.7,0,0,0,0,0,,76.3,54,74.1,0,
2025-07-23,14:45:00,cool,compressorCoolOff,,Home,76,70,75.3,54,85.7,0,0,0,0,0,,76.5,54,74.1,0,
2025-07-23,14:50:00,cool,compressorCoolOff,,Home,76,70,75.3,54,85.7,0,0,0,0,0,,76.6,54,74.1,0,
2025-07-23,14:55:00,cool,compressorCoolOff,,Home,76,70,75.4,54,85.7,0,0,0,0,0,,76.8,54,74.1,0,
2025-07-23,15:00:00,cool,compressorCoolOff,,Home,76,70,75.5,55,86.1,0,0,0,0,0,,76.9,55,74.1,0,
2025-07-23,15:05:00,cool,compressorCoolOff,,Home,76,70,76.6,55,86.1,0,225,0,0,225,,76.9,55,74.1,0,
2025-07-23,15:10:00,cool,compressorCoolStage1On,,Home,76,70,76.8,54,86.1,0,300,0,0,300,,76.9,54,75.6,0,
2025-07-23,15:15:00,cool,compressorCoolStage1On,,Home,76,70,76.4,52,86.1,0,300,0,0,300,,76.7,52,75.4,0,
2025-07-23,15:20:00,cool,compressorCoolStage1On,,Home,76,70,76,51,86.1,0,150,0,0,195,,76.3,51,75.4,0,
2025-07-23,15:25:00,cool,compressorCoolOff,,Home,76,70,75.8,51,86.1,0,0,0,0,0,,76.1,51,75.4,0,
2025-07-23,15:30:00,cool,compressorCoolOff,,Home,76,70,75.7,53,86.1,0,0,0,0,0,,76.2,53,75.1,0,
2025-07-23,15:35:00,cool,compressorCoolOff,,Home,76,70,75.7,54,86.1,0,0,0,0,0,,76.5,54,74.9,0,
2025-07-23,15:40:00,cool,compressorCoolOff,,Home,76,70,75.8,54,86.1,0,0,0,0,0,,76.7,54,74.9,0,
2025-07-23,15:45:00,cool,compressorCoolOff,,Home,76,70,76,54,86.1,0,0,0,0,0,,76.9,54,75.2,0,
2025-07-23,15:50:00,cool,compressorCoolOff,,Home,76,70,76.1,54,86.1,0,0,0,0,0,,77,54,75.2,0,
2025-07-23,15:55:00,cool,compressorCoolOff,,Home,76,70,76.3,54,86.1,0,0,0,0,0,,77.1,54,75.6,0,
2025-07-23,16:00:00,cool,compressorCoolOff,,Home,76,70,76.3,54,86.1,0,0,0,0,0,,77,54,75.6,0,
2025-07-23,16:05:00,cool,compressorCoolOff,,Home,76,70,76.4,55,86.1,0,255,0,0,255,,76.9,55,75.9,0,
2025-07-23,16:10:00,cool,compressorCoolStage1On,,Home,76,70,76.3,54,86.1,0,300,0,0,300,,76.7,54,76,0,
2025-07-23,16:15:00,cool,compressorCoolStage1On,,Home,76,70,76.1,52,86.1,0,300,0,0,300,,76.4,52,76,0,
2025-07-23,16:20:00,cool,compressorCoolStage1On,,Home,76,70,75.7,52,86.1,0,90,0,0,135,,76.1,52,75.5,0,
2025-07-23,16:25:00,cool,compressorCoolOff,,Home,76,70,75.6,52,86.1,0,0,0,0,0,,76.1,52,75.1,0,
2025-07-23,16:30:00,cool,compressorCoolOff,,Home,76,70,75.7,52,86.1,0,0,0,0,0,,76.3,52,75.1,0,
2025-07-23,16:35:00,cool,compressorCoolOff,,Home,76,70,75.8,52,86.1,0,0,0,0,0,,76.5,52,75.1,0,
2025-07-23,16:40:00,cool,compressorCoolOff,,Home,76,70,75.9,53,86.1,0,0,0,0,0,,76.7,53,75.2,0,
2025-07-23,16:45:00,cool,compressorCoolOff,,Home,76,70,76,54,86.1,0,0,0,0,0,,76.9,54,75.2,0,
2025-07-23,16:50:00,cool,compressorCoolOff,,Home,76,70,76.1,54,86.1,0,0,0,0,0,,77,54,75.2,0,
2025-07-23,16:55:00,cool,compressorCoolOff,,Home,76,70,76.1,54,86.1,0,0,0,0,0,,77,54,75.2,0,
2025-07-23,17:00:00,cool,compressorCoolOff,,Home,76,70,76.1,54,85.6,0,0,0,0,0,,77.1,54,75.2,0,
2025-07-23,17:05:00,cool,compressorCoolOff,,Home,76,70,76.1,54,85.6,0,0,0,0,0,,77,54,75.2,0,
2025-07-23,17:10:00,cool,compressorCoolOff,,Home,76,70,76.1,54,85.6,0,0,0,0,0,,77,54,75.2,0,
2025-07-23,17:15:00,cool,compressorCoolOff,,Home,76,70,76.1,54,85.6,0,60,0,0,60,,76.9,54,75.2,0,
2025-07-23,17:20:00,cool,compressorCoolStage1On,,Home,76,70,76.9,54,85.6,0,300,0,0,300,,76.9,54,76,0,
2025-07-23,17:25:00,cool,compressorCoolStage1On,,Home,76,70,76.7,52,85.6,0,300,0,0,300,,76.8,52,76,0,
2025-07-23,17:30:00,cool,compressorCoolStage1On,,Home,76,70,76.4,51,85.1,0,300,0,0,300,,76.6,51,76,0,
2025-07-23,17:35:00,cool,compressorCoolStage1On,,Home,76,70,76.2,51,85.1,0,300,0,0,300,,76.4,51,76,0,
2025-07-23,17:40:00,cool,compressorCoolStage1On,,Home,76,70,76,50,85.1,0,255,0,0,300,,76.2,50,76,0,
2025-07-23,17:45:00,cool,compressorCoolOff,,Home,76,70,76,50,85.1,0,0,0,0,0,,76.1,50,76,0,
2025-07-23,17:50:00,cool,compressorCoolOff,,Home,76,70,75.4,52,85.1,0,0,0,0,0,,76.3,52,74.6,0,
2025-07-23,17:55:00,cool,compressorCoolOff,,Home,76,70,75.3,52,85.1,0,0,0,0,0,,76.5,52,74.3,0,
2025-07-23,18:00:00,cool,compressorCoolOff,,Home,76,70,75.4,52,84.5,0,0,0,0,0,,76.6,52,74.3,0,
2025-07-23,18:05:00,cool,compressorCoolOff,,Home,76,70,75.5,52,84.5,0,0,0,0,0,,76.7,52,74.3,0,
2025-07-23,18:10:00,cool,compressorCoolOff,,Home,76,70,75.4,52,84.5,0,0,0,0,0,,76.6,52,74.3,0,
2025-07-23,18:15:00,cool,compressorCoolOff,,Home,76,70,75.4,53,84.5,0,0,0,0,0,,76.6,53,74.3,0,
2025-07-23,18:20:00,cool,compressorCoolOff,,Home,76,70,75.5,54,84.5,0,0,0,0,0,,76.7,54,74.3,0,
2025-07-23,18:25:00,cool,compressorCoolOff,,Home,76,70,75.6,54,84.5,0,0,0,0,0,,76.9,54,74.3,0,
2025-07-23,18:30:00,cool,compressorCoolOff,,Home,76,70,76.7,54,84.5,0,240,0,0,240,,77,54,74.3,0,
2025-07-23,18:35:00,cool,compressorCoolStage1On,,Home,76,70,77,52,84.5,0,300,0,0,300,,77,52,,0,
2025-07-23,18:40:00,cool,compressorCoolStage1On,,Home,76,70,76.8,51,84.5,0,300,0,0,300,,76.8,51,,0,
2025-07-23,18:45:00,cool,compressorCoolStage1On,,Home,76,70,76.4,51,84.5,0,300,0,0,300,,76.4,51,,0,
2025-07-23,18:50:00,cool,compressorCoolStage1On,,Home,76,70,76.1,50,84.5,0,225,0,0,270,,76.1,50,,0,
2025-07-23,18:55:00,cool,compressorCoolOff,,Home,76,70,75.9,50,84.5,0,0,0,0,0,,75.9,50,,0,
2025-07-23,19:00:00,cool,compressorCoolOff,,Home,76,70,75.9,51,84.5,0,0,0,0,0,,75.9,51,,0,
2025-07-23,19:05:00,cool,compressorCoolOff,,Home,76,70,76.2,52,84.5,0,0,0,0,0,,76.2,52,,0,
2025-07-23,19:10:00,cool,compressorCoolOff,,Home,76,70,76.4,52,84.5,0,105,0,0,105,,76.4,52,,0,
2025-07-23,19:15:00,cool,compressorCoolStage1On,,Home,76,70,76.5,51,84.5,0,300,0,0,300,,76.5,51,,0,
2025-07-23,19:20:00,cool,compressorCoolStage1On,,Home,76,70,76.4,50,84.5,0,300,0,0,300,,76.4,50,,0,
2025-07-23,19:25:00,cool,compressorCoolStage1On,,Home,76,70,76.1,50,84.5,0,240,0,0,285,,76.1,50,,0,
2025-07-23,19:30:00,cool,compressorCoolOff,,Home,76,70,75.9,50,84.5,0,0,0,0,0,,75.9,50,,0,
2025-07-23,19:35:00,cool,compressorCoolOff,,Home,76,70,75.9,51,84.5,0,0,0,0,0,,75.9,51,,0,
2025-07-23,19:40:00,cool,compressorCoolOff,,Home,76,70,75.9,51,84.5,0,0,0,0,0,,75.9,51,,0,
2025-07-23,19:45:00,cool,compressorCoolOff,,Home,76,70,76,51,84.5,0,0,0,0,0,,76,51,,0,
2025-07-23,19:50:00,cool,compressorCoolOff,,Home,76,70,76.2,52,84.5,0,0,0,0,0,,76.2,52,,0,
2025-07-23,19:55:00,cool,compressorCoolOff,,Home,76,70,76.3,52,84.5,0,0,0,0,0,,76.3,52,75.1,0,
2025-07-23,20:00:00,cool,compressorCoolOff,,Home,76,70,76.2,52,79.5,0,0,0,0,0,,76.4,52,75.1,0,
2025-07-23,20:05:00,cool,compressorCoolOff,,Home,76,70,76.1,52,79.5,0,0,0,0,0,,76.5,52,75.1,0,
2025-07-23,20:10:00,cool,compressorCoolOff,,Home,76,70,76,52,79.5,0,0,0,0,0,,76.6,52,75.1,0,
2025-07-23,20:15:00,cool,compressorCoolOff,,Home,76,70,76.1,54,79.5,0,0,0,0,0,,76.6,54,75.3,0,
2025-07-23,20:20:00,cool,compressorCoolOff,,Home,76,70,76,54,79.5,0,0,0,0,0,,76.7,54,75.4,0,
2025-07-23,20:25:00,cool,compressorCoolOff,,Home,76,70,76,54,79.5,0,0,0,0,0,,76.7,54,75.4,0,
2025-07-23,20:30:00,cool,compressorCoolOff,,Home,76,70,76.1,54,79.5,0,0,0,0,0,,76.8,54,75.4,0,
2025-07-23,20:35:00,cool,compressorCoolOff,,Home,76,70,76.1,54,79.5,0,0,0,0,0,,76.8,54,75.4,0,
2025-07-23,20:40:00,cool,compressorCoolOff,,Home,76,70,76.1,54,79.5,0,0,0,0,0,,76.8,54,75.4,0,
2025-07-23,20:45:00,cool,compressorCoolOff,,Home,76,70,76.1,54,79.5,0,0,0,0,0,,76.8,54,75.4,0,
2025-07-23,20:50:00,cool,compressorCoolOff,,Home,76,70,76.1,54,79.5,0,0,0,0,0,,76.9,54,75.4,0,
2025-07-23,20:55:00,cool,compressorCoolOff,,Home,76,70,76.8,54,79.5,0,285,0,0,285,,76.9,54,75.4,0,
2025-07-23,21:00:00,cool,compressorCoolStage1On,,Home,76,70,76.8,52,77.5,0,300,0,0,300,,76.8,52,,0,
2025-07-23,21:05:00,cool,compressorCoolStage1On,,Home,76,70,76.4,51,77.5,0,300,0,0,300,,76.5,51,75.8,0,
2025-07-23,21:10:00,cool,compressorCoolStage1On,,Home,76,70,76,50,77.5,0,165,0,0,210,,76.1,50,75.8,0,
2025-07-23,21:15:00,cool,compressorCoolOff,,Home,76,70,75.9,51,77.5,0,0,0,0,0,,76,51,75.8,0,
2025-07-23,21:20:00,cool,compressorCoolOff,,Home,76,70,76,52,77.5,0,0,0,0,0,,76.2,52,75.8,0,
2025-07-23,21:25:00,cool,compressorCoolOff,,Home,76,70,76,52,77.5,0,0,0,0,0,,76.3,52,75.8,0,
2025-07-23,21:30:00,cool,compressorCoolOff,,Home,76,70,76.1,52,77.5,0,0,0,0,0,,76.5,52,75.8,0,
2025-07-23,21:35:00,cool,compressorCoolOff,,Home,76,70,76.1,52,77.5,0,0,0,0,0,,76.5,52,75.8,0,
2025-07-23,21:40:00,cool,compressorCoolOff,,Home,76,70,76.2,52,77.5,0,0,0,0,0,,76.6,52,75.8,0,
2025-07-23,21:45:00,cool,compressorCoolOff,,Home,76,70,76.6,53,77.5,0,270,0,0,270,,76.6,53,75.8,0,
2025-07-23,21:50:00,cool,compressorCoolStage1On,,Home,76,70,76.5,51,77.5,0,300,0,0,300,,76.5,51,,0,
2025-07-23,21:55:00,cool,compressorCoolStage1On,,Home,76,70,76,50,77.5,0,165,0,0,210,,76.1,50,75.1,0,
2025-07-23,22:00:00,cool,compressorCoolOff,,Home,76,70,75.6,51,75.8,0,0,0,0,0,,75.9,51,74.7,0,
2025-07-23,22:05:00,cool,compressorCoolOff,,Home,76,70,75.6,51,75.8,0,0,0,0,0,,76,51,74.7,0,
2025-07-23,22:10:00,cool,compressorCoolOff,,Home,76,70,75.6,51,75.8,0,0,0,0,0,,76.2,51,74.7,0,
2025-07-23,22:15:00,cool,compressorCoolOff,,Home,76,70,75.6,52,75.8,0,0,0,0,0,,76.3,52,74.7,0,
2025-07-23,22:20:00,cool,compressorCoolOff,,Home,76,70,75.6,52,75.8,0,0,0,0,0,,76.4,52,74.9,0,
2025-07-23,22:25:00,cool,compressorCoolOff,,Home,76,70,75.7,52,75.8,0,0,0,0,0,,76.4,52,74.9,0,
2025-07-23,22:30:00,cool,compressorCoolOff,,Home,76,70,75.8,52,75.8,0,0,0,0,0,,76.5,52,75.2,0,
2025-07-23,22:35:00,cool,compressorCoolOff,,Home,76,70,75.8,52,75.8,0,0,0,0,0,,76.5,52,75.2,0,
2025-07-23,22:40:00,cool,compressorCoolOff,,Home,76,70,75.8,53,75.8,0,0,0,0,0,,76.5,53,75.2,0,
2025-07-23,22:45:00,cool,compressorCoolOff,,Home,76,70,75.9,54,75.8,0,0,0,0,0,,76.6,54,75.2,0,
2025-07-23,22:50:00,cool,compressorCoolOff,,Home,76,70,75.9,54,75.8,0,0,0,0,0,,76.6,54,75.2,0,
2025-07-23,22:55:00,cool,compressorCoolOff,,Home,76,70,75.9,54,75.8,0,0,0,0,0,,76.6,54,75.2,0,
2025-07-23,23:00:00,cool,compressorCoolOff,,Home,76,70,75.9,54,74.6,0,0,0,0,0,,76.7,54,75.2,0,
2025-07-23,23:05:00,cool,compressorCoolOff,,Home,76,70,76,54,74.6,0,0,0,0,0,,76.7,54,75.4,0,
2025-07-23,23:10:00,cool,compressorCoolOff,,Home,76,70,76.1,54,74.6,0,0,0,0,0,,76.7,54,75.6,0,
2025-07-23,23:15:00,cool,compressorCoolOff,,Home,76,70,76.1,54,74.6,0,0,0,0,0,,76.7,54,75.6,0,
2025-07-23,23:20:00,cool,compressorCoolOff,,Home,76,70,76.1,55,74.6,0,0,0,0,0,,76.7,55,75.6,0,
2025-07-23,23:25:00,cool,compressorCoolOff,,Home,76,70,76.2,55,74.6,0,0,0,0,0,,76.8,55,75.6,0,
2025-07-23,23:30:00,cool,compressorCoolOff,,Home,76,70,76.3,55,74.1,0,0,0,0,0,,76.8,55,75.8,0,
2025-07-23,23:35:00,cool,compressorCoolOff,,Home,76,70,76.3,55,74.1,0,0,0,0,0,,76.8,55,75.8,0,
2025-07-23,23:40:00,cool,compressorCoolOff,,Home,76,70,76.3,55,74.1,0,0,0,0,0,,76.8,55,75.8,0,
2025-07-23,23:45:00,cool,compressorCoolOff,,Home,76,70,76.3,55,74.1,0,0,0,0,0,,76.8,55,75.8,0,
2025-07-23,23:50:00,cool,compressorCoolOff,,Home,76,70,76.3,55,74.1,0,0,0,0,0,,76.8,55,75.8,0,
2025-07-23,23:55:00,cool,compressorCoolOff,,Home,76.7,67.2,76.3,55,74.1,0,0,0,0,0,,76.8,55,75.8,0,
2025-07-24,00:00:00,cool,compressorCoolOff,,Sleep,78,62,76.3,55,73.6,0,0,0,0,0,,76.9,55,75.8,0,
2025-07-24,00:05:00,cool,compressorCoolOff,,Sleep,78,62,76.3,55,73.6,0,0,0,0,0,,76.9,55,75.8,0,
2025-07-24,00:10:00,cool,compressorCoolOff,,Sleep,78,62,76.3,55,73.6,0,0,0,0,0,,76.8,55,75.8,0,
2025-07-24,00:15:00,cool,compressorCoolOff,,Sleep,78,62,76.3,54,73.6,0,0,0,0,0,,76.8,54,75.8,0,
2025-07-24,00:20:00,cool,compressorCoolOff,,Sleep,78,62,76.3,56,73.6,0,0,0,0,0,,76.8,56,75.8,0,
2025-07-24,00:25:00,cool,compressorCoolOff,,Sleep,78,62,76.4,56,73.6,0,0,0,0,0,,76.8,56,76,0,
2025-07-24,00:30:00,cool,compressorCoolOff,,Sleep,78,62,76.4,55,73.6,0,0,0,0,0,,76.8,55,76,0,
2025-07-24,00:35:00,cool,compressorCoolOff,,Sleep,78,62,76.4,55,73.6,0,0,0,0,0,,76.9,55,76,0,
2025-07-24,00:40:00,cool,compressorCoolOff,,Sleep,78,62,76.4,55,73.6,0,0,0,0,0,,76.9,55,76,0,
2025-07-24,00:45:00,cool,compressorCoolOff,,Sleep,78,62,76.4,55,73.6,0,0,0,0,0,,76.9,55,76,0,
2025-07-24,00:50:00,cool,compressorCoolOff,,Sleep,78,62,76.5,55,73.6,0,0,0,0,0,,77,55,76.1,0,
2025-07-24,00:55:00,cool,compressorCoolOff,,Sleep,78,62,76.6,55,73.6,0,0,0,0,0,,77,55,76.2,0,
2025-07-24,01:00:00,cool,compressorCoolOff,,Sleep,78,62,76.6,56,72.6,0,0,0,0,0,,77,56,76.2,0,
2025-07-24,01:05:00,cool,compressorCoolOff,,Sleep,78,62,76.6,57,72.6,0,0,0,0,0,,77,57,76.2,0,
2025-07-24,01:10:00,cool,compressorCoolOff,,Sleep,78,62,76.6,57,72.6,0,0,0,0,0,,77,57,76.2,0,
2025-07-24,01:15:00,cool,compressorCoolOff,,Sleep,78,62,76.6,57,72.6,0,0,0,0,0,,77,57,76.2,0,
2025-07-24,01:20:00,cool,compressorCoolOff,,Sleep,78,62,76.6,57,72.6,0,0,0,0,0,,77,57,76.2,0,
2025-07-24,01:25:00,cool,compressorCoolOff,,Sleep,78,62,76.6,57,72.6,0,0,0,0,0,,77,57,76.2,0,
2025-07-24,01:30:00,cool,compressorCoolOff,,Sleep,78,62,76.6,57,72.6,0,0,0,0,0,,77,57,76.2,0,
2025-07-24,01:35:00,cool,compressorCoolOff,,Sleep,78,62,76.6,57,72.6,0,0,0,0,0,,77,57,76.2,0,
2025-07-24,01:40:00,cool,compressorCoolOff,,Sleep,78,62,76.6,57,72.6,0,0,0,0,0,,77,57,76.2,0,
2025-07-24,01:45:00,cool,compressorCoolOff,,Sleep,78,62,76.6,57,72.6,0,0,0,0,0,,77.1,57,76.2,0,
2025-07-24,01:50:00,cool,compressorCoolOff,,Sleep,78,62,76.6,57,72.6,0,0,0,0,0,,77.1,57,76.2,0,
2025-07-24,01:55:00,cool,compressorCoolOff,,Sleep,78,62,76.6,57,72.6,0,0,0,0,0,,77.1,57,76.2,0,
2025-07-24,02:00:00,cool,compressorCoolOff,,Sleep,78,62,77.1,57,71.9,0,0,0,0,0,,77.1,57,,0,
2025-07-24,02:05:00,cool,compressorCoolOff,,Sleep,78,62,77.1,57,71.9,0,0,0,0,0,,77.1,57,,0,
2025-07-24,02:10:00,cool,compressorCoolOff,,Sleep,78,62,77.1,57,71.9,0,0,0,0,0,,77.1,57,,0,
2025-07-24,02:15:00,cool,compressorCoolOff,,Sleep,78,62,77.1,57,71.9,0,0,0,0,0,,77.1,57,,0,
2025-07-24,02:20:00,cool,compressorCoolOff,,Sleep,78,62,77.1,57,71.9,0,0,0,0,0,,77.1,57,,0,
2025-07-24,02:25:00,cool,compressorCoolOff,,Sleep,78,62,77.1,57,71.9,0,0,0,0,0,,77.1,57,,0,
2025-07-24,02:30:00,cool,compressorCoolOff,,Sleep,78,62,77.1,57,71.5,0,0,0,0,0,,77.1,57,,0,
2025-07-24,02:35:00,cool,compressorCoolOff,,Sleep,78,62,77.1,57,71.5,0,0,0,0,0,,77.1,57,,0,
2025-07-24,02:40:00,cool,compressorCoolOff,,Sleep,78,62,77,56,71.5,0,0,0,0,0,,77,56,,0,
2025-07-24,02:45:00,cool,compressorCoolOff,,Sleep,78,62,76.9,55,71.5,0,0,0,0,0,,76.9,55,,0,
2025-07-24,02:50:00,cool,compressorCoolOff,,Sleep,78,62,76.9,55,71.5,0,0,0,0,0,,76.9,55,,0,
2025-07-24,02:55:00,cool,compressorCoolOff,,Sleep,78,62,76.9,56,71.5,0,0,0,0,0,,76.9,56,,0,
2025-07-24,03:00:00,cool,compressorCoolOff,,Sleep,78,62,76.9,57,71.2,0,0,0,0,0,,76.9,57,,0,
2025-07-24,03:05:00,cool,compressorCoolOff,,Sleep,78,62,76.9,57,71.2,0,0,0,0,0,,76.9,57,,0,
2025-07-24,03:10:00,cool,compressorCoolOff,,Sleep,78,62,76.9,57,71.2,0,0,0,0,0,,76.9,57,,0,
2025-07-24,03:15:00,cool,compressorCoolOff,,Sleep,78,62,77,57,71.2,0,0,0,0,0,,77,57,,0,
2025-07-24,03:20:00,cool,compressorCoolOff,,Sleep,78,62,77,57,71.2,0,0,0,0,0,,77,57,,0,
2025-07-24,03:25:00,cool,compressorCoolOff,,Sleep,78,62,77,57,71.2,0,0,0,0,0,,77,57,,0,
2025-07-24,03:30:00,cool,compressorCoolOff,,Sleep,78,62,77,57,71.2,0,0,0,0,0,,77,57,,0,
2025-07-24,03:35:00,cool,compressorCoolOff,,Sleep,78,62,77,57,71.2,0,0,0,0,0,,77,57,,0,
2025-07-24,03:40:00,cool,compressorCoolOff,,Sleep,78,62,77,57,71.2,0,0,0,0,0,,77,57,,0,
2025-07-24,03:45:00,cool,compressorCoolOff,,Sleep,78,62,77.1,57,71.2,0,0,0,0,0,,77.1,57,,0,
2025-07-24,03:50:00,cool,compressorCoolOff,,Sleep,78,62,77,57,71.2,0,0,0,0,0,,77.1,57,76,0,
2025-07-24,03:55:00,cool,compressorCoolOff,,Sleep,78,62,76.9,57,71.2,0,0,0,0,0,,77.1,57,76,0,
2025-07-24,04:00:00,cool,compressorCoolOff,,Sleep,78,62,76.8,57,70.4,0,0,0,0,0,,77.1,57,76,0,
2025-07-24,04:05:00,cool,compressorCoolOff,,Sleep,78,62,76.7,57,70.4,0,0,0,0,0,,77.1,57,76,0,
2025-07-24,04:10:00,cool,compressorCoolOff,,Sleep,78,62,76.6,57,70.4,0,0,0,0,0,,77.1,57,76,0,
2025-07-24,04:15:00,cool,compressorCoolOff,,Sleep,78,62,76.5,57,70.4,0,0,0,0,0,,77.1,57,76,0,
2025-07-24,04:20:00,cool,compressorCoolOff,,Sleep,78,62,76.5,57,70.4,0,0,0,0,0,,77.1,57,76,0,
2025-07-24,04:25:00,cool,compressorCoolOff,,Sleep,78,62,76.5,57,70.4,0,0,0,0,0,,77.1,57,76,0,
2025-07-24,04:30:00,cool,compressorCoolOff,,Sleep,78,62,76.5,57,70.4,0,0,0,0,0,,77.1,57,76,0,
2025-07-24,04:35:00,cool,compressorCoolOff,,Sleep,78,62,77.1,57,70.4,0,0,0,0,0,,77.1,57,,0,
2025-07-24,04:40:00,cool,compressorCoolOff,,Sleep,78,62,77.1,57,70.4,0,0,0,0,0,,77.1,57,,0,
2025-07-24,04:45:00,cool,compressorCoolOff,,Sleep,78,62,77.1,58,70.4,0,0,0,0,0,,77.1,58,,0,
2025-07-24,04:50:00,cool,compressorCoolOff,,Sleep,78,62,77.1,58,70.4,0,0,0,0,0,,77.1,58,,0,
2025-07-24,04:55:00,cool,compressorCoolOff,,Sleep,78,62,76.9,58,70.4,0,0,0,0,0,,77.1,58,76,0,
2025-07-24,05:00:00,cool,compressorCoolOff,,Sleep,78,62,76.8,58,69.8,0,0,0,0,0,,77.1,58,76,0,
2025-07-24,05:05:00,cool,compressorCoolOff,,Sleep,78,62,76.7,57,69.8,0,0,0,0,0,,77,57,76,0,
2025-07-24,05:10:00,cool,compressorCoolOff,,Sleep,78,62,76.5,56,69.8,0,0,0,0,0,,76.9,56,76,0,
2025-07-24,05:15:00,cool,compressorCoolOff,,Sleep,78,62,76.3,55,69.8,0,0,0,0,0,,76.7,55,76,0,
2025-07-24,05:20:00,cool,compressorCoolOff,,Sleep,78,62,76.2,55,69.8,0,0,0,0,0,,76.6,55,76,0,
2025-07-24,05:25:00,cool,compressorCoolOff,,Sleep,78,62,76.3,55,69.8,0,0,0,0,0,,76.6,55,76,0,
2025-07-24,05:30:00,cool,compressorCoolOff,,Sleep,78,62,76.3,55,69.5,0,0,0,0,0,,76.7,55,76,0,
2025-07-24,05:35:00,cool,compressorCoolOff,,Sleep,78,62,76.8,56,69.5,0,0,0,0,0,,76.8,56,,0,
2025-07-24,05:40:00,cool,compressorCoolOff,,Sleep,78,62,76.8,57,69.5,0,0,0,0,0,,76.8,57,,0,
2025-07-24,05:45:00,cool,compressorCoolOff,,Sleep,78,62,76.9,57,69.5,0,0,0,0,0,,76.9,57,,0,
2025-07-24,05:50:00,cool,compressorCoolOff,,Sleep,78,62,76.9,57,69.5,0,0,0,0,0,,76.9,57,,0,
2025-07-24,05:55:00,cool,compressorCoolOff,,Sleep,78,62,76.9,57,69.5,0,0,0,0,0,,76.9,57,,0,
2025-07-24,06:00:00,cool,compressorCoolOff,,Sleep,78,62,76.9,57,69.5,0,0,0,0,0,,76.9,57,,0,
2025-07-24,06:05:00,cool,compressorCoolOff,,Sleep,78,62,76.9,57,69.5,0,0,0,0,0,,76.9,57,,0,
2025-07-24,06:10:00,cool,compressorCoolOff,,Sleep,78,62,76.9,57,69.5,0,0,0,0,0,,76.9,57,,0,
2025-07-24,06:15:00,cool,compressorCoolOff,,Sleep,78,62,76.9,57,69.5,0,0,0,0,0,,76.9,57,,0,
2025-07-24,06:20:00,cool,compressorCoolOff,,Sleep,78,62,76.9,57,69.5,0,0,0,0,0,,76.9,57,,0,
2025-07-24,06:25:00,cool,compressorCoolOff,,Sleep,78,62,76.9,57,69.5,0,0,0,0,0,,76.9,57,,0,
2025-07-24,06:30:00,cool,compressorCoolOff,,Sleep,78,62,76.9,57,69.7,0,0,0,0,0,,76.9,57,,0,
2025-07-24,06:35:00,cool,compressorCoolOff,,Sleep,78,62,76.9,57,69.7,0,0,0,0,0,,76.9,57,,0,
2025-07-24,06:40:00,cool,compressorCoolOff,,Sleep,78,62,76.9,57,69.7,0,0,0,0,0,,76.9,57,,0,
2025-07-24,06:45:00,cool,compressorCoolOff,,Sleep,78,62,76.9,58,69.7,0,0,0,0,0,,76.9,58,,0,
2025-07-24,06:50:00,cool,compressorCoolOff,,Sleep,78,62,76.9,58,69.7,0,0,0,0,0,,76.9,58,,0,
2025-07-24,06:55:00,cool,compressorCoolOff,,Sleep,78,62,76.9,58,69.7,0,0,0,0,0,,76.9,58,,0,
2025-07-24,07:00:00,cool,compressorCoolOff,,Sleep,78,62,76.9,58,70.5,0,0,0,0,0,,76.9,58,76,0,
2025-07-24,07:05:00,cool,compressorCoolOff,,Sleep,78,62,76.8,58,70.5,0,0,0,0,0,,77,58,76,0,
2025-07-24,07:10:00,cool,compressorCoolOff,,Sleep,78,62,76.7,58,70.5,0,0,0,0,0,,77,58,76,0,
2025-07-24,07:15:00,cool,compressorCoolOff,,Sleep,78,62,76.6,58,70.5,0,0,0,0,0,,77,58,76,0,
2025-07-24,07:20:00,cool,compressorCoolOff,,Sleep,78,62,76.5,58,70.5,0,0,0,0,0,,77,58,76,0,
2025-07-24,07:25:00,cool,compressorCoolOff,,Sleep,78,62,76.5,58,70.5,0,0,0,0,0,,77,58,76,0,
2025-07-24,07:30:00,cool,compressorCoolOff,,Sleep,78,62,76.4,58,72.1,0,0,0,0,0,,77,58,76,0,
2025-07-24,07:35:00,cool,compressorCoolOff,,Sleep,78,62,76.5,58,72.1,0,0,0,0,0,,77,58,76,0,
2025-07-24,07:40:00,cool,compressorCoolOff,,Sleep,78,62,76.5,58,72.1,0,0,0,0,0,,77,58,76,0,
2025-07-24,07:45:00,cool,compressorCoolOff,,Sleep,78,62,76.5,58,72.1,0,0,0,0,0,,77,58,76,0,
2025-07-24,07:50:00,cool,compressorCoolOff,,Sleep,78,62,76.5,58,72.1,0,0,0,0,0,,77,58,76,0,
2025-07-24,07:55:00,cool,compressorCoolOff,,Sleep,77.3,64.8,76.5,58,72.1,0,105,0,0,105,,77,58,76,0,
2025-07-24,08:00:00,cool,compressorCoolStage1On,,Home,76,70,76.4,57,73.5,0,300,0,0,300,,76.9,57,76,0,
2025-07-24,08:05:00,cool,compressorCoolStage1On,,Home,76,70,76.3,55,73.5,0,300,0,0,300,,76.7,55,76,0,
2025-07-24,08:10:00,cool,compressorCoolStage1On,,Home,76,70,76.1,53,73.5,0,300,0,0,300,,76.3,53,76,0,
2025-07-24,08:15:00,cool,compressorCoolOff,,Home,76,70,75.9,53,73.5,0,0,0,0,45,,76,53,76,0,
2025-07-24,08:20:00,cool,compressorCoolOff,,Home,76,70,75.9,54,73.5,0,0,0,0,0,,76,54,76,0,
2025-07-24,08:25:00,cool,compressorCoolOff,,Home,76,70,76,54,73.5,0,0,0,0,0,,76.2,54,76,0,
2025-07-24,08:30:00,cool,compressorCoolOff,,Home,76,70,76.1,54,73.5,0,0,0,0,0,,76.3,54,76,0,
2025-07-24,08:35:00,cool,compressorCoolOff,,Home,76,70,76,54,73.5,0,0,0,0,0,,76.4,54,75.5,0,
2025-07-24,08:40:00,cool,compressorCoolOff,,Home,76,70,75.7,55,73.5,0,0,0,0,0,,76.5,55,74.9,0,
2025-07-24,08:45:00,cool,compressorCoolOff,,Home,76,70,75.7,55,73.5,0,0,0,0,0,,76.6,55,74.9,0,
2025-07-24,08:50:00,cool,compressorCoolOff,,Home,76,70,75.7,55,73.5,0,0,0,0,0,,76.6,55,74.9,0,
2025-07-24,08:55:00,cool,compressorCoolOff,,Home,76,70,75.8,55,73.5,0,0,0,0,0,,76.7,55,74.9,0,
2025-07-24,09:00:00,cool,compressorCoolOff,,Home,76,70,75.8,56,76.4,0,0,0,0,0,,76.7,56,74.9,0,
2025-07-24,09:05:00,cool,compressorCoolOff,,Home,76,70,76,57,76.4,0,0,0,0,0,,76.7,57,75.4,0,
2025-07-24,09:10:00,cool,compressorCoolOff,,Home,76,70,76.1,57,76.4,0,0,0,0,0,,76.7,57,75.6,0,
2025-07-24,09:15:00,cool,compressorCoolOff,,Home,76,70,76.2,57,76.4,0,0,0,0,0,,76.8,57,75.6,0,
2025-07-24,09:20:00,cool,compressorCoolOff,,Home,76,70,76.2,57,76.4,0,0,0,0,0,,76.8,57,75.6,0,
2025-07-24,09:25:00,cool,compressorCoolOff,,Home,76,70,76.2,57,76.4,0,0,0,0,0,,76.8,57,75.6,0,
2025-07-24,09:30:00,cool,compressorCoolOff,,Home,76,70,76.2,57,76.4,0,0,0,0,0,,76.8,57,75.6,0,
2025-07-24,09:35:00,cool,compressorCoolOff,,Home,76,70,76.2,56,76.4,0,0,0,0,0,,76.9,56,75.6,0,
2025-07-24,09:40:00,cool,compressorCoolOff,,Home,76,70,76.2,56,76.4,0,0,0,0,0,,76.9,56,75.6,0,
2025-07-24,09:45:00,cool,compressorCoolStage1On,,Home,76,70,76.5,57,76.4,0,300,0,0,300,,76.9,57,76.2,0,
2025-07-24,09:50:00,cool,compressorCoolStage1On,,Home,76,70,76.4,55,76.4,0,300,0,0,300,,76.8,55,76.2,0,
2025-07-24,09:55:00,cool,compressorCoolStage1On,,Home,76,70,76,54,76.4,0,75,0,0,120,,76.5,54,75.6,0,
2025-07-24,10:00:00,cool,compressorCoolOff,,Home,76,70,75.9,54,79,0,0,0,0,0,,76.4,54,75.4,0,
2025-07-24,10:05:00,cool,compressorCoolOff,,Home,76,70,75.9,55,79,0,0,0,0,0,,76.5,55,75.4,0,
2025-07-24,10:10:00,cool,compressorCoolOff,,Home,76,70,76,55,79,0,0,0,0,0,,76.6,55,75.4,0,
2025-07-24,10:15:00,cool,compressorCoolOff,,Home,76,70,76,55,79,0,0,0,0,0,,76.7,55,75.4,0,
2025-07-24,10:20:00,cool,compressorCoolOff,,Home,76,70,76.1,55,79,0,0,0,0,0,,76.8,55,75.4,0,
2025-07-24,10:25:00,cool,compressorCoolOff,,Home,76,70,76.1,56,79,0,0,0,0,0,,76.8,56,75.4,0,
2025-07-24,10:30:00,cool,compressorCoolOff,,Home,76,70,76.1,57,80.4,0,0,0,0,0,,76.9,57,75.4,0,
2025-07-24,10:35:00,cool,compressorCoolOff,,Home,76,70,76.7,56,80.4,0,225,0,0,225,,76.9,56,75.4,0,
2025-07-24,10:40:00,cool,compressorCoolStage1On,,Home,76,70,76.7,54,80.4,0,300,0,0,300,,76.7,54,,0,
2025-07-24,10:45:00,cool,compressorCoolStage1On,,Home,76,70,76.3,53,80.4,0,300,0,0,300,,76.3,53,,0,
2025-07-24,10:50:00,cool,compressorCoolStage1On,,Home,76,70,76,52,80.4,0,135,0,0,180,,76,52,,0,
2025-07-24,10:55:00,cool,compressorCoolOff,,Home,76,70,75.9,53,80.4,0,0,0,0,0,,75.9,53,,0,
2025-07-24,11:00:00,cool,compressorCoolOff,,Home,76,70,76.2,54,81.7,0,0,0,0,0,,76.2,54,,0,
2025-07-24,11:05:00,cool,compressorCoolOff,,Home,76,70,76.3,54,81.7,0,0,0,0,0,,76.4,54,74.5,0,
2025-07-24,11:10:00,cool,compressorCoolOff,,Home,76,70,76.2,54,81.7,0,0,0,0,0,,76.5,54,74.5,0,
2025-07-24,11:15:00,cool,compressorCoolOff,,Home,76,70,76.1,55,81.7,0,0,0,0,0,,76.6,55,74.7,0,
2025-07-24,11:20:00,cool,compressorCoolOff,,Home,76,70,76,55,81.7,0,0,0,0,0,,76.7,55,74.7,0,
2025-07-24,11:25:00,cool,compressorCoolOff,,Home,76,70,75.9,55,81.7,0,0,0,0,0,,76.8,55,74.7,0,
2025-07-24,11:30:00,cool,compressorCoolOff,,Home,76,70,75.8,55,81.7,0,0,0,0,0,,76.8,55,74.7,0,
2025-07-24,11:35:00,cool,compressorCoolOff,,Home,76,70,75.7,55,81.7,0,0,0,0,0,,76.9,55,74.7,0,
2025-07-24,11:40:00,cool,compressorCoolOff,,Home,76,70,75.8,55,81.7,0,0,0,0,0,,77,55,74.7,0,
2025-07-24,11:45:00,cool,compressorCoolOff,,Home,76,70,75.8,56,81.7,0,0,0,0,0,,77,56,74.7,0,
2025-07-24,11:50:00,cool,compressorCoolOff,,Home,76,70,76.1,55,81.7,0,90,0,0,90,,77,55,74.7,0,
2025-07-24,11:55:00,cool,compressorCoolStage1On,,Home,76,70,76.8,54,81.7,0,300,0,0,300,,76.8,54,,0,
2025-07-24,12:00:00,cool,compressorCoolStage1On,,Home,76,70,76.5,52,84.5,0,300,0,0,300,,76.5,52,75.1,0,
2025-07-24,12:05:00,cool,compressorCoolStage1On,,Home,76,70,76,51,84.5,0,180,0,0,225,,76.2,51,75.1,0,
2025-07-24,12:10:00,cool,compressorCoolOff,,Home,76,70,75.8,52,84.5,0,0,0,0,0,,76.1,52,75.1,0,
2025-07-24,12:15:00,cool,compressorCoolOff,,Home,76,70,75.8,53,84.5,0,0,0,0,0,,76.3,53,75.1,0,
2025-07-24,12:20:00,cool,compressorCoolOff,,Home,76,70,75.9,54,84.5,0,0,0,0,0,,76.5,54,75.1,0,
2025-07-24,12:25:00,cool,compressorCoolOff,,Home,76,70,75.9,54,84.5,0,0,0,0,0,,76.6,54,75.1,0,
2025-07-24,12:30:00,cool,compressorCoolOff,,Home,76,70,75.9,54,84.5,0,0,0,0,0,,76.7,54,75.1,0,
2025-07-24,12:35:00,cool,compressorCoolOff,,Home,76,70,75.9,55,84.5,0,0,0,0,0,,76.8,55,74.9,0,
2025-07-24,12:40:00,cool,compressorCoolOff,,Home,76,70,75.9,55,84.5,0,0,0,0,0,,76.9,55,75,0,
2025-07-24,12:45:00,cool,compressorCoolOff,,Home,76,70,76,55,84.5,0,0,0,0,0,,77,55,75.1,0,
2025-07-24,12:50:00,cool,compressorCoolOff,,Home,76,70,76,55,84.5,0,0,0,0,0,,77,55,75.1,0,
2025-07-24,12:55:00,cool,compressorCoolOff,,Home,76,70,76.1,55,84.5,0,0,0,0,0,,77.1,55,75.2,0,
2025-07-24,13:00:00,cool,compressorCoolOff,,Home,76,70,76.2,55,86.8,0,0,0,0,0,,77.2,55,75.2,0,
2025-07-24,13:05:00,cool,compressorCoolOff,,Home,76,70,76.2,55,86.8,0,0,0,0,0,,77.2,55,75.2,0,
2025-07-24,13:10:00,cool,compressorCoolOff,,Home,76,70,76.1,55,86.8,0,0,0,0,0,,77.1,55,75.2,0,
2025-07-24,13:15:00,cool,compressorCoolOff,,Home,76,70,76.1,55,86.8,0,0,0,0,0,,77,55,75.2,0,
2025-07-24,13:20:00,cool,compressorCoolOff,,Home,76,70,76,55,86.8,0,0,0,0,0,,76.9,55,75.2,0,
2025-07-24,13:25:00,cool,compressorCoolOff,,Home,76,70,76,55,86.8,0,0,0,0,0,,76.9,55,75.2,0,
2025-07-24,13:30:00,cool,compressorCoolOff,,Home,76,70,76.6,55,86.8,0,150,0,0,150,,77,55,75.2,0,
2025-07-24,13:35:00,cool,compressorCoolStage1On,,Home,76,70,77,54,86.8,0,300,0,0,300,,77.1,54,76,0,
2025-07-24,13:40:00,cool,compressorCoolStage1On,,Home,76,70,76.7,52,86.8,0,300,0,0,300,,76.9,52,76,0,
2025-07-24,13:45:00,cool,compressorCoolStage1On,,Home,76,70,76.3,51,86.8,0,300,0,0,300,,76.5,51,76,0,
2025-07-24,13:50:00,cool,compressorCoolStage1On,,Home,76,70,76.1,51,86.8,0,300,0,0,300,,76.3,51,76,0,
2025-07-24,13:55:00,cool,compressorCoolStage1On,,Home,76,70,76,51,86.8,0,90,0,0,135,,76.1,51,76,0,
2025-07-24,14:00:00,cool,compressorCoolOff,,Home,76,70,76,52,87.9,0,0,0,0,0,,76.2,52,76,0,
2025-07-24,14:05:00,cool,compressorCoolOff,,Home,76,70,76.1,53,87.9,0,0,0,0,0,,76.3,53,76,0,
2025-07-24,14:10:00,cool,compressorCoolOff,,Home,76,70,76.2,54,87.9,0,0,0,0,0,,76.4,54,76,0,
2025-07-24,14:15:00,cool,compressorCoolOff,,Home,76,70,76.4,54,87.9,0,225,0,0,225,,76.5,54,76,0,
2025-07-24,14:20:00,cool,compressorCoolStage1On,,Home,76,70,76.5,52,87.9,0,300,0,0,300,,76.5,52,,0,
2025-07-24,14:25:00,cool,compressorCoolStage1On,,Home,76,70,76.3,51,87.9,0,300,0,0,300,,76.3,51,,0,
2025-07-24,14:30:00,cool,compressorCoolStage1On,,Home,76,70,76,51,88.7,0,105,0,0,150,,76,51,,0,
2025-07-24,14:35:00,cool,compressorCoolOff,,Home,76,70,76.1,52,88.7,0,0,0,0,0,,76.1,52,,0,
2025-07-24,14:40:00,cool,compressorCoolOff,,Home,76,70,76.3,52,88.7,0,75,0,0,75,,76.3,52,,0,
2025-07-24,14:45:00,cool,compressorCoolStage1On,,Home,76,70,76.5,52,88.7,0,300,0,0,300,,76.5,52,,0,
2025-07-24,14:50:00,cool,compressorCoolStage1On,,Home,76,70,76.3,51,88.7,0,300,0,0,300,,76.3,51,,0,
2025-07-24,14:55:00,cool,compressorCoolStage1On,,Home,76,70,76,51,88.7,0,105,0,0,150,,76,51,,0,
2025-07-24,15:00:00,cool,compressorCoolOff,,Home,76,70,75.9,52,88.9,0,0,0,0,0,,75.9,52,,0,
2025-07-24,15:05:00,cool,compressorCoolOff,,Home,76,70,76,53,88.9,0,0,0,0,0,,76,53,,0,
2025-07-24,15:10:00,cool,compressorCoolOff,,Home,76,70,76.2,54,88.9,0,0,0,0,0,,76.2,54,,0,
2025-07-24,15:15:00,cool,compressorCoolOff,,Home,76,70,76.4,54,88.9,0,225,0,0,225,,76.4,54,,0,
2025-07-24,15:20:00,cool,compressorCoolStage1On,,Home,76,70,76.6,53,88.9,0,300,0,0,300,,76.6,53,,0,
2025-07-24,15:25:00,cool,compressorCoolStage1On,,Home,76,70,76.4,51,88.9,0,300,0,0,300,,76.4,51,,0,
2025-07-24,15:30:00,cool,compressorCoolStage1On,,Home,76,70,76.2,51,88.9,0,300,0,0,300,,76.2,51,,0,
2025-07-24,15:35:00,cool,compressorCoolStage1On,,Home,76,70,76,51,88.9,0,120,0,0,165,,76,51,,0,
2025-07-24,15:40:00,cool,compressorCoolOff,,Home,76,70,75.9,51,88.9,0,0,0,0,0,,75.9,51,,0,
2025-07-24,15:45:00,cool,compressorCoolOff,,Home,76,70,76.1,53,88.9,0,0,0,0,0,,76.1,53,,0,
2025-07-24,15:50:00,cool,compressorCoolOff,,Home,76,70,76.2,54,88.9,0,0,0,0,0,,76.2,54,,0,
2025-07-24,15:55:00,cool,compressorCoolOff,,Home,76,70,76.3,54,88.9,0,0,0,0,0,,76.3,54,,0,
2025-07-24,16:00:00,cool,compressorCoolOff,,Home,76,70,76.4,54,89,0,195,0,0,195,,76.4,54,,0,
2025-07-24,16:05:00,cool,compressorCoolStage1On,,Home,76,70,76.4,53,89,0,300,0,0,300,,76.4,53,,0,
2025-07-24,16:10:00,cool,compressorCoolStage1On,,Home,76,70,76.2,51,89,0,300,0,0,300,,76.2,51,,0,
2025-07-24,16:15:00,cool,compressorCoolStage1On,,Home,76,70,76,51,89,0,120,0,0,165,,76,51,,0,
2025-07-24,16:20:00,cool,compressorCoolOff,,Home,76,70,76,52,89,0,0,0,0,0,,76,52,,0,
2025-07-24,16:25:00,cool,compressorCoolOff,,Home,76,70,76.2,53,89,0,0,0,0,0,,76.2,53,,0,
2025-07-24,16:30:00,cool,compressorCoolOff,,Home,76,70,76.3,53,89,0,0,0,0,0,,76.3,53,,0,
2025-07-24,16:35:00,cool,compressorCoolOff,,Home,76,70,76.3,53,89,0,0,0,0,0,,76.3,53,,0,
2025-07-24,16:40:00,cool,compressorCoolOff,,Home,76,70,76.3,54,89,0,0,0,0,0,,76.3,54,,0,
2025-07-24,16:45:00,cool,compressorCoolOff,,Home,76,70,76.4,54,89,0,150,0,0,150,,76.4,54,,0,
2025-07-24,16:50:00,cool,compressorCoolStage1On,,Home,76,70,76.5,53,89,0,300,0,0,300,,76.5,53,,0,
2025-07-24,16:55:00,cool,compressorCoolStage1On,,Home,76,70,76.3,51,89,0,300,0,0,300,,76.3,51,,0,
2025-07-24,17:00:00,cool,compressorCoolStage1On,,Home,76,70,76.1,51,88.9,0,240,0,0,285,,76.1,51,,0,
2025-07-24,17:05:00,cool,compressorCoolOff,,Home,76,70,76,51,88.9,0,0,0,0,0,,76,51,,0,
2025-07-24,17:10:00,cool,compressorCoolOff,,Home,76,70,76.1,52,88.9,0,0,0,0,0,,76.1,52,,0,
2025-07-24,17:15:00,cool,compressorCoolOff,,Home,76,70,76.3,54,88.9,0,0,0,0,0,,76.3,54,,0,
2025-07-24,17:20:00,cool,compressorCoolOff,,Home,76,70,76.4,54,88.9,0,0,0,0,0,,76.4,54,,0,
2025-07-24,17:25:00,cool,compressorCoolOff,,Home,76,70,76.4,54,88.9,0,0,0,0,0,,76.4,54,,0,
2025-07-24,17:30:00,cool,compressorCoolOff,,Home,76,70,76.4,54,88.5,0,60,0,0,60,,76.4,54,,0,
2025-07-24,17:35:00,cool,compressorCoolStage1On,,Home,76,70,76.5,53,88.5,0,300,0,0,300,,76.5,53,,0,
2025-07-24,17:40:00,cool,compressorCoolStage1On,,Home,76,70,76.4,52,88.5,0,300,0,0,300,,76.4,52,,0,
2025-07-24,17:45:00,cool,compressorCoolStage1On,,Home,76,70,76.2,51,88.5,0,300,0,0,300,,76.2,51,,0,
2025-07-24,17:50:00,cool,compressorCoolStage1On,,Home,76,70,75.9,50,88.5,0,60,0,0,105,,75.9,50,,0,
2025-07-24,17:55:00,cool,compressorCoolOff,,Home,76,70,76,52,88.5,0,0,0,0,0,,76,52,,0,
2025-07-24,18:00:00,cool,compressorCoolOff,,Home,76,70,76.2,52,88.1,0,0,0,0,0,,76.2,52,,0,
2025-07-24,18:05:00,cool,compressorCoolOff,,Home,76,70,76.2,53,88.1,0,0,0,0,0,,76.4,53,74.3,0,
2025-07-24,18:10:00,cool,compressorCoolOff,,Home,76,70,75.9,54,88.1,0,0,0,0,0,,76.4,54,74.3,0,
2025-07-24,18:15:00,cool,compressorCoolOff,,Home,76,70,75.8,54,88.1,0,0,0,0,0,,76.4,54,74.3,0,
2025-07-24,18:20:00,cool,compressorCoolOff,,Home,76,70,75.7,55,88.1,0,0,0,0,0,,76.6,55,74.3,0,
2025-07-24,18:25:00,cool,compressorCoolOff,,Home,76,70,75.6,55,88.1,0,0,0,0,0,,76.7,55,74.3,0,
2025-07-24,18:30:00,cool,compressorCoolOff,,Home,76,70,75.7,55,88.1,0,0,0,0,0,,76.8,55,74.6,0,
2025-07-24,18:35:00,cool,compressorCoolOff,,Home,76,70,76.1,55,88.1,0,0,0,0,0,,76.9,55,75.4,0,
2025-07-24,18:40:00,cool,compressorCoolOff,,Home,76,70,76.2,55,88.1,0,0,0,0,0,,77,55,75.4,0,
2025-07-24,18:45:00,cool,compressorCoolOff,,Home,76,70,76.2,55,88.1,0,0,0,0,0,,77,55,75.4,0,
2025-07-24,18:50:00,cool,compressorCoolOff,,Home,76,70,76.1,55,88.1,0,0,0,0,0,,76.9,55,75.4,0,
2025-07-24,18:55:00,cool,compressorCoolOff,,Home,76,70,76.2,55,88.1,0,0,0,0,0,,77,55,75.4,0,
2025-07-24,19:00:00,cool,compressorCoolOff,,Home,76,70,76.2,55,88.1,0,0,0,0,0,,77,55,75.4,0,
2025-07-24,19:05:00,cool,compressorCoolOff,,Home,76,70,76.2,55,88.1,0,0,0,0,0,,77.1,55,75.4,0,
2025-07-24,19:10:00,cool,compressorCoolOff,,Home,76,70,76.6,55,88.1,0,105,0,0,105,,77.2,55,75.4,0,
2025-07-24,19:15:00,cool,compressorCoolStage1On,,Home,76,70,77.3,54,88.1,0,300,0,0,300,,77.3,54,,0,
2025-07-24,19:20:00,cool,compressorCoolStage1On,,Home,76,70,77.1,52,88.1,0,300,0,0,300,,77.1,52,,0,
2025-07-24,19:25:00,cool,compressorCoolStage1On,,Home,76,70,76.7,52,88.1,0,300,0,0,300,,76.7,52,,0,
2025-07-24,19:30:00,cool,compressorCoolStage1On,,Home,76,70,76.4,51,88.1,0,300,0,0,300,,76.4,51,,0,
2025-07-24,19:35:00,cool,compressorCoolStage1On,,Home,76,70,76.2,50,88.1,0,300,0,0,300,,76.2,50,,0,
2025-07-24,19:40:00,cool,compressorCoolStage1On,,Home,76,70,76,50,88.1,0,60,0,0,105,,76,50,,0,
2025-07-24,19:45:00,cool,compressorCoolOff,,Home,76,70,76.1,52,88.1,0,0,0,0,0,,76.1,52,,0,
2025-07-24,19:50:00,cool,compressorCoolOff,,Home,76,70,76.4,52,88.1,0,120,0,0,120,,76.4,52,,0,
2025-07-24,19:55:00,cool,compressorCoolStage1On,,Home,76,70,76.5,51,88.1,0,300,0,0,300,,76.5,51,,0,
2025-07-24,20:00:00,cool,compressorCoolStage1On,,Home,76,70,76.3,50,83.1,0,300,0,0,300,,76.4,50,74.9,0,
2025-07-24,20:05:00,cool,compressorCoolOff,,Home,76,70,75.8,50,83.1,0,0,0,0,45,,76.1,50,74.9,0,
2025-07-24,20:10:00,cool,compressorCoolOff,,Home,76,70,75.8,52,83.1,0,0,0,0,0,,76.1,52,74.9,0,
2025-07-24,20:15:00,cool,compressorCoolOff,,Home,76,70,75.7,53,83.1,0,0,0,0,0,,76.3,53,74.9,0,
2025-07-24,20:20:00,cool,compressorCoolOff,,Home,76,70,75.7,53,83.1,0,0,0,0,0,,76.3,53,74.9,0,
2025-07-24,20:25:00,cool,compressorCoolOff,,Home,76,70,75.6,53,83.1,0,0,0,0,0,,76.4,53,74.9,0,
2025-07-24,20:30:00,cool,compressorCoolOff,,Home,76,70,75.7,54,83.1,0,0,0,0,0,,76.5,54,74.9,0,
2025-07-24,20:35:00,cool,compressorCoolOff,,Home,76,70,75.7,54,83.1,0,0,0,0,0,,76.6,54,74.9,0,
2025-07-24,20:40:00,cool,compressorCoolOff,,Home,76,70,76.4,54,83.1,0,195,0,0,195,,76.8,54,74.9,0,
2025-07-24,20:45:00,cool,compressorCoolStage1On,,Home,76,70,76.7,52,83.1,0,300,0,0,300,,76.7,52,,0,
2025-07-24,20:50:00,cool,compressorCoolStage1On,,Home,76,70,76.5,51,83.1,0,300,0,0,300,,76.5,51,,0,
2025-07-24,20:55:00,cool,compressorCoolStage1On,,Home,76,70,76.3,50,83.1,0,300,0,0,300,,76.3,50,,0,
2025-07-24,21:00:00,cool,compressorCoolStage1On,,Home,76,70,76,50,80.8,0,195,0,0,240,,76,50,,0,
2025-07-24,21:05:00,cool,compressorCoolOff,,Home,76,70,75.9,50,80.8,0,0,0,0,0,,75.9,50,,0,
2025-07-24,21:10:00,cool,compressorCoolOff,,Home,76,70,76.1,51,80.8,0,0,0,0,0,,76.1,51,,0,
2025-07-24,21:15:00,cool,compressorCoolOff,,Home,76,70,76.3,51,80.8,0,0,0,0,0,,76.3,51,75.4,0,
2025-07-24,21:20:00,cool,compressorCoolOff,,Home,76,70,76.3,52,80.8,0,0,0,0,0,,76.4,52,75.4,0,
2025-07-24,21:25:00,cool,compressorCoolOff,,Home,76,70,76.2,52,80.8,0,0,0,0,0,,76.5,52,75.4,0,
2025-07-24,21:30:00,cool,compressorCoolOff,,Home,76,70,76.3,52,80.1,0,0,0,0,0,,76.6,52,76,0,
2025-07-24,21:35:00,cool,compressorCoolOff,,Home,76,70,76.2,53,80.1,0,0,0,0,0,,76.5,53,76,0,
2025-07-24,21:40:00,cool,compressorCoolOff,,Home,76,70,76.4,54,80.1,0,165,0,0,165,,76.5,54,76.3,0,
2025-07-24,21:45:00,cool,compressorCoolStage1On,,Home,76,70,76.4,53,80.1,0,300,0,0,300,,76.5,53,76.4,0,
2025-07-24,21:50:00,cool,compressorCoolStage1On,,Home,76,70,76.3,51,80.1,0,300,0,0,300,,76.3,51,76.4,0,
2025-07-24,21:55:00,cool,compressorCoolStage1On,,Home,76,70,75.9,50,80.1,0,135,0,0,180,,76,50,75.9,0,
2025-07-24,22:00:00,cool,compressorCoolOff,,Home,76,70,75.7,51,79.3,0,0,0,0,0,,75.9,51,75.6,0,
2025-07-24,22:05:00,cool,compressorCoolOff,,Home,76,70,75.8,51,79.3,0,0,0,0,0,,76.1,51,75.6,0,
2025-07-24,22:10:00,cool,compressorCoolOff,,Home,76,70,75.9,51,79.3,0,0,0,0,0,,76.2,51,75.6,0,
2025-07-24,22:15:00,cool,compressorCoolOff,,Home,76,70,76,52,79.3,0,0,0,0,0,,76.4,52,75.6,0,
2025-07-24,22:20:00,cool,compressorCoolOff,,Home,76,70,76.2,52,79.3,0,0,0,0,0,,76.5,52,76,0,
2025-07-24,22:25:00,cool,compressorCoolOff,,Home,76,70,76.2,52,79.3,0,0,0,0,0,,76.5,52,76,0,
2025-07-24,22:30:00,cool,compressorCoolOff,,Home,76,70,76.4,53,79.3,0,285,0,0,285,,76.6,53,76.3,0,
2025-07-24,22:35:00,cool,compressorCoolStage1On,,Home,76,70,76.4,51,79.3,0,300,0,0,300,,76.5,51,76.4,0,
2025-07-24,22:40:00,cool,compressorCoolStage1On,,Home,76,70,76.2,50,79.3,0,300,0,0,300,,76.1,50,76.4,0,
2025-07-24,22:45:00,cool,compressorCoolStage1On,,Home,76,70,75.6,50,79.3,0,105,0,0,150,,75.8,50,75.5,0,
2025-07-24,22:50:00,cool,compressorCoolOff,,Home,76,70,75.4,51,79.3,0,0,0,0,0,,75.7,51,75.1,0,
2025-07-24,22:55:00,cool,compressorCoolOff,,Home,76,70,75.4,52,79.3,0,0,0,0,0,,75.8,52,75,0,
2025-07-24,23:00:00,cool,compressorCoolOff,,Home,76,70,75.4,52,77.5,0,0,0,0,0,,75.9,52,74.9,0,
2025-07-24,23:05:00,cool,compressorCoolOff,,Home,76,70,75.5,53,77.5,0,0,0,0,0,,76.1,53,74.9,0,
2025-07-24,23:10:00,cool,compressorCoolOff,,Home,76,70,75.7,54,77.5,0,0,0,0,0,,76.2,54,75.2,0,
2025-07-24,23:15:00,cool,compressorCoolOff,,Home,76,70,75.8,54,77.5,0,0,0,0,0,,76.4,54,75.2,0,
2025-07-24,23:20:00,cool,compressorCoolOff,,Home,76,70,75.9,54,77.5,0,0,0,0,0,,76.5,54,75.4,0,
2025-07-24,23:25:00,cool,compressorCoolOff,,Home,76,70,75.9,54,77.5,0,0,0,0,0,,76.5,54,75.4,0,
2025-07-24,23:30:00,cool,compressorCoolOff,,Home,76,70,76,54,77.5,0,0,0,0,0,,76.6,54,75.5,0,
2025-07-24,23:35:00,cool,compressorCoolOff,,Home,76,70,76.1,55,77.5,0,0,0,0,0,,76.6,55,75.6,0,
2025-07-24,23:40:00,cool,compressorCoolOff,,Home,76,70,76.1,55,77.5,0,0,0,0,0,,76.7,55,75.6,0,
2025-07-24,23:45:00,cool,compressorCoolOff,,Home,76,70,76.1,55,77.5,0,0,0,0,0,,76.7,55,75.6,0,
2025-07-24,23:50:00,cool,compressorCoolOff,,Home,76,70,76.1,55,77.5,0,0,0,0,0,,76.7,55,75.6,0,
2025-07-24,23:55:00,cool,compressorCoolOff,,Home,76.7,67.2,76.2,55,77.5,0,0,0,0,0,,76.8,55,75.7,0,
2025-07-25,00:00:00,cool,compressorCoolOff,,Sleep,78,62,76.4,55,76.4,0,0,0,0,0,,76.8,55,76,0,
2025-07-25,00:05:00,cool,compressorCoolOff,,Sleep,78,62,76.4,55,76.4,0,0,0,0,0,,76.8,55,76,0,
2025-07-25,00:10:00,cool,compressorCoolOff,,Sleep,78,62,76.4,55,76.4,0,0,0,0,0,,76.8,55,76,0,
2025-07-25,00:15:00,cool,compressorCoolOff,,Sleep,78,62,76.4,55,76.4,0,0,0,0,0,,76.8,55,76,0,
2025-07-25,00:20:00,cool,compressorCoolOff,,Sleep,78,62,76.4,56,76.4,0,0,0,0,0,,76.9,56,76,0,
2025-07-25,00:25:00,cool,compressorCoolOff,,Sleep,78,62,76.4,57,76.4,0,0,0,0,0,,76.9,57,76,0,
2025-07-25,00:30:00,cool,compressorCoolOff,,Sleep,78,62,76.4,56,76.2,0,0,0,0,0,,76.9,56,76,0,
2025-07-25,00:35:00,cool,compressorCoolOff,,Sleep,78,62,76.5,55,76.2,0,0,0,0,0,,76.8,55,76,0,
2025-07-25,00:40:00,cool,compressorCoolOff,,Sleep,78,62,76.8,55,76.2,0,0,0,0,0,,76.8,55,,0,
2025-07-25,00:45:00,cool,compressorCoolOff,,Sleep,78,62,76.8,55,76.2,0,0,0,0,0,,76.8,55,,0,
2025-07-25,00:50:00,cool,compressorCoolOff,,Sleep,78,62,76.8,55,76.2,0,0,0,0,0,,76.8,55,,0,
2025-07-25,00:55:00,cool,compressorCoolOff,,Sleep,78,62,76.8,55,76.2,0,0,0,0,0,,76.8,55,,0,
2025-07-25,01:00:00,cool,compressorCoolOff,,Sleep,78,62,76.9,55,75.9,0,0,0,0,0,,76.9,55,,0,
2025-07-25,01:05:00,cool,compressorCoolOff,,Sleep,78,62,76.9,55,75.9,0,0,0,0,0,,76.9,55,,0,
2025-07-25,01:10:00,cool,compressorCoolOff,,Sleep,78,62,76.8,55,75.9,0,0,0,0,0,,76.9,55,76.4,0,
2025-07-25,01:15:00,cool,compressorCoolOff,,Sleep,78,62,76.8,56,75.9,0,0,0,0,0,,76.9,56,76.4,0,
2025-07-25,01:20:00,cool,compressorCoolOff,,Sleep,78,62,76.8,57,75.9,0,0,0,0,0,,77,57,76.4,0,
2025-07-25,01:25:00,cool,compressorCoolOff,,Sleep,78,62,76.7,57,75.9,0,0,0,0,0,,77,57,76.4,0,
2025-07-25,01:30:00,cool,compressorCoolOff,,Sleep,78,62,76.7,57,75.9,0,0,0,0,0,,77,57,76.4,0,
2025-07-25,01:35:00,cool,compressorCoolOff,,Sleep,78,62,76.7,57,75.9,0,0,0,0,0,,77,57,76.4,0,
2025-07-25,01:40:00,cool,compressorCoolOff,,Sleep,78,62,76.6,57,75.9,0,0,0,0,0,,77,57,76.4,0,
2025-07-25,01:45:00,cool,compressorCoolOff,,Sleep,78,62,76.7,57,75.9,0,0,0,0,0,,77,57,76.4,0,
2025-07-25,01:50:00,cool,compressorCoolOff,,Sleep,78,62,76.7,57,75.9,0,0,0,0,0,,77,57,76.4,0,
2025-07-25,01:55:00,cool,compressorCoolOff,,Sleep,78,62,76.6,55,75.9,0,0,0,0,0,,76.9,55,76.4,0,
2025-07-25,02:00:00,cool,compressorCoolOff,,Sleep,78,62,76.6,55,75.1,0,0,0,0,0,,76.8,55,76.4,0,
2025-07-25,02:05:00,cool,compressorCoolOff,,Sleep,78,62,76.6,56,75.1,0,0,0,0,0,,76.8,56,76.4,0,
2025-07-25,02:10:00,cool,compressorCoolOff,,Sleep,78,62,76.6,56,75.1,0,0,0,0,0,,76.9,56,76.4,0,
2025-07-25,02:15:00,cool,compressorCoolOff,,Sleep,78,62,76.6,55,75.1,0,0,0,0,0,,76.9,55,76.4,0,
2025-07-25,02:20:00,cool,compressorCoolOff,,Sleep,78,62,76.7,55,75.1,0,0,0,0,0,,77,55,76.4,0,
2025-07-25,02:25:00,cool,compressorCoolOff,,Sleep,78,62,76.7,55,75.1,0,0,0,0,0,,77,55,76.4,0,
2025-07-25,02:30:00,cool,compressorCoolOff,,Sleep,78,62,76.7,56,75.1,0,0,0,0,0,,77,56,76.4,0,
2025-07-25,02:35:00,cool,compressorCoolOff,,Sleep,78,62,76.7,57,75.1,0,0,0,0,0,,77.1,57,76.4,0,
2025-07-25,02:40:00,cool,compressorCoolOff,,Sleep,78,62,76.7,57,75.1,0,0,0,0,0,,77.1,57,76.4,0,
2025-07-25,02:45:00,cool,compressorCoolOff,,Sleep,78,62,76.7,57,75.1,0,0,0,0,0,,77.1,57,76.4,0,
2025-07-25,02:50:00,cool,compressorCoolOff,,Sleep,78,62,76.7,57,75.1,0,0,0,0,0,,77.1,57,76.4,0,
2025-07-25,02:55:00,cool,compressorCoolOff,,Sleep,78,62,76.9,57,75.1,0,0,0,0,0,,77.1,57,76.4,0,
2025-07-25,03:00:00,cool,compressorCoolOff,,Sleep,78,62,77.1,57,74.3,0,0,0,0,0,,77.1,57,,0,
2025-07-25,03:05:00,cool,compressorCoolOff,,Sleep,78,62,77.1,57,74.3,0,0,0,0,0,,77.1,57,,0,
2025-07-25,03:10:00,cool,compressorCoolOff,,Sleep,78,62,77.1,57,74.3,0,0,0,0,0,,77.1,57,,0,
2025-07-25,03:15:00,cool,compressorCoolOff,,Sleep,78,62,77.2,57,74.3,0,0,0,0,0,,77.2,57,,0,
2025-07-25,03:20:00,cool,compressorCoolOff,,Sleep,78,62,77.2,57,74.3,0,0,0,0,0,,77.2,57,,0,
2025-07-25,03:25:00,cool,compressorCoolOff,,Sleep,78,62,77.2,57,74.3,0,0,0,0,0,,77.2,57,,0,
2025-07-25,03:30:00,cool,compressorCoolOff,,Sleep,78,62,77,57,74.1,0,0,0,0,0,,77.1,57,76.4,0,
2025-07-25,03:35:00,cool,compressorCoolOff,,Sleep,78,62,76.8,56,74.1,0,0,0,0,0,,77,56,76.4,0,
2025-07-25,03:40:00,cool,compressorCoolOff,,Sleep,78,62,76.8,56,74.1,0,0,0,0,0,,77,56,76.4,0,
2025-07-25,03:45:00,cool,compressorCoolOff,,Sleep,78,62,76.7,57,74.1,0,0,0,0,0,,77,57,76.4,0,
2025-07-25,03:50:00,cool,compressorCoolOff,,Sleep,78,62,76.7,57,74.1,0,0,0,0,0,,77.1,57,76.4,0,
2025-07-25,03:55:00,cool,compressorCoolOff,,Sleep,78,62,76.7,57,74.1,0,0,0,0,0,,77.1,57,76.4,0,
2025-07-25,04:00:00,cool,compressorCoolOff,,Sleep,78,62,76.7,57,73.9,0,0,0,0,0,,77.1,57,76.4,0,
2025-07-25,04:05:00,cool,compressorCoolOff,,Sleep,78,62,76.7,57,73.9,0,0,0,0,0,,77.1,57,76.4,0,
2025-07-25,04:10:00,cool,compressorCoolOff,,Sleep,78,62,77.2,57,73.9,0,0,0,0,0,,77.2,57,,0,
2025-07-25,04:15:00,cool,compressorCoolOff,,Sleep,78,62,77.2,57,73.9,0,0,0,0,0,,77.2,57,,0,
2025-07-25,04:20:00,cool,compressorCoolOff,,Sleep,78,62,77.2,57,73.9,0,0,0,0,0,,77.2,57,,0,
2025-07-25,04:25:00,cool,compressorCoolOff,,Sleep,78,62,77.2,57,73.9,0,0,0,0,0,,77.2,57,,0,
2025-07-25,04:30:00,cool,compressorCoolOff,,Sleep,78,62,77.2,57,73.9,0,0,0,0,0,,77.2,57,,0,
2025-07-25,04:35:00,cool,compressorCoolOff,,Sleep,78,62,77.2,57,73.9,0,0,0,0,0,,77.2,57,,0,
2025-07-25,04:40:00,cool,compressorCoolOff,,Sleep,78,62,77.2,57,73.9,0,0,0,0,0,,77.2,57,,0,
2025-07-25,04:45:00,cool,compressorCoolOff,,Sleep,78,62,77.2,57,73.9,0,0,0,0,0,,77.2,57,,0,
2025-07-25,04:50:00,cool,compressorCoolOff,,Sleep,78,62,77.2,57,73.9,0,0,0,0,0,,77.2,57,,0,
2025-07-25,04:55:00,cool,compressorCoolOff,,Sleep,78,62,77.3,57,73.9,0,0,0,0,0,,77.3,57,,0,
2025-07-25,05:00:00,cool,compressorCoolOff,,Sleep,78,62,77.3,57,73.6,0,0,0,0,0,,77.3,57,,0,
2025-07-25,05:05:00,cool,compressorCoolOff,,Sleep,78,62,77.3,57,73.6,0,0,0,0,0,,77.3,57,,0,
2025-07-25,05:10:00,cool,compressorCoolOff,,Sleep,78,62,77.3,57,73.6,0,0,0,0,0,,77.3,57,,0,
2025-07-25,05:15:00,cool,compressorCoolOff,,Sleep,78,62,77.3,57,73.6,0,0,0,0,0,,77.3,57,,0,
2025-07-25,05:20:00,cool,compressorCoolOff,,Sleep,78,62,77.3,57,73.6,0,0,0,0,0,,77.3,57,,0,
2025-07-25,05:25:00,cool,compressorCoolOff,,Sleep,78,62,77.2,57,73.6,0,0,0,0,0,,77.2,57,,0,
2025-07-25,05:30:00,cool,compressorCoolOff,,Sleep,78,62,77,57,73.6,0,0,0,0,0,,77,57,,0,
2025-07-25,05:35:00,cool,compressorCoolOff,,Sleep,78,62,77,57,73.6,0,0,0,0,0,,77,57,,0,
2025-07-25,05:40:00,cool,compressorCoolOff,,Sleep,78,62,77.1,57,73.6,0,0,0,0,0,,77.1,57,,0,
2025-07-25,05:45:00,cool,compressorCoolOff,,Sleep,78,62,77.1,57,73.6,0,0,0,0,0,,77.1,57,,0,
2025-07-25,05:50:00,cool,compressorCoolOff,,Sleep,78,62,77.2,57,73.6,0,0,0,0,0,,77.2,57,,0,
2025-07-25,05:55:00,cool,compressorCoolOff,,Sleep,78,62,77.2,57,73.6,0,0,0,0,0,,77.2,57,,0,
2025-07-25,06:00:00,cool,compressorCoolOff,,Sleep,78,62,77.2,57,73.4,0,0,0,0,0,,77.2,57,,0,
2025-07-25,06:05:00,cool,compressorCoolOff,,Sleep,78,62,77.2,57,73.4,0,0,0,0,0,,77.2,57,,0,
2025-07-25,06:10:00,cool,compressorCoolOff,,Sleep,78,62,77.2,57,73.4,0,0,0,0,0,,77.2,57,,0,
2025-07-25,06:15:00,cool,compressorCoolOff,,Sleep,78,62,77.3,57,73.4,0,0,0,0,0,,77.3,57,,0,
2025-07-25,06:20:00,cool,compressorCoolOff,,Sleep,78,62,77.3,57,73.4,0,0,0,0,0,,77.3,57,,0,
2025-07-25,06:25:00,cool,compressorCoolOff,,Sleep,78,62,77.3,57,73.4,0,0,0,0,0,,77.3,57,,0,
2025-07-25,06:30:00,cool,compressorCoolOff,,Sleep,78,62,77.3,57,73.4,0,0,0,0,0,,77.3,57,,0,
2025-07-25,06:35:00,cool,compressorCoolOff,,Sleep,78,62,77.3,57,73.4,0,0,0,0,0,,77.3,57,,0,
2025-07-25,06:40:00,cool,compressorCoolOff,,Sleep,78,62,77.3,57,73.4,0,0,0,0,0,,77.3,57,,0,
2025-07-25,06:45:00,cool,compressorCoolOff,,Sleep,78,62,77.3,57,73.4,0,0,0,0,0,,77.3,57,,0,
2025-07-25,06:50:00,cool,compressorCoolOff,,Sleep,78,62,77.3,57,73.4,0,0,0,0,0,,77.3,57,,0,
2025-07-25,06:55:00,cool,compressorCoolOff,,Sleep,78,62,77.3,57,73.4,0,0,0,0,0,,77.3,57,,0,
2025-07-25,07:00:00,cool,compressorCoolOff,,Sleep,78,62,77.2,57,74.4,0,0,0,0,0,,77.2,57,,0,
2025-07-25,07:05:00,cool,compressorCoolOff,,Sleep,78,62,77.1,57,74.4,0,0,0,0,0,,77.1,57,76.5,0,
2025-07-25,07:10:00,cool,compressorCoolOff,,Sleep,78,62,76.9,57,74.4,0,0,0,0,0,,77.1,57,76.5,0,
2025-07-25,07:15:00,cool,compressorCoolOff,,Sleep,78,62,76.9,57,74.4,0,0,0,0,0,,77.2,57,76.5,0,
2025-07-25,07:20:00,cool,compressorCoolOff,,Sleep,78,62,76.9,58,74.4,0,0,0,0,0,,77.2,58,76.5,0,
2025-07-25,07:25:00,cool,compressorCoolOff,,Sleep,78,62,76.9,57,74.4,0,0,0,0,0,,77.2,57,76.5,0,
2025-07-25,07:30:00,cool,compressorCoolOff,,Sleep,78,62,76.8,57,74.4,0,0,0,0,0,,77.2,57,76.5,0,
2025-07-25,07:35:00,cool,compressorCoolOff,,Sleep,78,62,76.8,58,74.4,0,0,0,0,0,,77.2,58,76.5,0,
2025-07-25,07:40:00,cool,compressorCoolOff,,Sleep,78,62,76.8,57,74.4,0,240,0,0,240,,77.2,57,76.5,0,
2025-07-25,07:45:00,cool,compressorCoolStage1On,(SmartRecovery),Sleep,78,62,76.7,55,74.4,0,300,0,0,300,,77.1,55,76.5,0,
2025-07-25,07:50:00,cool,compressorCoolStage1On,(SmartRecovery),Sleep,78,62,76.6,54,74.4,0,300,0,0,300,,76.8,54,76.5,0,
2025-07-25,07:55:00,cool,compressorCoolStage1On,(SmartRecovery),Sleep,77.4,64.4,76.4,53,74.4,0,300,0,0,300,,76.5,53,76.5,0,
2025-07-25,08:00:00,cool,compressorCoolStage1On,,Home,76,70,76.3,53,77.6,0,300,0,0,300,,76.2,53,76.5,0,
2025-07-25,08:05:00,cool,compressorCoolStage1On,,Home,76,70,76.2,51,77.6,0,300,0,0,300,,75.9,51,76.5,0,
2025-07-25,08:10:00,cool,compressorCoolStage1On,,Home,76,70,76.1,51,77.6,0,300,0,0,300,,75.7,51,76.5,0,
2025-07-25,08:15:00,cool,compressorCoolStage1On,,Home,76,70,76,51,77.6,0,15,0,0,60,,75.6,51,76.5,0,
2025-07-25,08:20:00,cool,compressorCoolOff,,Home,76,70,75.7,52,77.6,0,0,0,0,0,,75.7,52,76.5,0,
2025-07-25,08:25:00,cool,compressorCoolOff,,Home,76,70,76,51,77.6,0,0,0,0,0,,76,51,,0,
2025-07-25,08:30:00,cool,compressorCoolOff,,Home,76,70,76.2,52,79.4,0,0,0,0,0,,76.2,52,,0,
2025-07-25,08:35:00,cool,compressorCoolOff,,Home,76,70,76.3,52,79.4,0,0,0,0,0,,76.3,52,,0,
2025-07-25,08:40:00,cool,compressorCoolOff,,Home,76,70,76.4,53,79.4,0,240,0,0,240,,76.4,53,,0,
2025-07-25,08:45:00,cool,compressorCoolStage1On,,Home,76,70,76.3,52,79.4,0,300,0,0,300,,76.3,52,,0,
2025-07-25,08:50:00,cool,compressorCoolStage1On,,Home,76,70,76,51,79.4,0,180,0,0,225,,76,51,,0,
2025-07-25,08:55:00,cool,compressorCoolOff,,Home,76,70,75.8,51,79.4,0,0,0,0,0,,75.8,51,74.1,0,
2025-07-25,09:00:00,cool,compressorCoolOff,,Home,76,70,75.7,52,81.1,0,0,0,0,0,,76,52,74.1,0,
2025-07-25,09:05:00,cool,compressorCoolOff,,Home,76,70,75.7,52,81.1,0,0,0,0,0,,76.2,52,74.1,0,
2025-07-25,09:10:00,cool,compressorCoolOff,,Home,76,70,75.7,52,81.1,0,0,0,0,0,,76.3,52,74.5,0,
2025-07-25,09:15:00,cool,compressorCoolOff,,Home,76,70,75.6,54,81.1,0,0,0,0,0,,76.4,54,74.5,0,
2025-07-25,09:20:00,cool,compressorCoolOff,,Home,76,70,75.7,54,81.1,0,0,0,0,0,,76.5,54,74.8,0,
2025-07-25,09:25:00,cool,compressorCoolOff,,Home,76,70,75.7,54,81.1,0,0,0,0,0,,76.6,54,74.9,0,
2025-07-25,09:30:00,cool,compressorCoolOff,,Home,76,70,75.7,54,81.1,0,0,0,0,0,,76.5,54,74.9,0,
2025-07-25,09:35:00,cool,compressorCoolOff,,Home,76,70,75.7,55,81.1,0,0,0,0,0,,76.5,55,74.9,0,
2025-07-25,09:40:00,cool,compressorCoolOff,,Home,76,70,75.7,55,81.1,0,0,0,0,0,,76.5,55,74.9,0,
2025-07-25,09:45:00,cool,compressorCoolOff,,Home,76,70,75.8,55,81.1,0,0,0,0,0,,76.6,55,75.1,0,
2025-07-25,09:50:00,cool,compressorCoolOff,,Home,76,70,76,55,81.1,0,0,0,0,0,,76.6,55,75.4,0,
2025-07-25,09:55:00,cool,compressorCoolOff,,Home,76,70,76,56,81.1,0,0,0,0,0,,76.7,56,75.4,0,
2025-07-25,10:00:00,cool,compressorCoolOff,,Home,76,70,76.1,56,85.5,0,0,0,0,0,,76.8,56,75.4,0,
2025-07-25,10:05:00,cool,compressorCoolOff,,Home,76,70,76.1,56,85.5,0,0,0,0,0,,76.8,56,75.4,0,
2025-07-25,10:10:00,cool,compressorCoolOff,,Home,76,70,76.1,56,85.5,0,0,0,0,0,,76.9,56,75.4,0,
2025-07-25,10:15:00,cool,compressorCoolOff,,Home,76,70,76.1,56,85.5,0,0,0,0,0,,76.9,56,75.4,0,
2025-07-25,10:20:00,cool,compressorCoolOff,,Home,76,70,76.2,56,85.5,0,0,0,0,0,,77,56,75.4,0,
2025-07-25,10:25:00,cool,compressorCoolOff,,Home,76,70,76.6,56,85.5,0,150,0,0,150,,77,56,75.4,0,
2025-07-25,10:30:00,cool,compressorCoolStage1On,,Home,76,70,77.1,55,85.5,0,300,0,0,300,,77.1,55,,0,
2025-07-25,10:35:00,cool,compressorCoolStage1On,,Home,76,70,76.9,54,85.5,0,300,0,0,300,,76.9,54,,0,
2025-07-25,10:40:00,cool,compressorCoolStage1On,,Home,76,70,76.5,52,85.5,0,300,0,0,300,,76.5,52,,0,
2025-07-25,10:45:00,cool,compressorCoolStage1On,,Home,76,70,76.2,52,85.5,0,300,0,0,300,,76.2,52,,0,
2025-07-25,10:50:00,cool,compressorCoolStage1On,,Home,76,70,76,53,85.5,0,45,0,0,90,,76,53,,0,
2025-07-25,10:55:00,cool,compressorCoolOff,,Home,76,70,76,53,85.5,0,0,0,0,0,,76,53,,0,
2025-07-25,11:00:00,cool,compressorCoolOff,,Home,76,70,76.3,54,88.3,0,0,0,0,0,,76.3,54,,0,
2025-07-25,11:05:00,cool,compressorCoolOff,,Home,76,70,76.4,54,88.3,0,240,0,0,240,,76.4,54,,0,
2025-07-25,11:10:00,cool,compressorCoolStage1On,,Home,76,70,76.4,52,88.3,0,300,0,0,300,,76.4,52,,0,
2025-07-25,11:15:00,cool,compressorCoolStage1On,,Home,76,70,76.1,51,88.3,0,285,0,0,300,,76.1,51,,0,
2025-07-25,11:20:00,cool,compressorCoolOff,,Home,76,70,75.9,51,88.3,0,0,0,0,30,,75.9,51,,0,
2025-07-25,11:25:00,cool,compressorCoolOff,,Home,76,70,76,52,88.3,0,0,0,0,0,,76,52,,0,
2025-07-25,11:30:00,cool,compressorCoolOff,,Home,76,70,76.2,53,88.3,0,0,0,0,0,,76.2,53,74.7,0,
2025-07-25,11:35:00,cool,compressorCoolOff,,Home,76,70,76.1,54,88.3,0,0,0,0,0,,76.3,54,74.7,0,
2025-07-25,11:40:00,cool,compressorCoolOff,,Home,76,70,75.9,55,88.3,0,0,0,0,0,,76.4,55,74.7,0,
2025-07-25,11:45:00,cool,compressorCoolOff,,Home,76,70,76,55,88.3,0,0,0,0,0,,76.5,55,75.1,0,
2025-07-25,11:50:00,cool,compressorCoolOff,,Home,76,70,76,55,88.3,0,0,0,0,0,,76.6,55,75.1,0,
2025-07-25,11:55:00,cool,compressorCoolOff,,Home,76,70,75.9,56,88.3,0,0,0,0,0,,76.7,56,75.1,0,
2025-07-25,12:00:00,cool,compressorCoolOff,,Home,76,70,75.9,57,91.1,0,0,0,0,0,,76.8,57,75.1,0,
2025-07-25,12:05:00,cool,compressorCoolOff,,Home,76,70,76,56,91.1,0,0,0,0,0,,76.9,56,75.1,0,
2025-07-25,12:10:00,cool,compressorCoolOff,,Home,76,70,76,56,91.1,0,0,0,0,0,,77,56,75.1,0,
2025-07-25,12:15:00,cool,compressorCoolOff,,Home,76,70,76,56,91.1,0,0,0,0,0,,77,56,75.1,0,
2025-07-25,12:20:00,cool,compressorCoolOff,,Home,76,70,76.1,56,91.1,0,0,0,0,0,,76.9,56,75.4,0,
2025-07-25,12:25:00,cool,compressorCoolOff,,Home,76,70,76.3,56,91.1,0,0,0,0,0,,76.9,56,75.8,0,
2025-07-25,12:30:00,cool,compressorCoolOff,,Home,76,70,76.3,56,91.6,0,0,0,0,0,,76.9,56,75.8,0,
2025-07-25,12:35:00,cool,compressorCoolOff,,Home,76,70,76.4,56,91.6,0,0,0,0,0,,77,56,75.8,0,
2025-07-25,12:40:00,cool,compressorCoolOff,,Home,76,70,76.4,56,91.6,0,0,0,0,0,,77.1,56,75.8,0,
2025-07-25,12:45:00,cool,compressorCoolOff,,Home,76,70,76.4,56,91.6,0,255,0,0,255,,77.1,56,75.8,0,
2025-07-25,12:50:00,cool,compressorCoolStage1On,,Home,76,70,76.4,55,91.6,0,300,0,0,300,,77.1,55,75.8,0,
2025-07-25,12:55:00,cool,compressorCoolStage1On,,Home,76,70,76.2,54,91.6,0,300,0,0,300,,76.7,54,75.8,0,
2025-07-25,13:00:00,cool,compressorCoolStage1On,,Home,76,70,76.2,53,92.5,0,300,0,0,300,,76.4,53,75.8,0,
2025-07-25,13:05:00,cool,compressorCoolStage1On,,Home,76,70,76.1,53,92.5,0,270,0,0,300,,76.1,53,,0,
2025-07-25,13:10:00,cool,compressorCoolOff,,Home,76,70,75.9,53,92.5,0,0,0,0,15,,76,53,74.5,0,
2025-07-25,13:15:00,cool,compressorCoolOff,,Home,76,70,75.9,54,92.5,0,0,0,0,0,,76.2,54,74.5,0,
2025-07-25,13:20:00,cool,compressorCoolOff,,Home,76,70,75.9,54,92.5,0,0,0,0,0,,76.5,54,74.5,0,
2025-07-25,13:25:00,cool,compressorCoolOff,,Home,76,70,75.9,55,92.5,0,0,0,0,0,,76.6,55,74.5,0,
2025-07-25,13:30:00,cool,compressorCoolOff,,Home,76,70,75.9,55,92.5,0,0,0,0,0,,76.8,55,74.6,0,
2025-07-25,13:35:00,cool,compressorCoolOff,,Home,76,70,76.1,55,92.5,0,0,0,0,0,,76.9,55,75.4,0,
2025-07-25,13:40:00,cool,compressorCoolOff,,Home,76,70,76.1,56,92.5,0,0,0,0,0,,76.9,56,75.4,0,
2025-07-25,13:45:00,cool,compressorCoolOff,,Home,76,70,76.1,56,92.5,0,0,0,0,0,,76.9,56,75.4,0,
2025-07-25,13:50:00,cool,compressorCoolOff,,Home,76,70,76.1,56,92.5,0,0,0,0,0,,76.9,56,75.4,0,
2025-07-25,13:55:00,cool,compressorCoolOff,,Home,76,70,76.5,56,92.5,0,255,0,0,255,,76.9,56,76.2,0,
2025-07-25,14:00:00,cool,compressorCoolStage1On,,Home,76,70,76.6,54,94,0,300,0,0,300,,76.9,54,76.4,0,
2025-07-25,14:05:00,cool,compressorCoolStage1On,,Home,76,70,76.5,53,94,0,300,0,0,300,,76.7,53,76.4,0,
2025-07-25,14:10:00,cool,compressorCoolStage1On,,Home,76,70,76.4,52,94,0,300,0,0,300,,76.5,52,76.4,0,
2025-07-25,14:15:00,cool,compressorCoolStage1On,,Home,76,70,76.3,53,94,0,300,0,0,300,,76.3,53,76.4,0,
2025-07-25,14:20:00,cool,compressorCoolStage1On,,Home,76,70,76,53,94,0,225,0,0,270,,76.1,53,76,0,
2025-07-25,14:25:00,cool,compressorCoolOff,,Home,76,70,75.4,53,94,0,0,0,0,0,,76,53,74.9,0,
2025-07-25,14:30:00,cool,compressorCoolOff,,Home,76,70,75.5,54,93.9,0,0,0,0,0,,76.1,54,74.9,0,
2025-07-25,14:35:00,cool,compressorCoolOff,,Home,76,70,75.5,56,93.9,0,0,0,0,0,,76.3,56,74.9,0,
2025-07-25,14:40:00,cool,compressorCoolOff,,Home,76,70,75.6,56,93.9,0,0,0,0,0,,76.4,56,74.9,0,
2025-07-25,14:45:00,cool,compressorCoolOff,,Home,76,70,76,55,93.9,0,0,0,0,0,,76.5,55,75.5,0,
2025-07-25,14:50:00,cool,compressorCoolOff,,Home,76,70,76.1,55,93.9,0,0,0,0,0,,76.7,55,75.6,0,
2025-07-25,14:55:00,cool,compressorCoolOff,,Home,76,70,76.2,56,93.9,0,0,0,0,0,,76.9,56,75.6,0,
2025-07-25,15:00:00,cool,compressorCoolOff,,Home,76,70,76.4,56,94.3,0,165,0,0,165,,77,56,75.9,0,
2025-07-25,15:05:00,cool,compressorCoolStage1On,,Home,76,70,76.6,55,94.3,0,300,0,0,300,,77,55,76.2,0,
2025-07-25,15:10:00,cool,compressorCoolStage1On,,Home,76,70,76.4,54,94.3,0,300,0,0,300,,76.8,54,76,0,
2025-07-25,15:15:00,cool,compressorCoolStage1On,,Home,76,70,76.1,54,94.3,0,225,0,0,270,,76.5,54,75.7,0,
2025-07-25,15:20:00,cool,compressorCoolOff,,Home,76,70,75.9,54,94.3,0,0,0,0,0,,76.2,54,75.6,0,
2025-07-25,15:25:00,cool,compressorCoolOff,,Home,76,70,75.9,54,94.3,0,0,0,0,0,,76.3,54,75.6,0,
2025-07-25,15:30:00,cool,compressorCoolOff,,Home,76,70,76,55,94.3,0,0,0,0,0,,76.4,55,75.6,0,
2025-07-25,15:35:00,cool,compressorCoolOff,,Home,76,70,76.3,56,94.3,0,0,0,0,0,,76.6,56,76.1,0,
2025-07-25,15:40:00,cool,compressorCoolOff,,Home,76,70,76.4,56,94.3,0,285,0,0,285,,76.8,56,76.2,0,
2025-07-25,15:45:00,cool,compressorCoolStage1On,,Home,76,70,76.5,54,94.3,0,300,0,0,300,,76.8,54,76.4,0,
2025-07-25,15:50:00,cool,compressorCoolStage1On,,Home,76,70,76.4,52,94.3,0,300,0,0,300,,76.6,52,76.3,0,
2025-07-25,15:55:00,cool,compressorCoolStage1On,,Home,76,70,76.2,52,94.3,0,300,0,0,300,,76.4,52,76.2,0,
2025-07-25,16:00:00,cool,compressorCoolStage1On,,Home,76,70,76.1,53,92.5,0,300,0,0,300,,76.1,53,76.2,0,
2025-07-25,16:05:00,cool,compressorCoolStage1On,,Home,76,70,75.8,53,92.5,0,135,0,0,180,,75.9,53,75.8,0,
2025-07-25,16:10:00,cool,compressorCoolOff,,Home,76,70,75.5,53,92.5,0,0,0,0,0,,75.9,53,75.2,0,
2025-07-25,16:15:00,cool,compressorCoolOff,,Home,76,70,75.6,54,92.5,0,0,0,0,0,,76.1,54,75.2,0,
2025-07-25,16:20:00,cool,compressorCoolOff,,Home,76,70,75.7,55,92.5,0,0,0,0,0,,76.3,55,75.2,0,
2025-07-25,16:25:00,cool,compressorCoolOff,,Home,76,70,76.2,55,92.5,0,0,0,0,0,,76.4,55,76,0,
2025-07-25,16:30:00,cool,compressorCoolOff,,Home,76,70,76.2,55,92.5,0,0,0,0,0,,76.6,55,76,0,
2025-07-25,16:35:00,cool,compressorCoolOff,,Home,76,70,76.3,55,92.5,0,0,0,0,0,,76.8,55,76,0,
2025-07-25,16:40:00,cool,compressorCoolOff,,Home,76,70,76.6,56,92.5,0,210,0,0,210,,76.9,56,76.4,0,
2025-07-25,16:45:00,cool,compressorCoolStage1On,,Home,76,70,76.8,55,92.5,0,300,0,0,300,,77,55,76.7,0,
2025-07-25,16:50:00,cool,compressorCoolStage1On,,Home,76,70,76.6,54,92.5,0,300,0,0,300,,76.8,54,76.5,0,
2025-07-25,16:55:00,cool,compressorCoolStage1On,,Home,76,70,76.4,53,92.5,0,300,0,0,300,,76.5,53,76.4,0,
2025-07-25,17:00:00,cool,compressorCoolStage1On,,Home,76,70,76.2,52,93.1,0,210,0,0,255,,76.3,52,76.1,0,
2025-07-25,17:05:00,cool,compressorCoolOff,,Home,76,70,75.8,53,93.1,0,0,0,0,0,,76.1,53,75.6,0,
2025-07-25,17:10:00,cool,compressorCoolOff,,Home,76,70,75.9,55,93.1,0,0,0,0,0,,76.3,55,75.6,0,
2025-07-25,17:15:00,cool,compressorCoolOff,,Home,76,70,76,56,93.1,0,0,0,0,0,,76.4,56,75.6,0,
2025-07-25,17:20:00,cool,compressorCoolOff,,Home,76,70,76,57,93.1,0,0,0,0,0,,76.5,57,75.6,0,
2025-07-25,17:25:00,cool,compressorCoolOff,,Home,76,70,76.3,56,93.1,0,0,0,0,0,,76.6,56,76,0,
2025-07-25,17:30:00,cool,compressorCoolOff,,Home,76,70,76.5,56,93.1,0,210,0,0,210,,76.7,56,76.3,0,
2025-07-25,17:35:00,cool,compressorCoolStage1On,,Home,76,70,76.5,55,93.1,0,300,0,0,300,,76.7,55,76.4,0,
2025-07-25,17:40:00,cool,compressorCoolStage1On,,Home,76,70,76.5,53,93.1,0,300,0,0,300,,76.6,53,76.4,0,
2025-07-25,17:45:00,cool,compressorCoolStage1On,,Home,76,70,76.4,52,93.1,0,300,0,0,300,,76.4,52,76.4,0,
2025-07-25,17:50:00,cool,compressorCoolStage1On,,Home,76,70,76.1,51,93.1,0,210,0,0,255,,76.3,51,76,0,
2025-07-25,17:55:00,cool,compressorCoolOff,,Home,76,70,75.7,52,93.1,0,0,0,0,0,,76.3,52,75.2,0,
2025-07-25,18:00:00,cool,compressorCoolOff,,Home,76,70,75.8,54,92.3,0,0,0,0,0,,76.5,54,75.2,0,
2025-07-25,18:05:00,cool,compressorCoolOff,,Home,76,70,76,55,92.3,0,0,0,0,0,,76.7,55,75.4,0,
2025-07-25,18:10:00,cool,compressorCoolOff,,Home,76,70,76.2,56,92.3,0,0,0,0,0,,76.8,56,75.7,0,
2025-07-25,18:15:00,cool,compressorCoolOff,,Home,76,70,76.4,56,92.3,0,240,0,0,240,,76.9,56,76.1,0,
2025-07-25,18:20:00,cool,compressorCoolStage1On,,Home,76,70,76.4,54,92.3,0,300,0,0,300,,76.8,54,76.2,0,
2025-07-25,18:25:00,cool,compressorCoolStage1On,,Home,76,70,76.2,53,92.3,0,300,0,0,300,,76.5,53,76,0,
2025-07-25,18:30:00,cool,compressorCoolStage1On,,Home,76,70,76,52,90.9,0,135,0,0,180,,76.2,52,75.8,0,
2025-07-25,18:35:00,cool,compressorCoolOff,,Home,76,70,75.9,53,90.9,0,0,0,0,0,,76.1,53,75.8,0,
2025-07-25,18:40:00,cool,compressorCoolOff,,Home,76,70,76,54,90.9,0,0,0,0,0,,76.3,54,75.8,0,
2025-07-25,18:45:00,cool,compressorCoolOff,,Home,76,70,76.1,55,90.9,0,0,0,0,0,,76.6,55,75.8,0,
2025-07-25,18:50:00,cool,compressorCoolOff,,Home,76,70,76.3,55,90.9,0,0,0,0,0,,76.8,55,75.8,0,
2025-07-25,18:55:00,cool,compressorCoolOff,,Home,76,70,76.3,55,90.9,0,0,0,0,0,,76.9,55,75.8,0,
2025-07-25,19:00:00,cool,compressorCoolOff,,Home,76,70,76.4,56,90.9,0,0,0,0,0,,77.1,56,75.8,0,
2025-07-25,19:05:00,cool,compressorCoolOff,,Home,76,70,76.4,56,90.9,0,0,0,0,0,,77.1,56,75.8,0,
2025-07-25,19:10:00,cool,compressorCoolOff,,Home,76,70,76.4,56,90.9,0,0,0,0,0,,77.1,56,75.8,0,
2025-07-25,19:15:00,cool,compressorCoolOff,,Home,76,70,76.4,56,90.9,0,0,0,0,0,,77.1,56,75.8,0,
2025-07-25,19:20:00,cool,compressorCoolOff,,Home,76,70,76.7,55,90.9,0,165,0,0,165,,77.1,55,76.5,0,
2025-07-25,19:25:00,cool,compressorCoolStage1On,,Home,76,70,77.1,54,90.9,0,300,0,0,300,,77.1,54,77.1,0,
2025-07-25,19:30:00,cool,compressorCoolStage1On,,Home,76,70,76.9,53,90.9,0,300,0,0,300,,76.9,53,76.9,0,
2025-07-25,19:35:00,cool,compressorCoolStage1On,,Home,76,70,76.6,52,90.9,0,300,0,0,300,,76.7,52,76.7,0,
2025-07-25,19:40:00,cool,compressorCoolStage1On,,Home,76,70,76.5,51,90.9,0,300,0,0,300,,76.5,51,76.6,0,
2025-07-25,19:45:00,cool,compressorCoolStage1On,,Home,76,70,76,51,90.9,0,75,0,0,120,,76.2,51,75.8,0,
2025-07-25,19:50:00,cool,compressorCoolOff,,Home,76,70,76,52,90.9,0,0,0,0,0,,76.3,52,75.8,0,
2025-07-25,19:55:00,cool,compressorCoolOff,,Home,76,70,76,52,90.9,0,0,0,0,0,,76.6,52,75.6,0,
2025-07-25,20:00:00,cool,compressorCoolOff,,Home,76,70,76.1,54,83.2,0,0,0,0,0,,76.7,54,75.6,0,
2025-07-25,20:05:00,cool,compressorCoolOff,,Home,76,70,76.3,54,83.2,0,0,0,0,0,,76.8,54,75.8,0,
2025-07-25,20:10:00,cool,compressorCoolOff,,Home,76,70,76.4,55,83.2,0,165,0,0,165,,76.8,55,76.1,0,
2025-07-25,20:15:00,cool,compressorCoolStage1On,,Home,76,70,76.4,54,83.2,0,300,0,0,300,,76.7,54,76.2,0,
2025-07-25,20:20:00,cool,compressorCoolStage1On,,Home,76,70,76.2,52,83.2,0,285,0,0,300,,76.4,52,76,0,
2025-07-25,20:25:00,cool,compressorCoolOff,,Home,76,70,76,52,83.2,0,0,0,0,30,,76.2,52,75.8,0,
2025-07-25,20:30:00,cool,compressorCoolOff,,Home,76,70,75.9,53,83.2,0,0,0,0,0,,76.3,53,75.6,0,
2025-07-25,20:35:00,cool,compressorCoolOff,,Home,76,70,75.8,54,83.2,0,0,0,0,0,,76.5,54,75.2,0,
2025-07-25,20:40:00,cool,compressorCoolOff,,Home,76,70,75.9,54,83.2,0,0,0,0,0,,76.7,54,75.2,0,
2025-07-25,20:45:00,cool,compressorCoolOff,,Home,76,70,76.2,54,83.2,0,0,0,0,0,,76.8,54,75.6,0,
2025-07-25,20:50:00,cool,compressorCoolOff,,Home,76,70,76.2,54,83.2,0,0,0,0,0,,76.9,54,75.6,0,
2025-07-25,20:55:00,cool,compressorCoolOff,,Home,76,70,76.3,54,83.2,0,0,0,0,0,,76.9,54,75.9,0,
2025-07-25,21:00:00,cool,compressorCoolOff,,Home,76,70,76.4,55,82.3,0,150,0,0,150,,76.9,55,76,0,
2025-07-25,21:05:00,cool,compressorCoolStage1On,,Home,76,70,76.4,54,82.3,0,300,0,0,300,,76.9,54,76,0,
2025-07-25,21:10:00,cool,compressorCoolStage1On,,Home,76,70,76.2,52,82.3,0,300,0,0,300,,76.5,52,76,0,
2025-07-25,21:15:00,cool,compressorCoolStage1On,,Home,76,70,76,51,82.3,0,135,0,0,180,,76.1,51,76,0,
2025-07-25,21:20:00,cool,compressorCoolOff,,Home,76,70,75.8,52,82.3,0,0,0,0,0,,76,52,75.7,0,
2025-07-25,21:25:00,cool,compressorCoolOff,,Home,76,70,75.7,54,82.3,0,0,0,0,0,,76.2,54,75.2,0,
2025-07-25,21:30:00,cool,compressorCoolOff,,Home,76,70,75.8,54,81.3,0,0,0,0,0,,76.4,54,75.2,0,
2025-07-25,21:35:00,cool,compressorCoolOff,,Home,76,70,76.1,54,81.3,0,0,0,0,0,,76.6,54,75.6,0,
2025-07-25,21:40:00,cool,compressorCoolOff,,Home,76,70,76.1,54,81.3,0,0,0,0,0,,76.7,54,75.6,0,
2025-07-25,21:45:00,cool,compressorCoolOff,,Home,76,70,76.3,54,81.3,0,0,0,0,0,,76.8,54,75.9,0,
2025-07-25,21:50:00,cool,compressorCoolOff,,Home,76,70,76.3,55,81.3,0,0,0,0,0,,76.7,55,76,0,
2025-07-25,21:55:00,cool,compressorCoolOff,,Home,76,70,76.4,55,81.3,0,195,0,0,195,,76.7,55,76.2,0,
2025-07-25,22:00:00,cool,compressorCoolStage1On,,Home,76,70,76.6,54,80.6,0,300,0,0,300,,76.8,54,76.4,0,
2025-07-25,22:05:00,cool,compressorCoolStage1On,,Home,76,70,76.5,52,80.6,0,300,0,0,300,,76.6,52,76.4,0,
2025-07-25,22:10:00,cool,compressorCoolStage1On,,Home,76,70,76.2,51,80.6,0,195,0,0,240,,76.4,51,76,0,
2025-07-25,22:15:00,cool,compressorCoolOff,,Home,76,70,75.8,51,80.6,0,0,0,0,0,,76.3,51,75.4,0,
2025-07-25,22:20:00,cool,compressorCoolOff,,Home,76,70,75.9,51,80.6,0,0,0,0,0,,76.4,51,75.4,0,
2025-07-25,22:25:00,cool,compressorCoolOff,,Home,76,70,75.9,52,80.6,0,0,0,0,0,,76.6,52,75.4,0,
2025-07-25,22:30:00,cool,compressorCoolOff,,Home,76,70,76,52,80.6,0,0,0,0,0,,76.7,52,75.4,0,
2025-07-25,22:35:00,cool,compressorCoolOff,,Home,76,70,76.1,54,80.6,0,0,0,0,0,,76.7,54,75.7,0,
2025-07-25,22:40:00,cool,compressorCoolOff,,Home,76,70,76.2,54,80.6,0,0,0,0,0,,76.7,54,75.8,0,
2025-07-25,22:45:00,cool,compressorCoolOff,,Home,76,70,76.4,54,80.6,0,210,0,0,210,,76.8,54,76,0,
2025-07-25,22:50:00,cool,compressorCoolStage1On,,Home,76,70,76.4,53,80.6,0,300,0,0,300,,76.6,53,76.2,0,
2025-07-25,22:55:00,cool,compressorCoolStage1On,,Home,76,70,76.2,52,80.6,0,300,0,0,300,,76.3,52,76.2,0,
2025-07-25,23:00:00,cool,compressorCoolStage1On,,Home,76,70,75.8,51,79.1,0,150,0,0,195,,75.9,51,75.8,0,
2025-07-25,23:05:00,cool,compressorCoolOff,,Home,76,70,75.4,51,79.1,0,0,0,0,0,,75.7,51,75.2,0,
2025-07-25,23:10:00,cool,compressorCoolOff,,Home,76,70,75.5,52,79.1,0,0,0,0,0,,75.9,52,75.2,0,
2025-07-25,23:15:00,cool,compressorCoolOff,,Home,76,70,75.6,52,79.1,0,0,0,0,0,,76.2,52,75.2,0,
2025-07-25,23:20:00,cool,compressorCoolOff,,Home,76,70,75.7,52,79.1,0,0,0,0,0,,76.3,52,75.2,0,
2025-07-25,23:25:00,cool,compressorCoolOff,,Home,76,70,76.1,52,79.1,0,0,0,0,0,,76.4,52,75.8,0,
2025-07-25,23:30:00,cool,compressorCoolOff,,Home,76,70,76.2,52,79.1,0,0,0,0,0,,76.5,52,75.9,0,
2025-07-25,23:35:00,cool,compressorCoolOff,,Home,76,70,76.3,53,79.1,0,0,0,0,0,,76.6,53,76.1,0,
2025-07-25,23:40:00,cool,compressorCoolOff,,Home,76,70,76.4,54,79.1,0,75,0,0,75,,76.7,54,76.2,0,
2025-07-25,23:45:00,cool,compressorCoolStage1On,,Home,76,70,76.4,53,79.1,0,300,0,0,300,,76.7,53,76.2,0,
2025-07-25,23:50:00,cool,compressorCoolStage1On,,Home,76,70,76.3,51,79.1,0,300,0,0,300,,76.4,51,76.2,0,
2025-07-25,23:55:00,cool,compressorCoolStage1On,,Home,76.6,67.6,76.1,50,79.1,0,210,0,0,255,,76.1,50,76.2,0,
2025-07-26,00:00:00,cool,compressorCoolOff,,Sleep,78,62,75.8,50,78.3,0,0,0,0,0,,75.9,50,75.9,0,
2025-07-26,00:05:00,cool,compressorCoolOff,,Sleep,78,62,75.5,52,78.3,0,0,0,0,0,,75.9,52,75.2,0,
2025-07-26,00:10:00,cool,compressorCoolOff,,Sleep,78,62,75.6,53,78.3,0,0,0,0,0,,76,53,75.2,0,
2025-07-26,00:15:00,cool,compressorCoolOff,,Sleep,78,62,75.7,54,78.3,0,0,0,0,0,,76.2,54,75.2,0,
2025-07-26,00:20:00,cool,compressorCoolOff,,Sleep,78,62,75.7,54,78.3,0,0,0,0,0,,76.3,54,75.2,0,
2025-07-26,00:25:00,cool,compressorCoolOff,,Sleep,78,62,75.8,54,78.3,0,0,0,0,0,,76.4,54,75.2,0,
2025-07-26,00:30:00,cool,compressorCoolOff,,Sleep,78,62,75.8,54,78.3,0,0,0,0,0,,76.5,54,75.2,0,
2025-07-26,00:35:00,cool,compressorCoolOff,,Sleep,78,62,76.1,54,78.3,0,0,0,0,0,,76.5,54,75.8,0,
2025-07-26,00:40:00,cool,compressorCoolOff,,Sleep,78,62,76.2,54,78.3,0,0,0,0,0,,76.5,54,76,0,
2025-07-26,00:45:00,cool,compressorCoolOff,,Sleep,78,62,76.3,55,78.3,0,0,0,0,0,,76.6,55,76,0,
2025-07-26,00:50:00,cool,compressorCoolOff,,Sleep,78,62,76.3,55,78.3,0,0,0,0,0,,76.6,55,76.1,0,
2025-07-26,00:55:00,cool,compressorCoolOff,,Sleep,78,62,76.5,55,78.3,0,0,0,0,0,,76.7,55,76.4,0,
2025-07-26,01:00:00,cool,compressorCoolOff,,Sleep,78,62,76.5,55,77.9,0,0,0,0,0,,76.7,55,76.4,0,
2025-07-26,01:05:00,cool,compressorCoolOff,,Sleep,78,62,76.5,55,77.9,0,0,0,0,0,,76.7,55,76.4,0,
2025-07-26,01:10:00,cool,compressorCoolOff,,Sleep,78,62,76.5,55,77.9,0,0,0,0,0,,76.7,55,76.4,0,
2025-07-26,01:15:00,cool,compressorCoolOff,,Sleep,78,62,76.6,55,77.9,0,0,0,0,0,,76.8,55,76.4,0,
2025-07-26,01:20:00,cool,compressorCoolOff,,Sleep,78,62,76.6,55,77.9,0,0,0,0,0,,76.8,55,76.4,0,
2025-07-26,01:25:00,cool,compressorCoolOff,,Sleep,78,62,76.6,55,77.9,0,0,0,0,0,,76.8,55,76.4,0,
2025-07-26,01:30:00,cool,compressorCoolOff,,Sleep,78,62,76.6,57,77.9,0,0,0,0,0,,76.8,57,76.5,0,
2025-07-26,01:35:00,cool,compressorCoolOff,,Sleep,78,62,76.7,57,77.9,0,0,0,0,0,,76.9,57,76.5,0,
2025-07-26,01:40:00,cool,compressorCoolOff,,Sleep,78,62,76.7,57,77.9,0,0,0,0,0,,76.9,57,76.5,0,
2025-07-26,01:45:00,cool,compressorCoolOff,,Sleep,78,62,76.7,57,77.9,0,0,0,0,0,,76.9,57,76.5,0,
2025-07-26,01:50:00,cool,compressorCoolOff,,Sleep,78,62,76.7,57,77.9,0,0,0,0,0,,76.9,57,76.5,0,
2025-07-26,01:55:00,cool,compressorCoolOff,,Sleep,78,62,76.7,57,77.9,0,0,0,0,0,,76.9,57,76.5,0,
2025-07-26,02:00:00,cool,compressorCoolOff,,Sleep,78,62,76.7,57,77.5,0,0,0,0,0,,76.9,57,76.5,0,
2025-07-26,02:05:00,cool,compressorCoolOff,,Sleep,78,62,76.8,57,77.5,0,0,0,0,0,,77,57,76.7,0,
2025-07-26,02:10:00,cool,compressorCoolOff,,Sleep,78,62,76.8,57,77.5,0,0,0,0,0,,77,57,76.7,0,
2025-07-26,02:15:00,cool,compressorCoolOff,,Sleep,78,62,76.8,57,77.5,0,0,0,0,0,,77,57,76.7,0,
2025-07-26,02:20:00,cool,compressorCoolOff,,Sleep,78,62,76.8,57,77.5,0,0,0,0,0,,76.9,57,76.7,0,
2025-07-26,02:25:00,cool,compressorCoolOff,,Sleep,78,62,76.7,57,77.5,0,0,0,0,0,,76.8,57,76.7,0,
2025-07-26,02:30:00,cool,compressorCoolOff,,Sleep,78,62,76.7,57,77.4,0,0,0,0,0,,76.8,57,76.7,0,
2025-07-26,02:35:00,cool,compressorCoolOff,,Sleep,78,62,76.8,57,77.4,0,0,0,0,0,,76.9,57,76.7,0,
2025-07-26,02:40:00,cool,compressorCoolOff,,Sleep,78,62,76.8,57,77.4,0,0,0,0,0,,76.9,57,76.7,0,
2025-07-26,02:45:00,cool,compressorCoolOff,,Sleep,78,62,76.8,57,77.4,0,0,0,0,0,,76.9,57,76.7,0,
2025-07-26,02:50:00,cool,compressorCoolOff,,Sleep,78,62,76.8,57,77.4,0,0,0,0,0,,76.9,57,76.7,0,
2025-07-26,02:55:00,cool,compressorCoolOff,,Sleep,78,62,76.8,57,77.4,0,0,0,0,0,,77,57,76.7,0,
2025-07-26,03:00:00,cool,compressorCoolOff,,Sleep,78,62,76.8,57,77.2,0,0,0,0,0,,77,57,76.7,0,
2025-07-26,03:05:00,cool,compressorCoolOff,,Sleep,78,62,76.8,57,77.2,0,0,0,0,0,,77,57,76.7,0,
2025-07-26,03:10:00,cool,compressorCoolOff,,Sleep,78,62,76.8,57,77.2,0,0,0,0,0,,77,57,76.7,0,
2025-07-26,03:15:00,cool,compressorCoolOff,,Sleep,78,62,76.9,57,77.2,0,0,0,0,0,,77.1,57,76.7,0,
2025-07-26,03:20:00,cool,compressorCoolOff,,Sleep,78,62,76.9,57,77.2,0,0,0,0,0,,77.1,57,76.7,0,
2025-07-26,03:25:00,cool,compressorCoolOff,,Sleep,78,62,76.9,57,77.2,0,0,0,0,0,,77.1,57,76.7,0,
2025-07-26,03:30:00,cool,compressorCoolOff,,Sleep,78,62,76.9,57,77.2,0,0,0,0,0,,77.1,57,76.7,0,
2025-07-26,03:35:00,cool,compressorCoolOff,,Sleep,78,62,76.9,57,77.2,0,0,0,0,0,,77.1,57,76.7,0,
2025-07-26,03:40:00,cool,compressorCoolOff,,Sleep,78,62,76.9,57,77.2,0,0,0,0,0,,77.1,57,76.7,0,
2025-07-26,03:45:00,cool,compressorCoolOff,,Sleep,78,62,76.9,58,77.2,0,0,0,0,0,,77.1,58,76.7,0,
2025-07-26,03:50:00,cool,compressorCoolOff,,Sleep,78,62,76.9,58,77.2,0,0,0,0,0,,77.1,58,76.7,0,
2025-07-26,03:55:00,cool,compressorCoolOff,,Sleep,78,62,76.9,58,77.2,0,0,0,0,0,,77.2,58,76.7,0,
2025-07-26,04:00:00,cool,compressorCoolOff,,Sleep,78,62,76.9,58,76.4,0,0,0,0,0,,77.2,58,76.7,0,
2025-07-26,04:05:00,cool,compressorCoolOff,,Sleep,78,62,76.9,58,76.4,0,0,0,0,0,,77.2,58,76.7,0,
2025-07-26,04:10:00,cool,compressorCoolOff,,Sleep,78,62,76.9,57,76.4,0,0,0,0,0,,77.1,57,76.7,0,
2025-07-26,04:15:00,cool,compressorCoolOff,,Sleep,78,62,76.8,57,76.4,0,0,0,0,0,,77,57,76.7,0,
2025-07-26,04:20:00,cool,compressorCoolOff,,Sleep,78,62,76.8,57,76.4,0,0,0,0,0,,77,57,76.7,0,
2025-07-26,04:25:00,cool,compressorCoolOff,,Sleep,78,62,76.8,57,76.4,0,0,0,0,0,,77,57,76.7,0,
2025-07-26,04:30:00,cool,compressorCoolOff,,Sleep,78,62,76.9,57,76.4,0,0,0,0,0,,77.1,57,76.7,0,
2025-07-26,04:35:00,cool,compressorCoolOff,,Sleep,78,62,76.9,57,76.4,0,0,0,0,0,,77.1,57,76.7,0,
2025-07-26,04:40:00,cool,compressorCoolOff,,Sleep,78,62,76.9,57,76.4,0,0,0,0,0,,77.1,57,76.7,0,
2025-07-26,04:45:00,cool,compressorCoolOff,,Sleep,78,62,76.9,57,76.4,0,0,0,0,0,,77.2,57,76.7,0,
2025-07-26,04:50:00,cool,compressorCoolOff,,Sleep,78,62,76.9,57,76.4,0,0,0,0,0,,77.2,57,76.7,0,
2025-07-26,04:55:00,cool,compressorCoolOff,,Sleep,78,62,76.9,57,76.4,0,0,0,0,0,,77.2,57,76.7,0,
2025-07-26,05:00:00,cool,compressorCoolOff,,Sleep,78,62,76.9,57,75.9,0,0,0,0,0,,77.2,57,76.7,0,
2025-07-26,05:05:00,cool,compressorCoolOff,,Sleep,78,62,76.9,57,75.9,0,0,0,0,0,,77.2,57,76.8,0,
2025-07-26,05:10:00,cool,compressorCoolOff,,Sleep,78,62,77,57,75.9,0,0,0,0,0,,77.2,57,76.9,0,
2025-07-26,05:15:00,cool,compressorCoolOff,,Sleep,78,62,77.1,57,75.9,0,0,0,0,0,,77.3,57,76.9,0,
2025-07-26,05:20:00,cool,compressorCoolOff,,Sleep,78,62,77.1,57,75.9,0,0,0,0,0,,77.3,57,76.9,0,
2025-07-26,05:25:00,cool,compressorCoolOff,,Sleep,78,62,77.1,58,75.9,0,0,0,0,0,,77.3,58,76.9,0,
2025-07-26,05:30:00,cool,compressorCoolOff,,Sleep,78,62,77,57,75.6,0,0,0,0,0,,77.2,57,76.9,0,
2025-07-26,05:35:00,cool,compressorCoolOff,,Sleep,78,62,77,57,75.6,0,0,0,0,0,,77.1,57,76.9,0,
2025-07-26,05:40:00,cool,compressorCoolOff,,Sleep,78,62,77,57,75.6,0,0,0,0,0,,77.1,57,76.9,0,
2025-07-26,05:45:00,cool,compressorCoolOff,,Sleep,78,62,77,58,75.6,0,0,0,0,0,,77.1,58,76.9,0,
2025-07-26,05:50:00,cool,compressorCoolOff,,Sleep,78,62,77,57,75.6,0,0,0,0,0,,77.2,57,76.9,0,
2025-07-26,05:55:00,cool,compressorCoolOff,,Sleep,78,62,77,57,75.6,0,0,0,0,0,,77.2,57,76.9,0,
2025-07-26,06:00:00,cool,compressorCoolOff,,Sleep,78,62,77,57,75.5,0,0,0,0,0,,77.2,57,76.9,0,
2025-07-26,06:05:00,cool,compressorCoolOff,,Sleep,78,62,77,57,75.5,0,0,0,0,0,,77.2,57,76.9,0,
2025-07-26,06:10:00,cool,compressorCoolOff,,Sleep,78,62,77,57,75.5,0,0,0,0,0,,77.2,57,76.9,0,
2025-07-26,06:15:00,cool,compressorCoolOff,,Sleep,78,62,77.1,57,75.5,0,0,0,0,0,,77.3,57,76.9,0,
2025-07-26,06:20:00,cool,compressorCoolOff,,Sleep,78,62,77.1,57,75.5,0,0,0,0,0,,77.3,57,76.9,0,
2025-07-26,06:25:00,cool,compressorCoolOff,,Sleep,78,62,77.1,58,75.5,0,0,0,0,0,,77.3,58,76.9,0,
2025-07-26,06:30:00,cool,compressorCoolOff,,Sleep,78,62,77.1,58,76,0,0,0,0,0,,77.3,58,76.9,0,
2025-07-26,06:35:00,cool,compressorCoolOff,,Sleep,78,62,77.1,58,76,0,0,0,0,0,,77.3,58,76.9,0,
2025-07-26,06:40:00,cool,compressorCoolOff,,Sleep,78,62,77.1,58,76,0,0,0,0,0,,77.3,58,76.9,0,
2025-07-26,06:45:00,cool,compressorCoolOff,,Sleep,78,62,77.1,58,76,0,0,0,0,0,,77.4,58,76.9,0,
2025-07-26,06:50:00,cool,compressorCoolOff,,Sleep,78,62,77.1,58,76,0,0,0,0,0,,77.4,58,76.9,0,
2025-07-26,06:55:00,cool,compressorCoolOff,,Sleep,78,62,77.1,58,76,0,0,0,0,0,,77.4,58,76.9,0,
2025-07-26,07:00:00,cool,compressorCoolOff,,Sleep,78,62,77.1,58,76.6,0,0,0,0,0,,77.4,58,76.9,0,
2025-07-26,07:05:00,cool,compressorCoolOff,,Sleep,78,62,77.1,58,76.6,0,0,0,0,0,,77.4,58,76.9,0,
2025-07-26,07:10:00,cool,compressorCoolOff,,Sleep,78,62,77.1,58,76.6,0,0,0,0,0,,77.4,58,76.9,0,
2025-07-26,07:15:00,cool,compressorCoolOff,,Sleep,78,62,77.1,58,76.6,0,0,0,0,0,,77.3,58,76.9,0,
2025-07-26,07:20:00,cool,compressorCoolOff,,Sleep,78,62,77.1,58,76.6,0,0,0,0,0,,77.3,58,76.9,0,
2025-07-26,07:25:00,cool,compressorCoolOff,,Sleep,78,62,77.1,58,76.6,0,0,0,0,0,,77.4,58,76.9,0,
2025-07-26,07:30:00,cool,compressorCoolOff,,Sleep,78,62,77.1,58,76.6,0,0,0,0,0,,77.4,58,76.9,0,
2025-07-26,07:35:00,cool,compressorCoolOff,,Sleep,78,62,77.1,58,76.6,0,225,0,0,225,,77.4,58,76.9,0,
2025-07-26,07:40:00,cool,compressorCoolStage1On,(SmartRecovery),Sleep,78,62,77,56,76.6,0,300,0,0,300,,77.3,56,76.9,0,
2025-07-26,07:45:00,cool,compressorCoolStage1On,(SmartRecovery),Sleep,78,62,76.9,54,76.6,0,300,0,0,300,,77,54,76.9,0,
2025-07-26,07:50:00,cool,compressorCoolStage1On,(SmartRecovery),Sleep,78,62,76.7,53,76.6,0,300,0,0,300,,76.6,53,76.9,0,
2025-07-26,07:55:00,cool,compressorCoolStage1On,(SmartRecovery),Sleep,77.4,64.4,76.6,52,76.6,0,300,0,0,300,,76.3,52,76.9,0,
2025-07-26,08:00:00,cool,compressorCoolStage1On,,Home,76,70,76,51,78.9,0,165,0,0,210,,76,51,76,0,
2025-07-26,08:05:00,cool,compressorCoolOff,,Home,76,70,75.4,52,78.9,0,0,0,0,0,,75.9,52,74.9,0,
2025-07-26,08:10:00,cool,compressorCoolOff,,Home,76,70,75.4,53,78.9,0,0,0,0,0,,76.1,53,74.9,0,
2025-07-26,08:15:00,cool,compressorCoolOff,,Home,76,70,75.6,54,78.9,0,0,0,0,0,,76.3,54,74.9,0,
2025-07-26,08:20:00,cool,compressorCoolOff,,Home,76,70,75.6,54,78.9,0,0,0,0,0,,76.4,54,74.9,0,
2025-07-26,08:25:00,cool,compressorCoolOff,,Home,76,70,75.9,54,78.9,0,0,0,0,0,,76.6,54,75.3,0,
2025-07-26,08:30:00,cool,compressorCoolOff,,Home,76,70,76,55,78.9,0,0,0,0,0,,76.7,55,75.4,0,
2025-07-26,08:35:00,cool,compressorCoolOff,,Home,76,70,76.2,55,78.9,0,0,0,0,0,,76.8,55,75.6,0,
2025-07-26,08:40:00,cool,compressorCoolOff,,Home,76,70,76.3,55,78.9,0,0,0,0,0,,76.8,55,75.9,0,
2025-07-26,08:45:00,cool,compressorCoolOff,,Home,76,70,76.4,55,78.9,0,0,0,0,0,,76.9,55,76,0,
2025-07-26,08:50:00,cool,compressorCoolOff,,Home,76,70,76.4,55,78.9,0,0,0,0,0,,76.9,55,76,0,
2025-07-26,08:55:00,cool,compressorCoolOff,,Home,76,70,76.4,56,78.9,0,180,0,0,180,,76.9,56,76,0,
2025-07-26,09:00:00,cool,compressorCoolStage1On,,Home,76,70,76.4,55,81.2,0,300,0,0,300,,76.9,55,76,0,
2025-07-26,09:05:00,cool,compressorCoolStage1On,,Home,76,70,76.3,53,81.2,0,300,0,0,300,,76.7,53,76,0,
2025-07-26,09:10:00,cool,compressorCoolStage1On,,Home,76,70,76.1,52,81.2,0,300,0,0,300,,76.3,52,76,0,
2025-07-26,09:15:00,cool,compressorCoolOff,,Home,76,70,75.4,51,81.2,0,0,0,0,45,,76,51,74.9,0,
2025-07-26,09:20:00,cool,compressorCoolOff,,Home,76,70,75.5,52,81.2,0,0,0,0,0,,76.1,52,74.9,0,
2025-07-26,09:25:00,cool,compressorCoolOff,,Home,76,70,75.6,52,81.2,0,0,0,0,0,,76.3,52,74.9,0,
2025-07-26,09:30:00,cool,compressorCoolOff,,Home,76,70,75.7,53,82.2,0,0,0,0,0,,76.5,53,74.9,0,
2025-07-26,09:35:00,cool,compressorCoolOff,,Home,76,70,75.7,54,82.2,0,0,0,0,0,,76.6,54,74.9,0,
2025-07-26,09:40:00,cool,compressorCoolOff,,Home,76,70,75.9,54,82.2,0,0,0,0,0,,76.7,54,75,0,
2025-07-26,09:45:00,cool,compressorCoolOff,,Home,76,70,76,55,82.2,0,0,0,0,0,,76.8,55,75.2,0,
2025-07-26,09:50:00,cool,compressorCoolOff,,Home,76,70,76,55,82.2,0,0,0,0,0,,76.9,55,75.2,0,
2025-07-26,09:55:00,cool,compressorCoolOff,,Home,76,70,76,55,82.2,0,0,0,0,0,,76.8,55,75.2,0,
2025-07-26,10:00:00,cool,compressorCoolOff,,Home,76,70,76.2,55,83.4,0,0,0,0,0,,76.8,55,75.6,0,
2025-07-26,10:05:00,cool,compressorCoolOff,,Home,76,70,76.2,55,83.4,0,0,0,0,0,,76.8,55,75.6,0,
2025-07-26,10:10:00,cool,compressorCoolOff,,Home,76,70,76.3,55,83.4,0,0,0,0,0,,76.8,55,75.8,0,
2025-07-26,10:15:00,cool,compressorCoolOff,,Home,76,70,76.3,55,83.4,0,0,0,0,0,,76.9,55,75.8,0,
2025-07-26,10:20:00,cool,compressorCoolOff,,Home,76,70,76.3,56,83.4,0,0,0,0,0,,76.9,56,75.8,0,
2025-07-26,10:25:00,cool,compressorCoolOff,,Home,76,70,76.4,56,83.4,0,225,0,0,225,,77,56,75.9,0,
2025-07-26,10:30:00,cool,compressorCoolStage1On,,Home,76,70,76.4,54,83.4,0,300,0,0,300,,76.9,54,76,0,
2025-07-26,10:35:00,cool,compressorCoolStage1On,,Home,76,70,76.3,52,83.4,0,300,0,0,300,,76.7,52,76,0,
2025-07-26,10:40:00,cool,compressorCoolStage1On,,Home,76,70,75.9,51,83.4,0,165,0,0,210,,76.4,51,75.5,0,
2025-07-26,10:45:00,cool,compressorCoolOff,,Home,76,70,75.5,52,83.4,0,0,0,0,0,,76.2,52,74.7,0,
2025-07-26,10:50:00,cool,compressorCoolOff,,Home,76,70,75.4,54,83.4,0,0,0,0,0,,76.4,54,74.5,0,
2025-07-26,10:55:00,cool,compressorCoolOff,,Home,76,70,75.6,54,83.4,0,0,0,0,0,,76.6,54,74.7,0,
2025-07-26,11:00:00,cool,compressorCoolOff,,Home,76,70,75.7,54,85.3,0,0,0,0,0,,76.8,54,74.7,0,
2025-07-26,11:05:00,cool,compressorCoolOff,,Home,76,70,75.9,55,85.3,0,0,0,0,0,,76.9,55,75.1,0,
2025-07-26,11:10:00,cool,compressorCoolOff,,Home,76,70,76.1,55,85.3,0,0,0,0,0,,77,55,75.2,0,
2025-07-26,11:15:00,cool,compressorCoolOff,,Home,76,70,76.2,55,85.3,0,0,0,0,0,,77,55,75.5,0,
2025-07-26,11:20:00,cool,compressorCoolOff,,Home,76,70,76.3,55,85.3,0,0,0,0,0,,77.1,55,75.6,0,
2025-07-26,11:25:00,cool,compressorCoolOff,,Home,76,70,76.3,55,85.3,0,0,0,0,0,,77,55,75.6,0,
2025-07-26,11:30:00,cool,compressorCoolOff,,Home,76,70,76.2,55,85.3,0,0,0,0,0,,76.9,55,75.6,0,
2025-07-26,11:35:00,cool,compressorCoolOff,,Home,76,70,76.3,55,85.3,0,0,0,0,0,,76.9,55,75.8,0,
2025-07-26,11:40:00,cool,compressorCoolOff,,Home,76,70,76.3,55,85.3,0,30,0,0,30,,76.9,55,75.8,0,
2025-07-26,11:45:00,cool,compressorCoolStage1On,,Home,76,70,76.5,55,85.3,0,300,0,0,300,,77,55,76,0,
2025-07-26,11:50:00,cool,compressorCoolStage1On,,Home,76,70,76.4,53,85.3,0,300,0,0,300,,76.9,53,75.9,0,
2025-07-26,11:55:00,cool,compressorCoolStage1On,,Home,76,70,76,52,85.3,0,240,0,0,285,,76.6,52,75.6,0,
2025-07-26,12:00:00,cool,compressorCoolOff,,Home,76,70,76,52,87.1,0,0,0,0,0,,76.4,52,75.6,0,
2025-07-26,12:05:00,cool,compressorCoolOff,,Home,76,70,75.7,53,87.1,0,0,0,0,0,,76.5,53,74.8,0,
2025-07-26,12:10:00,cool,compressorCoolOff,,Home,76,70,75.7,54,87.1,0,0,0,0,0,,76.7,54,74.7,0,
2025-07-26,12:15:00,cool,compressorCoolOff,,Home,76,70,75.8,54,87.1,0,0,0,0,0,,76.9,54,74.7,0,
2025-07-26,12:20:00,cool,compressorCoolOff,,Home,76,70,75.9,55,87.1,0,0,0,0,0,,76.9,55,74.9,0,
2025-07-26,12:25:00,cool,compressorCoolOff,,Home,76,70,76,55,87.1,0,0,0,0,0,,76.9,55,75.2,0,
2025-07-26,12:30:00,cool,compressorCoolOff,,Home,76,70,76,55,87.1,0,0,0,0,0,,76.8,55,75.3,0,
2025-07-26,12:35:00,cool,compressorCoolOff,,Home,76,70,76.2,55,87.1,0,0,0,0,0,,76.8,55,75.6,0,
2025-07-26,12:40:00,cool,compressorCoolOff,,Home,76,70,76.2,55,87.1,0,0,0,0,0,,76.9,55,75.6,0,
2025-07-26,12:45:00,cool,compressorCoolOff,,Home,76,70,76.4,55,87.1,0,0,0,0,0,,77,55,75.8,0,
2025-07-26,12:50:00,cool,compressorCoolOff,,Home,76,70,76.4,55,87.1,0,240,0,0,240,,77.1,55,75.8,0,
2025-07-26,12:55:00,cool,compressorCoolStage1On,,Home,76,70,76.5,54,87.1,0,300,0,0,300,,77.1,54,75.9,0,
2025-07-26,13:00:00,cool,compressorCoolStage1On,,Home,76,70,76.4,52,88.9,0,300,0,0,300,,76.8,52,76,0,
2025-07-26,13:05:00,cool,compressorCoolStage1On,,Home,76,70,75.9,51,88.9,0,105,0,0,150,,76.5,51,75.4,0,
2025-07-26,13:10:00,cool,compressorCoolOff,,Home,76,70,75.7,52,88.9,0,0,0,0,0,,76.5,52,75,0,
2025-07-26,13:15:00,cool,compressorCoolOff,,Home,76,70,75.7,54,88.9,0,0,0,0,0,,76.7,54,74.9,0,
2025-07-26,13:20:00,cool,compressorCoolOff,,Home,76,70,75.9,54,88.9,0,0,0,0,0,,76.8,54,74.9,0,
2025-07-26,13:25:00,cool,compressorCoolOff,,Home,76,70,76,54,88.9,0,0,0,0,0,,76.9,54,75.2,0,
2025-07-26,13:30:00,cool,compressorCoolOff,,Home,76,70,76,55,89.2,0,0,0,0,0,,76.8,55,75.2,0,
2025-07-26,13:35:00,cool,compressorCoolOff,,Home,76,70,76.3,55,89.2,0,0,0,0,0,,76.8,55,75.8,0,
2025-07-26,13:40:00,cool,compressorCoolOff,,Home,76,70,76.3,55,89.2,0,0,0,0,0,,76.9,55,75.8,0,
2025-07-26,13:45:00,cool,compressorCoolOff,,Home,76,70,76.6,55,89.2,0,255,0,0,255,,77,55,76.3,0,
2025-07-26,13:50:00,cool,compressorCoolStage1On,,Home,76,70,76.7,53,89.2,0,300,0,0,300,,77,53,76.4,0,
2025-07-26,13:55:00,cool,compressorCoolStage1On,,Home,76,70,76.4,52,89.2,0,300,0,0,300,,76.8,52,76.1,0,
2025-07-26,14:00:00,cool,compressorCoolStage1On,,Home,76,70,76,51,89.5,0,135,0,0,180,,76.5,51,75.6,0,
2025-07-26,14:05:00,cool,compressorCoolOff,,Home,76,70,75.9,52,89.5,0,0,0,0,0,,76.5,52,75.4,0,
2025-07-26,14:10:00,cool,compressorCoolOff,,Home,76,70,76,54,89.5,0,0,0,0,0,,76.6,54,75.4,0,
2025-07-26,14:15:00,cool,compressorCoolOff,,Home,76,70,76.1,55,89.5,0,0,0,0,0,,76.8,55,75.4,0,
2025-07-26,14:20:00,cool,compressorCoolOff,,Home,76,70,76,54,89.5,0,0,0,0,0,,76.7,54,75.4,0,
2025-07-26,14:25:00,cool,compressorCoolOff,,Home,76,70,76,55,89.5,0,0,0,0,0,,76.7,55,75.4,0,
2025-07-26,14:30:00,cool,compressorCoolOff,,Home,76,70,76,55,88.8,0,0,0,0,0,,76.7,55,75.4,0,
2025-07-26,14:35:00,cool,compressorCoolOff,,Home,76,70,76.1,55,88.8,0,0,0,0,0,,76.8,55,75.4,0,
2025-07-26,14:40:00,cool,compressorCoolOff,,Home,76,70,76.2,55,88.8,0,0,0,0,0,,77,55,75.4,0,
2025-07-26,14:45:00,cool,compressorCoolOff,,Home,76,70,76.2,55,88.8,0,0,0,0,0,,77.1,55,75.4,0,
2025-07-26,14:50:00,cool,compressorCoolOff,,Home,76,70,76.6,55,88.8,0,165,0,0,165,,77.3,55,76.1,0,
2025-07-26,14:55:00,cool,compressorCoolStage1On,,Home,76,70,77,54,88.8,0,300,0,0,300,,77.3,54,76.7,0,
2025-07-26,15:00:00,cool,compressorCoolStage1On,,Home,76,70,76.8,53,90.1,0,300,0,0,300,,77.1,53,76.6,0,
2025-07-26,15:05:00,cool,compressorCoolStage1On,,Home,76,70,76.6,52,90.1,0,300,0,0,300,,76.7,52,76.5,0,
2025-07-26,15:10:00,cool,compressorCoolStage1On,,Home,76,70,76.4,52,90.1,0,270,0,0,300,,76.4,52,76.4,0,
2025-07-26,15:15:00,cool,compressorCoolOff,,Home,76,70,75.9,53,90.1,0,0,0,0,15,,76.3,53,75.6,0,
2025-07-26,15:20:00,cool,compressorCoolOff,,Home,76,70,75.9,53,90.1,0,0,0,0,0,,76.4,53,75.6,0,
2025-07-26,15:25:00,cool,compressorCoolOff,,Home,76,70,76.1,54,90.1,0,0,0,0,0,,76.6,54,75.6,0,
2025-07-26,15:30:00,cool,compressorCoolOff,,Home,76,70,76.2,54,90.1,0,0,0,0,0,,76.8,54,75.6,0,
2025-07-26,15:35:00,cool,compressorCoolOff,,Home,76,70,76.3,54,90.1,0,0,0,0,0,,77,54,75.6,0,
2025-07-26,15:40:00,cool,compressorCoolOff,,Home,76,70,76.4,54,90.1,0,0,0,0,0,,77.2,54,75.6,0,
2025-07-26,15:45:00,cool,compressorCoolOff,,Home,76,70,76.6,54,90.1,0,90,0,0,90,,77.3,54,75.9,0,
2025-07-26,15:50:00,cool,compressorCoolStage1On,,Home,76,70,77.1,54,90.1,0,300,0,0,300,,77.3,54,76.9,0,
2025-07-26,15:55:00,cool,compressorCoolStage1On,,Home,76,70,76.9,53,90.1,0,300,0,0,300,,77.1,53,76.8,0,
2025-07-26,16:00:00,cool,compressorCoolStage1On,,Home,76,70,76.7,52,89.5,0,300,0,0,300,,76.7,52,76.6,0,
2025-07-26,16:05:00,cool,compressorCoolStage1On,,Home,76,70,76.2,52,89.5,0,300,0,0,300,,76.4,52,76.2,0,
2025-07-26,16:10:00,cool,compressorCoolStage1On,,Home,76,70,76,52,89.5,0,15,0,0,60,,76.2,52,75.8,0,
2025-07-26,16:15:00,cool,compressorCoolOff,,Home,76,70,76,52,89.5,0,0,0,0,0,,76.2,52,75.8,0,
2025-07-26,16:20:00,cool,compressorCoolOff,,Home,76,70,76.1,54,89.5,0,0,0,0,0,,76.5,54,75.8,0,
2025-07-26,16:25:00,cool,compressorCoolOff,,Home,76,70,76.3,54,89.5,0,0,0,0,0,,76.7,54,75.9,0,
2025-07-26,16:30:00,cool,compressorCoolOff,,Home,76,70,76.4,54,89.5,0,180,0,0,180,,76.9,54,76.1,0,
2025-07-26,16:35:00,cool,compressorCoolStage1On,,Home,76,70,76.5,53,89.5,0,300,0,0,300,,76.9,53,76.2,0,
2025-07-26,16:40:00,cool,compressorCoolStage1On,,Home,76,70,76.3,51,89.5,0,300,0,0,300,,76.7,51,76,0,
2025-07-26,16:45:00,cool,compressorCoolStage1On,,Home,76,70,76.1,51,89.5,0,285,0,0,300,,76.4,51,75.8,0,
2025-07-26,16:50:00,cool,compressorCoolOff,,Home,76,70,75.9,51,89.5,0,0,0,0,30,,76.3,51,75.7,0,
2025-07-26,16:55:00,cool,compressorCoolOff,,Home,76,70,75.7,53,89.5,0,0,0,0,0,,76.3,53,75.2,0,
2025-07-26,17:00:00,cool,compressorCoolOff,,Home,76,70,75.8,53,89.2,0,0,0,0,0,,76.4,53,75.2,0,
2025-07-26,17:05:00,cool,compressorCoolOff,,Home,76,70,75.9,54,89.2,0,0,0,0,0,,76.5,54,75.5,0,
2025-07-26,17:10:00,cool,compressorCoolOff,,Home,76,70,76.1,54,89.2,0,0,0,0,0,,76.6,54,75.6,0,
2025-07-26,17:15:00,cool,compressorCoolOff,,Home,76,70,76.3,54,89.2,0,0,0,0,0,,76.8,54,75.8,0,
2025-07-26,17:20:00,cool,compressorCoolOff,,Home,76,70,76.5,54,89.2,0,165,0,0,165,,76.9,54,76.1,0,
2025-07-26,17:25:00,cool,compressorCoolStage1On,,Home,76,70,76.5,53,89.2,0,300,0,0,300,,76.9,53,76.2,0,
2025-07-26,17:30:00,cool,compressorCoolStage1On,,Home,76,70,76.4,51,86.4,0,300,0,0,300,,76.7,51,76.1,0,
2025-07-26,17:35:00,cool,compressorCoolStage1On,,Home,76,70,76.1,51,86.4,0,240,0,0,285,,76.4,51,75.8,0,
2025-07-26,17:40:00,cool,compressorCoolOff,,Home,76,70,75.7,51,86.4,0,0,0,0,0,,76.2,51,75.3,0,
2025-07-26,17:45:00,cool,compressorCoolOff,,Home,76,70,75.7,53,86.4,0,0,0,0,0,,76.3,53,75.2,0,
2025-07-26,17:50:00,cool,compressorCoolOff,,Home,76,70,75.8,54,86.4,0,0,0,0,0,,76.4,54,75.2,0,
2025-07-26,17:55:00,cool,compressorCoolOff,,Home,76,70,76,54,86.4,0,0,0,0,0,,76.5,54,75.6,0,
2025-07-26,18:00:00,cool,compressorCoolOff,,Home,76,70,76.2,54,86,0,0,0,0,0,,76.7,54,75.8,0,
2025-07-26,18:05:00,cool,compressorCoolOff,,Home,76,70,76.3,55,86,0,0,0,0,0,,76.9,55,75.8,0,
2025-07-26,18:10:00,cool,compressorCoolOff,,Home,76,70,76.5,55,86,0,150,0,0,150,,77,55,76.1,0,
2025-07-26,18:15:00,cool,compressorCoolStage1On,,Home,76,70,76.7,54,86,0,300,0,0,300,,77,54,76.5,0,
2025-07-26,18:20:00,cool,compressorCoolStage1On,,Home,76,70,76.6,52,86,0,300,0,0,300,,76.9,52,76.3,0,
2025-07-26,18:25:00,cool,compressorCoolStage1On,,Home,76,70,76.2,51,86,0,300,0,0,300,,76.6,51,76,0,
2025-07-26,18:30:00,cool,compressorCoolStage1On,,Home,76,70,76.1,51,86,0,270,0,0,300,,76.3,51,75.9,0,
2025-07-26,18:35:00,cool,compressorCoolOff,,Home,76,70,75.6,51,86,0,0,0,0,15,,76.1,51,75.1,0,
2025-07-26,18:40:00,cool,compressorCoolOff,,Home,76,70,75.6,52,86,0,0,0,0,0,,76.1,52,75.1,0,
2025-07-26,18:45:00,cool,compressorCoolOff,,Home,76,70,75.6,54,86,0,0,0,0,0,,76.2,54,75.1,0,
2025-07-26,18:50:00,cool,compressorCoolOff,,Home,76,70,75.7,54,86,0,0,0,0,0,,76.4,54,75.1,0,
2025-07-26,18:55:00,cool,compressorCoolOff,,Home,76,70,75.8,54,86,0,0,0,0,0,,76.6,54,75.1,0,
2025-07-26,19:00:00,cool,compressorCoolOff,,Home,76,70,76,54,86,0,0,0,0,0,,76.7,54,75.3,0,
2025-07-26,19:05:00,cool,compressorCoolOff,,Home,76,70,76.2,54,86,0,0,0,0,0,,76.9,54,75.6,0,
2025-07-26,19:10:00,cool,compressorCoolOff,,Home,76,70,76.3,55,86,0,60,0,0,60,,77,55,75.6,0,
2025-07-26,19:15:00,cool,compressorCoolStage1On,,Home,76,70,76.5,54,86,0,300,0,0,300,,77,54,76,0,
2025-07-26,19:20:00,cool,compressorCoolStage1On,,Home,76,70,76.4,52,86,0,300,0,0,300,,76.8,52,76,0,
2025-07-26,19:25:00,cool,compressorCoolStage1On,,Home,76,70,76,52,86,0,90,0,0,135,,76.4,52,75.6,0,
2025-07-26,19:30:00,cool,compressorCoolOff,,Home,76,70,75.9,52,86,0,0,0,0,0,,76.3,52,75.6,0,
2025-07-26,19:35:00,cool,compressorCoolOff,,Home,76,70,75.8,52,86,0,0,0,0,0,,76.3,52,75.3,0,
2025-07-26,19:40:00,cool,compressorCoolOff,,Home,76,70,75.9,54,86,0,0,0,0,0,,76.4,54,75.4,0,
2025-07-26,19:45:00,cool,compressorCoolOff,,Home,76,70,76,54,86,0,0,0,0,0,,76.5,54,75.6,0,
2025-07-26,19:50:00,cool,compressorCoolOff,,Home,76,70,76.2,54,86,0,0,0,0,0,,76.7,54,75.6,0,
2025-07-26,19:55:00,cool,compressorCoolOff,,Home,76,70,76.3,54,86,0,0,0,0,0,,76.8,54,75.8,0,
2025-07-26,20:00:00,cool,compressorCoolOff,,Home,76,70,76.4,54,82,0,30,0,0,30,,76.9,54,75.8,0,
2025-07-26,20:05:00,cool,compressorCoolStage1On,,Home,76,70,76.5,53,82,0,300,0,0,300,,77,53,76.1,0,
2025-07-26,20:10:00,cool,compressorCoolStage1On,,Home,76,70,76.4,52,82,0,300,0,0,300,,76.9,52,76,0,
2025-07-26,20:15:00,cool,compressorCoolStage1On,,Home,76,70,76,51,82,0,150,0,0,195,,76.5,51,75.6,0,
2025-07-26,20:20:00,cool,compressorCoolOff,,Home,76,70,76,51,82,0,0,0,0,0,,76.4,51,75.6,0,
2025-07-26,20:25:00,cool,compressorCoolOff,,Home,76,70,75.9,52,82,0,0,0,0,0,,76.5,52,75.3,0,
2025-07-26,20:30:00,cool,compressorCoolOff,,Home,76,70,75.9,52,81.2,0,0,0,0,0,,76.6,52,75.3,0,
2025-07-26,20:35:00,cool,compressorCoolOff,,Home,76,70,76.1,52,81.2,0,0,0,0,0,,76.8,52,75.4,0,
2025-07-26,20:40:00,cool,compressorCoolOff,,Home,76,70,76.1,53,81.2,0,0,0,0,0,,76.8,53,75.4,0,
2025-07-26,20:45:00,cool,compressorCoolOff,,Home,76,70,76,54,81.2,0,0,0,0,0,,76.7,54,75.4,0,
2025-07-26,20:50:00,cool,compressorCoolOff,,Home,76,70,76.1,54,81.2,0,60,0,0,60,,76.7,54,75.6,0,
2025-07-26,20:55:00,cool,compressorCoolStage1On,,Home,76,70,76.6,53,81.2,0,300,0,0,300,,76.8,53,76.4,0,
2025-07-26,21:00:00,cool,compressorCoolStage1On,,Home,76,70,76.5,52,80.2,0,300,0,0,300,,76.7,52,76.4,0,
2025-07-26,21:05:00,cool,compressorCoolStage1On,,Home,76,70,76.3,51,80.2,0,300,0,0,300,,76.4,51,76.2,0,
2025-07-26,21:10:00,cool,compressorCoolStage1On,,Home,76,70,76.1,51,80.2,0,300,0,0,300,,76.2,51,76.2,0,
2025-07-26,21:15:00,cool,compressorCoolStage1On,,Home,76,70,75.8,51,80.2,0,75,0,0,120,,76,51,75.6,0,
2025-07-26,21:20:00,cool,compressorCoolOff,,Home,76,70,75.7,51,80.2,0,0,0,0,0,,76,51,75.4,0,
2025-07-26,21:25:00,cool,compressorCoolOff,,Home,76,70,75.8,51,80.2,0,0,0,0,0,,76.3,51,75.4,0,
2025-07-26,21:30:00,cool,compressorCoolOff,,Home,76,70,75.9,51,80.2,0,0,0,0,0,,76.4,51,75.5,0,
2025-07-26,21:35:00,cool,compressorCoolOff,,Home,76,70,76.1,52,80.2,0,0,0,0,0,,76.5,52,75.8,0,
2025-07-26,21:40:00,cool,compressorCoolOff,,Home,76,70,76.2,52,80.2,0,0,0,0,0,,76.6,52,75.9,0,
2025-07-26,21:45:00,cool,compressorCoolOff,,Home,76,70,76.4,54,80.2,0,135,0,0,135,,76.7,54,76.2,0,
2025-07-26,21:50:00,cool,compressorCoolStage1On,,Home,76,70,76.5,52,80.2,0,300,0,0,300,,76.7,52,76.4,0,
2025-07-26,21:55:00,cool,compressorCoolStage1On,,Home,76,70,76.1,51,80.2,0,285,0,0,300,,76.5,51,75.8,0,
2025-07-26,22:00:00,cool,compressorCoolOff,,Home,76,70,75.9,51,78.6,0,0,0,0,30,,76.1,51,75.8,0,
2025-07-26,22:05:00,cool,compressorCoolOff,,Home,76,70,75.6,52,78.6,0,0,0,0,0,,76.2,52,75.1,0,
2025-07-26,22:10:00,cool,compressorCoolOff,,Home,76,70,75.6,52,78.6,0,0,0,0,0,,76.3,52,74.9,0,
2025-07-26,22:15:00,cool,compressorCoolOff,,Home,76,70,75.7,52,78.6,0,0,0,0,0,,76.5,52,74.9,0,
2025-07-26,22:20:00,cool,compressorCoolOff,,Home,76,70,75.8,52,78.6,0,0,0,0,0,,76.5,52,75.1,0,
2025-07-26,22:25:00,cool,compressorCoolOff,,Home,76,70,76,53,78.6,0,0,0,0,0,,76.5,53,75.6,0,
2025-07-26,22:30:00,cool,compressorCoolOff,,Home,76,70,76.1,54,78.6,0,0,0,0,0,,76.5,54,75.6,0,
2025-07-26,22:35:00,cool,compressorCoolOff,,Home,76,70,76.2,54,78.6,0,0,0,0,0,,76.6,54,75.8,0,
2025-07-26,22:40:00,cool,compressorCoolOff,,Home,76,70,76.2,54,78.6,0,0,0,0,0,,76.7,54,75.8,0,
2025-07-26,22:45:00,cool,compressorCoolOff,,Home,76,70,76.4,54,78.6,0,0,0,0,0,,76.8,54,76,0,
2025-07-26,22:50:00,cool,compressorCoolOff,,Home,76,70,76.4,55,78.6,0,0,0,0,0,,76.8,55,76,0,
2025-07-26,22:55:00,cool,compressorCoolOff,,Home,76,70,76.4,55,78.6,0,210,0,0,210,,76.9,55,76.1,0,
2025-07-26,23:00:00,cool,compressorCoolStage1On,,Home,76,70,76.4,53,77.3,0,300,0,0,300,,76.8,53,76,0,
2025-07-26,23:05:00,cool,compressorCoolStage1On,,Home,76,70,76.2,52,77.3,0,300,0,0,300,,76.6,52,76,0,
2025-07-26,23:10:00,cool,compressorCoolStage1On,,Home,76,70,75.9,51,77.3,0,180,0,0,225,,76.2,51,75.6,0,
2025-07-26,23:15:00,cool,compressorCoolOff,,Home,76,70,75.6,51,77.3,0,0,0,0,0,,76.1,51,75.1,0,
2025-07-26,23:20:00,cool,compressorCoolOff,,Home,76,70,75.6,52,77.3,0,0,0,0,0,,76.2,52,75,0,
2025-07-26,23:25:00,cool,compressorCoolOff,,Home,76,70,75.6,52,77.3,0,0,0,0,0,,76.4,52,74.9,0,
2025-07-26,23:30:00,cool,compressorCoolOff,,Home,76,70,75.7,52,76.2,0,0,0,0,0,,76.5,52,74.9,0,
2025-07-26,23:35:00,cool,compressorCoolOff,,Home,76,70,75.9,52,76.2,0,0,0,0,0,,76.6,52,75.3,0,
2025-07-26,23:40:00,cool,compressorCoolOff,,Home,76,70,76,52,76.2,0,0,0,0,0,,76.7,52,75.4,0,
2025-07-26,23:45:00,cool,compressorCoolOff,,Home,76,70,76.1,53,76.2,0,0,0,0,0,,76.7,53,75.5,0,
2025-07-26,23:50:00,cool,compressorCoolOff,,Home,76,70,76.2,54,76.2,0,0,0,0,0,,76.8,54,75.7,0,
2025-07-26,23:55:00,cool,compressorCoolOff,,Home,76.5,68,76.3,54,76.2,0,0,0,0,0,,76.8,54,75.8,0,
2025-07-27,00:00:00,cool,compressorCoolOff,,Sleep,78,62,76.3,54,76,0,0,0,0,0,,76.9,54,75.9,0,
2025-07-27,00:05:00,cool,compressorCoolOff,,Sleep,78,62,76.5,54,76,0,0,0,0,0,,76.9,54,76.2,0,
2025-07-27,00:10:00,cool,compressorCoolOff,,Sleep,78,62,76.6,55,76,0,0,0,0,0,,76.9,55,76.2,0,
2025-07-27,00:15:00,cool,compressorCoolOff,,Sleep,78,62,76.7,55,76,0,0,0,0,0,,77,55,76.4,0,
2025-07-27,00:20:00,cool,compressorCoolOff,,Sleep,78,62,76.7,55,76,0,0,0,0,0,,77,55,76.4,0,
2025-07-27,00:25:00,cool,compressorCoolOff,,Sleep,78,62,76.7,57,76,0,0,0,0,0,,77,57,76.4,0,
2025-07-27,00:30:00,cool,compressorCoolOff,,Sleep,78,62,76.7,57,76,0,0,0,0,0,,77,57,76.4,0,
2025-07-27,00:35:00,cool,compressorCoolOff,,Sleep,78,62,76.7,57,76,0,0,0,0,0,,77.1,57,76.4,0,
2025-07-27,00:40:00,cool,compressorCoolOff,,Sleep,78,62,76.7,57,76,0,0,0,0,0,,77.1,57,76.4,0,
2025-07-27,00:45:00,cool,compressorCoolOff,,Sleep,78,62,76.7,57,76,0,0,0,0,0,,77.1,57,76.4,0,
2025-07-27,00:50:00,cool,compressorCoolOff,,Sleep,78,62,76.8,57,76,0,0,0,0,0,,77.2,57,76.4,0,
2025-07-27,00:55:00,cool,compressorCoolOff,,Sleep,78,62,76.8,56,76,0,0,0,0,0,,77.2,56,76.5,0,
2025-07-27,01:00:00,cool,compressorCoolOff,,Sleep,78,62,76.8,56,75.8,0,0,0,0,0,,77.1,56,76.5,0,
2025-07-27,01:05:00,cool,compressorCoolOff,,Sleep,78,62,76.8,57,75.8,0,0,0,0,0,,77.1,57,76.5,0,
2025-07-27,01:10:00,cool,compressorCoolOff,,Sleep,78,62,76.8,57,75.8,0,0,0,0,0,,77.1,57,76.5,0,
2025-07-27,01:15:00,cool,compressorCoolOff,,Sleep,78,62,76.8,56,75.8,0,0,0,0,0,,77.2,56,76.5,0,
2025-07-27,01:20:00,cool,compressorCoolOff,,Sleep,78,62,76.8,56,75.8,0,0,0,0,0,,77.2,56,76.5,0,
2025-07-27,01:25:00,cool,compressorCoolOff,,Sleep,78,62,76.8,56,75.8,0,0,0,0,0,,77.2,56,76.5,0,
2025-07-27,01:30:00,cool,compressorCoolOff,,Sleep,78,62,76.8,56,75.8,0,0,0,0,0,,77.2,56,76.5,0,
2025-07-27,01:35:00,cool,compressorCoolOff,,Sleep,78,62,76.9,56,75.8,0,0,0,0,0,,77.3,56,76.5,0,
2025-07-27,01:40:00,cool,compressorCoolOff,,Sleep,78,62,76.9,56,75.8,0,0,0,0,0,,77.3,56,76.5,0,
2025-07-27,01:45:00,cool,compressorCoolOff,,Sleep,78,62,76.9,56,75.8,0,0,0,0,0,,77.3,56,76.5,0,
2025-07-27,01:50:00,cool,compressorCoolOff,,Sleep,78,62,76.8,56,75.8,0,0,0,0,0,,77.2,56,76.5,0,
2025-07-27,01:55:00,cool,compressorCoolOff,,Sleep,78,62,76.8,57,75.8,0,0,0,0,0,,77.2,57,76.5,0,
2025-07-27,02:00:00,cool,compressorCoolOff,,Sleep,78,62,76.8,58,75.5,0,0,0,0,0,,77.2,58,76.5,0,
2025-07-27,02:05:00,cool,compressorCoolOff,,Sleep,78,62,76.9,58,75.5,0,0,0,0,0,,77.3,58,76.5,0,
2025-07-27,02:10:00,cool,compressorCoolOff,,Sleep,78,62,76.9,58,75.5,0,0,0,0,0,,77.3,58,76.5,0,
2025-07-27,02:15:00,cool,compressorCoolOff,,Sleep,78,62,76.9,58,75.5,0,0,0,0,0,,77.4,58,76.5,0,
2025-07-27,02:20:00,cool,compressorCoolOff,,Sleep,78,62,76.9,58,75.5,0,0,0,0,0,,77.4,58,76.5,0,
2025-07-27,02:25:00,cool,compressorCoolOff,,Sleep,78,62,76.9,58,75.5,0,0,0,0,0,,77.4,58,76.5,0,
2025-07-27,02:30:00,cool,compressorCoolOff,,Sleep,78,62,76.9,58,75.4,0,0,0,0,0,,77.4,58,76.5,0,
2025-07-27,02:35:00,cool,compressorCoolOff,,Sleep,78,62,77,58,75.4,0,0,0,0,0,,77.4,58,76.7,0,
2025-07-27,02:40:00,cool,compressorCoolOff,,Sleep,78,62,77.1,58,75.4,0,0,0,0,0,,77.5,58,76.7,0,
2025-07-27,02:45:00,cool,compressorCoolOff,,Sleep,78,62,77,57,75.4,0,0,0,0,0,,77.4,57,76.7,0,
2025-07-27,02:50:00,cool,compressorCoolOff,,Sleep,78,62,77,57,75.4,0,0,0,0,0,,77.3,57,76.7,0,
2025-07-27,02:55:00,cool,compressorCoolOff,,Sleep,78,62,76.9,57,75.4,0,0,0,0,0,,77.3,57,76.5,0,
2025-07-27,03:00:00,cool,compressorCoolOff,,Sleep,78,62,76.9,58,75.4,0,0,0,0,0,,77.3,58,76.5,0,
2025-07-27,03:05:00,cool,compressorCoolOff,,Sleep,78,62,76.9,58,75.4,0,0,0,0,0,,77.3,58,76.5,0,
2025-07-27,03:10:00,cool,compressorCoolOff,,Sleep,78,62,76.9,58,75.4,0,0,0,0,0,,77.4,58,76.5,0,
2025-07-27,03:15:00,cool,compressorCoolOff,,Sleep,78,62,76.9,58,75.4,0,0,0,0,0,,77.4,58,76.5,0,
2025-07-27,03:20:00,cool,compressorCoolOff,,Sleep,78,62,76.9,58,75.4,0,0,0,0,0,,77.4,58,76.5,0,
2025-07-27,03:25:00,cool,compressorCoolOff,,Sleep,78,62,76.9,58,75.4,0,0,0,0,0,,77.4,58,76.5,0,
2025-07-27,03:30:00,cool,compressorCoolOff,,Sleep,78,62,77,58,75.3,0,0,0,0,0,,77.5,58,76.5,0,
2025-07-27,03:35:00,cool,compressorCoolOff,,Sleep,78,62,77,58,75.3,0,0,0,0,0,,77.5,58,76.5,0,
2025-07-27,03:40:00,cool,compressorCoolOff,,Sleep,78,62,77,58,75.3,0,0,0,0,0,,77.5,58,76.5,0,
2025-07-27,03:45:00,cool,compressorCoolOff,,Sleep,78,62,77,58,75.3,0,0,0,0,0,,77.5,58,76.5,0,
2025-07-27,03:50:00,cool,compressorCoolOff,,Sleep,78,62,77,57,75.3,0,0,0,0,0,,77.5,57,76.6,0,
2025-07-27,03:55:00,cool,compressorCoolOff,,Sleep,78,62,77,56,75.3,0,0,0,0,0,,77.4,56,76.7,0,
2025-07-27,04:00:00,cool,compressorCoolOff,,Sleep,78,62,77,57,75.5,0,0,0,0,0,,77.4,57,76.7,0,
2025-07-27,04:05:00,cool,compressorCoolOff,,Sleep,78,62,77,58,75.5,0,0,0,0,0,,77.4,58,76.7,0,
2025-07-27,04:10:00,cool,compressorCoolOff,,Sleep,78,62,77,58,75.5,0,0,0,0,0,,77.4,58,76.7,0,
2025-07-27,04:15:00,cool,compressorCoolOff,,Sleep,78,62,77.1,58,75.5,0,0,0,0,0,,77.5,58,76.7,0,
2025-07-27,04:20:00,cool,compressorCoolOff,,Sleep,78,62,77.1,58,75.5,0,0,0,0,0,,77.5,58,76.7,0,
2025-07-27,04:25:00,cool,compressorCoolOff,,Sleep,78,62,77.1,58,75.5,0,0,0,0,0,,77.5,58,76.7,0,
2025-07-27,04:30:00,cool,compressorCoolOff,,Sleep,78,62,77.1,58,75.5,0,0,0,0,0,,77.5,58,76.7,0,
2025-07-27,04:35:00,cool,compressorCoolOff,,Sleep,78,62,77.1,58,75.5,0,0,0,0,0,,77.5,58,76.7,0,
2025-07-27,04:40:00,cool,compressorCoolOff,,Sleep,78,62,77.1,58,75.5,0,0,0,0,0,,77.5,58,76.7,0,
2025-07-27,04:45:00,cool,compressorCoolOff,,Sleep,78,62,77.1,58,75.5,0,0,0,0,0,,77.5,58,76.7,0,
2025-07-27,04:50:00,cool,compressorCoolOff,,Sleep,78,62,77.1,56,75.5,0,0,0,0,0,,77.5,56,76.7,0,
2025-07-27,04:55:00,cool,compressorCoolOff,,Sleep,78,62,77,56,75.5,0,0,0,0,0,,77.4,56,76.7,0,
2025-07-27,05:00:00,cool,compressorCoolOff,,Sleep,78,62,77,57,75.5,0,0,0,0,0,,77.4,57,76.7,0,
2025-07-27,05:05:00,cool,compressorCoolOff,,Sleep,78,62,77,58,75.5,0,0,0,0,0,,77.4,58,76.7,0,
2025-07-27,05:10:00,cool,compressorCoolOff,,Sleep,78,62,77.1,58,75.5,0,0,0,0,0,,77.5,58,76.7,0,
2025-07-27,05:15:00,cool,compressorCoolOff,,Sleep,78,62,77.1,58,75.5,0,0,0,0,0,,77.5,58,76.7,0,
2025-07-27,05:20:00,cool,compressorCoolOff,,Sleep,78,62,77.1,58,75.5,0,0,0,0,0,,77.5,58,76.7,0,
2025-07-27,05:25:00,cool,compressorCoolOff,,Sleep,78,62,77.1,58,75.5,0,0,0,0,0,,77.5,58,76.7,0,
2025-07-27,05:30:00,cool,compressorCoolOff,,Sleep,78,62,77.1,58,75.5,0,0,0,0,0,,77.5,58,76.7,0,
2025-07-27,05:35:00,cool,compressorCoolOff,,Sleep,78,62,77.1,58,75.5,0,0,0,0,0,,77.5,58,76.7,0,
2025-07-27,05:40:00,cool,compressorCoolOff,,Sleep,78,62,77.1,58,75.5,0,0,0,0,0,,77.6,58,76.7,0,
2025-07-27,05:45:00,cool,compressorCoolOff,,Sleep,78,62,77.1,58,75.5,0,0,0,0,0,,77.6,58,76.7,0,
2025-07-27,05:50:00,cool,compressorCoolOff,,Sleep,78,62,77.1,58,75.5,0,0,0,0,0,,77.6,58,76.7,0,
2025-07-27,05:55:00,cool,compressorCoolOff,,Sleep,78,62,77.1,58,75.5,0,0,0,0,0,,77.6,58,76.7,0,
2025-07-27,06:00:00,cool,compressorCoolOff,,Sleep,78,62,77,57,75.7,0,0,0,0,0,,77.5,57,76.7,0,
2025-07-27,06:05:00,cool,compressorCoolOff,,Sleep,78,62,77,57,75.7,0,0,0,0,0,,77.4,57,76.7,0,
2025-07-27,06:10:00,cool,compressorCoolOff,,Sleep,78,62,77,57,75.7,0,0,0,0,0,,77.4,57,76.7,0,
2025-07-27,06:15:00,cool,compressorCoolOff,,Sleep,78,62,77.1,58,75.7,0,0,0,0,0,,77.5,58,76.7,0,
2025-07-27,06:20:00,cool,compressorCoolOff,,Sleep,78,62,77.1,58,75.7,0,0,0,0,0,,77.5,58,76.7,0,
2025-07-27,06:25:00,cool,compressorCoolOff,,Sleep,78,62,77.1,58,75.7,0,0,0,0,0,,77.5,58,76.7,0,
2025-07-27,06:30:00,cool,compressorCoolOff,,Sleep,78,62,77.1,58,76,0,0,0,0,0,,77.5,58,76.7,0,
2025-07-27,06:35:00,cool,compressorCoolOff,,Sleep,78,62,77.1,58,76,0,0,0,0,0,,77.5,58,76.7,0,
2025-07-27,06:40:00,cool,compressorCoolOff,,Sleep,78,62,77.1,58,76,0,0,0,0,0,,77.5,58,76.7,0,
2025-07-27,06:45:00,cool,compressorCoolOff,,Sleep,78,62,77.1,58,76,0,0,0,0,0,,77.6,58,76.7,0,
2025-07-27,06:50:00,cool,compressorCoolOff,,Sleep,78,62,77.1,58,76,0,0,0,0,0,,77.6,58,76.7,0,
2025-07-27,06:55:00,cool,compressorCoolOff,,Sleep,78,62,77.2,58,76,0,0,0,0,0,,77.6,58,76.9,0,
2025-07-27,07:00:00,cool,compressorCoolOff,,Sleep,78,62,77.2,58,76.4,0,0,0,0,0,,77.6,58,76.9,0,
2025-07-27,07:05:00,cool,compressorCoolOff,,Sleep,78,62,77.1,56,76.4,0,0,0,0,0,,77.4,56,76.9,0,
2025-07-27,07:10:00,cool,compressorCoolOff,,Sleep,78,62,77.1,56,76.4,0,0,0,0,0,,77.4,56,76.9,0,
2025-07-27,07:15:00,cool,compressorCoolOff,,Sleep,78,62,77,57,76.4,0,0,0,0,0,,77.4,57,76.7,0,
2025-07-27,07:20:00,cool,compressorCoolOff,,Sleep,78,62,77.1,58,76.4,0,0,0,0,0,,77.5,58,76.7,0,
2025-07-27,07:25:00,cool,compressorCoolOff,,Sleep,78,62,77.1,58,76.4,0,0,0,0,0,,77.5,58,76.7,0,
2025-07-27,07:30:00,cool,compressorCoolOff,,Sleep,78,62,77.1,58,76.4,0,0,0,0,0,,77.5,58,76.7,0,
2025-07-27,07:35:00,cool,compressorCoolOff,,Sleep,78,62,77.1,58,76.4,0,255,0,0,255,,77.5,58,76.7,0,
2025-07-27,07:40:00,cool,compressorCoolStage1On,(SmartRecovery),Sleep,78,62,77,56,76.4,0,300,0,0,300,,77.4,56,76.6,0,
2025-07-27,07:45:00,cool,compressorCoolStage1On,(SmartRecovery),Sleep,78,62,76.6,54,76.4,0,300,0,0,300,,77.1,54,76.2,0,
2025-07-27,07:50:00,cool,compressorCoolStage1On,(SmartRecovery),Sleep,78,62,76.2,53,76.4,0,300,0,0,300,,76.8,53,75.6,0,
2025-07-27,07:55:00,cool,compressorCoolStage1On,(SmartRecovery),Sleep,77.5,64,75.7,53,76.4,0,45,0,0,90,,76.5,53,75,0,
2025-07-27,08:00:00,cool,compressorCoolOff,,Home,76,70,75.7,53,78.9,0,0,0,0,0,,76.5,53,74.9,0,
2025-07-27,08:05:00,cool,compressorCoolOff,,Home,76,70,75.8,54,78.9,0,0,0,0,0,,76.7,54,74.9,0,
2025-07-27,08:10:00,cool,compressorCoolOff,,Home,76,70,75.9,54,78.9,0,0,0,0,0,,76.9,54,75,0,
2025-07-27,08:15:00,cool,compressorCoolOff,,Home,76,70,76,55,78.9,0,0,0,0,0,,77,55,75.1,0,
2025-07-27,08:20:00,cool,compressorCoolOff,,Home,76,70,76.1,55,78.9,0,0,0,0,0,,77.1,55,75.1,0,
2025-07-27,08:25:00,cool,compressorCoolOff,,Home,76,70,76.2,56,78.9,0,0,0,0,0,,77.2,56,75.2,0,
2025-07-27,08:30:00,cool,compressorCoolOff,,Home,76,70,76.2,56,78.9,0,0,0,0,0,,77.2,56,75.2,0,
2025-07-27,08:35:00,cool,compressorCoolOff,,Home,76,70,76.4,56,78.9,0,45,0,0,45,,77.2,56,75.6,0,
2025-07-27,08:40:00,cool,compressorCoolStage1On,,Home,76,70,76.5,55,78.9,0,300,0,0,300,,77.3,55,75.8,0,
2025-07-27,08:45:00,cool,compressorCoolStage1On,,Home,76,70,76.4,54,78.9,0,300,0,0,300,,77.1,54,75.8,0,
2025-07-27,08:50:00,cool,compressorCoolStage1On,,Home,76,70,76.2,53,78.9,0,300,0,0,300,,76.8,53,75.6,0,
2025-07-27,08:55:00,cool,compressorCoolStage1On,,Home,76,70,76,52,78.9,0,150,0,0,195,,76.5,52,75.6,0,
2025-07-27,09:00:00,cool,compressorCoolOff,,Home,76,70,76,53,80,0,0,0,0,0,,76.4,53,75.6,0,
2025-07-27,09:05:00,cool,compressorCoolOff,,Home,76,70,76,54,80,0,0,0,0,0,,76.4,54,75.6,0,
2025-07-27,09:10:00,cool,compressorCoolOff,,Home,76,70,76,55,80,0,0,0,0,0,,76.6,55,75.4,0,
2025-07-27,09:15:00,cool,compressorCoolOff,,Home,76,70,75.9,55,80,0,0,0,0,0,,76.8,55,75.2,0,
2025-07-27,09:20:00,cool,compressorCoolOff,,Home,76,70,76.1,56,80,0,0,0,0,0,,76.9,56,75.3,0,
2025-07-27,09:25:00,cool,compressorCoolOff,,Home,76,70,76.4,56,80,0,0,0,0,0,,77,56,75.8,0,
2025-07-27,09:30:00,cool,compressorCoolOff,,Home,76,70,76.4,56,80,0,240,0,0,240,,77.1,56,75.8,0,
2025-07-27,09:35:00,cool,compressorCoolStage1On,,Home,76,70,76.6,54,80,0,300,0,0,300,,77.1,54,76.2,0,
2025-07-27,09:40:00,cool,compressorCoolStage1On,,Home,76,70,76.4,53,80,0,300,0,0,300,,77,53,76,0,
2025-07-27,09:45:00,cool,compressorCoolStage1On,,Home,76,70,76.4,52,80,0,300,0,0,300,,76.8,52,76,0,
2025-07-27,09:50:00,cool,compressorCoolStage1On,,Home,76,70,76.3,52,80,0,300,0,0,300,,76.6,52,76,0,
2025-07-27,09:55:00,cool,compressorCoolStage1On,,Home,76,70,75.7,51,80,0,120,0,0,165,,76.4,51,75.1,0,
2025-07-27,10:00:00,cool,compressorCoolOff,,Home,76,70,75.4,53,82.4,0,0,0,0,0,,76.4,53,74.5,0,
2025-07-27,10:05:00,cool,compressorCoolOff,,Home,76,70,75.6,54,82.4,0,0,0,0,0,,76.6,54,74.5,0,
2025-07-27,10:10:00,cool,compressorCoolOff,,Home,76,70,75.8,54,82.4,0,0,0,0,0,,76.8,54,74.8,0,
2025-07-27,10:15:00,cool,compressorCoolOff,,Home,76,70,76,54,82.4,0,0,0,0,0,,76.9,54,75.2,0,
2025-07-27,10:20:00,cool,compressorCoolOff,,Home,76,70,76,54,82.4,0,30,0,0,30,,76.9,54,75.3,0,
2025-07-27,10:25:00,cool,compressorCoolStage1On,,Home,76,70,76.6,54,82.4,0,300,0,0,300,,76.9,54,76.4,0,
2025-07-27,10:30:00,cool,compressorCoolStage1On,,Home,76,70,76.6,53,83.1,0,300,0,0,300,,76.8,53,76.4,0,
2025-07-27,10:35:00,cool,compressorCoolStage1On,,Home,76,70,76.5,52,83.1,0,300,0,0,300,,76.7,52,76.4,0,
2025-07-27,10:40:00,cool,compressorCoolStage1On,,Home,76,70,76.4,51,83.1,0,300,0,0,300,,76.5,51,76.4,0,
2025-07-27,10:45:00,cool,compressorCoolStage1On,,Home,76,70,76,51,83.1,0,90,0,0,135,,76.3,51,75.7,0,
2025-07-27,10:50:00,cool,compressorCoolOff,,Home,76,70,75.8,52,83.1,0,0,0,0,0,,76.3,52,75.4,0,
2025-07-27,10:55:00,cool,compressorCoolOff,,Home,76,70,75.9,52,83.1,0,0,0,0,0,,76.5,52,75.4,0,
2025-07-27,11:00:00,cool,compressorCoolOff,,Home,76,70,76,53,84.3,0,0,0,0,0,,76.7,53,75.4,0,
2025-07-27,11:05:00,cool,compressorCoolOff,,Home,76,70,76.1,54,84.3,0,0,0,0,0,,76.8,54,75.4,0,
2025-07-27,11:10:00,cool,compressorCoolOff,,Home,76,70,76.2,55,84.3,0,75,0,0,75,,76.9,55,75.6,0,
2025-07-27,11:15:00,cool,compressorCoolStage1On,,Home,76,70,76.6,54,84.3,0,300,0,0,300,,77,54,76.2,0,
2025-07-27,11:20:00,cool,compressorCoolStage1On,,Home,76,70,76.5,53,84.3,0,300,0,0,300,,76.9,53,76.2,0,
2025-07-27,11:25:00,cool,compressorCoolStage1On,,Home,76,70,76.1,52,84.3,0,300,0,0,300,,76.6,52,75.8,0,
2025-07-27,11:30:00,cool,compressorCoolStage1On,,Home,76,70,76,52,85.6,0,135,0,0,180,,76.3,52,75.8,0,
2025-07-27,11:35:00,cool,compressorCoolOff,,Home,76,70,75.6,53,85.6,0,0,0,0,0,,76.3,53,75,0,
2025-07-27,11:40:00,cool,compressorCoolOff,,Home,76,70,75.6,55,85.6,0,0,0,0,0,,76.4,55,74.9,0,
2025-07-27,11:45:00,cool,compressorCoolOff,,Home,76,70,75.7,55,85.6,0,0,0,0,0,,76.6,55,74.9,0,
2025-07-27,11:50:00,cool,compressorCoolOff,,Home,76,70,76,55,85.6,0,0,0,0,0,,76.8,55,75.2,0,
2025-07-27,11:55:00,cool,compressorCoolOff,,Home,76,70,76.2,55,85.6,0,0,0,0,0,,76.9,55,75.6,0,
2025-07-27,12:00:00,cool,compressorCoolOff,,Home,76,70,76.3,56,86.9,0,90,0,0,90,,77,56,75.7,0,
2025-07-27,12:05:00,cool,compressorCoolStage1On,,Home,76,70,76.5,55,86.9,0,300,0,0,300,,77,55,76,0,
2025-07-27,12:10:00,cool,compressorCoolStage1On,,Home,76,70,76.4,54,86.9,0,300,0,0,300,,76.8,54,76,0,
2025-07-27,12:15:00,cool,compressorCoolStage1On,,Home,76,70,76.2,53,86.9,0,300,0,0,300,,76.5,53,76,0,
2025-07-27,12:20:00,cool,compressorCoolStage1On,,Home,76,70,76,53,86.9,0,120,0,0,165,,76.1,53,76,0,
2025-07-27,12:25:00,cool,compressorCoolOff,,Home,76,70,76,53,86.9,0,0,0,0,0,,76,53,76,0,
2025-07-27,12:30:00,cool,compressorCoolOff,,Home,76,70,76,54,86.9,0,0,0,0,0,,76.2,54,76,0,
2025-07-27,12:35:00,cool,compressorCoolOff,,Home,76,70,75.9,55,86.9,0,0,0,0,0,,76.4,55,75.4,0,
2025-07-27,12:40:00,cool,compressorCoolOff,,Home,76,70,75.9,55,86.9,0,0,0,0,0,,76.6,55,75.3,0,
2025-07-27,12:45:00,cool,compressorCoolOff,,Home,76,70,76,55,86.9,0,0,0,0,0,,76.8,55,75.4,0,
2025-07-27,12:50:00,cool,compressorCoolOff,,Home,76,70,76.2,56,86.9,0,0,0,0,0,,76.9,56,75.5,0,
2025-07-27,12:55:00,cool,compressorCoolOff,,Home,76,70,76.4,56,86.9,0,0,0,0,0,,77,56,75.8,0,
2025-07-27,13:00:00,cool,compressorCoolOff,,Home,76,70,76.4,56,88.5,0,0,0,0,0,,77.1,56,75.8,0,
2025-07-27,13:05:00,cool,compressorCoolOff,,Home,76,70,76.4,57,88.5,0,30,0,0,30,,77.1,57,75.8,0,
2025-07-27,13:10:00,cool,compressorCoolStage1On,,Home,76,70,76.6,56,88.5,0,300,0,0,300,,77,56,76.2,0,
2025-07-27,13:15:00,cool,compressorCoolStage1On,,Home,76,70,76.5,54,88.5,0,300,0,0,300,,76.8,54,76.2,0,
2025-07-27,13:20:00,cool,compressorCoolStage1On,,Home,76,70,76.3,53,88.5,0,300,0,0,300,,76.6,53,76.2,0,
2025-07-27,13:25:00,cool,compressorCoolStage1On,,Home,76,70,76,53,88.5,0,60,0,0,105,,76.4,53,75.7,0,
2025-07-27,13:30:00,cool,compressorCoolOff,,Home,76,70,76,54,88.5,0,0,0,0,0,,76.4,54,75.6,0,
2025-07-27,13:35:00,cool,compressorCoolOff,,Home,76,70,76.1,54,88.5,0,0,0,0,0,,76.7,54,75.7,0,
2025-07-27,13:40:00,cool,compressorCoolOff,,Home,76,70,76.3,55,88.5,0,15,0,0,15,,76.8,55,75.9,0,
2025-07-27,13:45:00,cool,compressorCoolStage1On,,Home,76,70,76.5,55,88.5,0,300,0,0,300,,77,55,76,0,
2025-07-27,13:50:00,cool,compressorCoolStage1On,,Home,76,70,76.4,54,88.5,0,300,0,0,300,,76.8,54,76,0,
2025-07-27,13:55:00,cool,compressorCoolStage1On,,Home,76,70,76.2,53,88.5,0,300,0,0,300,,76.4,53,76.2,0,
2025-07-27,14:00:00,cool,compressorCoolStage1On,,Home,76,70,76,53,89.3,0,270,0,0,300,,76.1,53,76.1,0,
2025-07-27,14:05:00,cool,compressorCoolOff,,Home,76,70,75.6,53,89.3,0,0,0,0,15,,75.9,53,75.4,0,
2025-07-27,14:10:00,cool,compressorCoolOff,,Home,76,70,75.7,54,89.3,0,0,0,0,0,,76.1,54,75.4,0,
2025-07-27,14:15:00,cool,compressorCoolOff,,Home,76,70,75.8,55,89.3,0,0,0,0,0,,76.4,55,75.4,0,
2025-07-27,14:20:00,cool,compressorCoolOff,,Home,76,70,76,55,89.3,0,0,0,0,0,,76.6,55,75.4,0,
2025-07-27,14:25:00,cool,compressorCoolOff,,Home,76,70,76.2,55,89.3,0,0,0,0,0,,76.8,55,75.7,0,
2025-07-27,14:30:00,cool,compressorCoolOff,,Home,76,70,76.5,56,87.1,0,195,0,0,195,,76.9,56,76.1,0,
2025-07-27,14:35:00,cool,compressorCoolStage1On,,Home,76,70,76.5,55,87.1,0,300,0,0,300,,76.9,55,76.2,0,
2025-07-27,14:40:00,cool,compressorCoolStage1On,,Home,76,70,76.4,54,87.1,0,300,0,0,300,,76.6,54,76.2,0,
2025-07-27,14:45:00,cool,compressorCoolStage1On,,Home,76,70,76.1,53,87.1,0,300,0,0,300,,76.3,53,76,0,
2025-07-27,14:50:00,cool,compressorCoolStage1On,,Home,76,70,75.9,53,87.1,0,45,0,0,90,,76,53,75.9,0,
2025-07-27,14:55:00,cool,compressorCoolOff,,Home,76,70,75.6,54,87.1,0,0,0,0,0,,76.1,54,75.2,0,
2025-07-27,15:00:00,cool,compressorCoolOff,,Home,76,70,75.7,55,88.4,0,0,0,0,0,,76.4,55,75.2,0,
2025-07-27,15:05:00,cool,compressorCoolOff,,Home,76,70,76,56,88.4,0,0,0,0,0,,76.6,56,75.5,0,
2025-07-27,15:10:00,cool,compressorCoolOff,,Home,76,70,76.2,57,88.4,0,0,0,0,0,,76.8,57,75.6,0,
2025-07-27,15:15:00,cool,compressorCoolOff,,Home,76,70,76.5,57,88.4,0,210,0,0,210,,77,57,76,0,
2025-07-27,15:20:00,cool,compressorCoolStage1On,,Home,76,70,76.5,55,88.4,0,300,0,0,300,,76.9,55,76.2,0,
2025-07-27,15:25:00,cool,compressorCoolStage1On,,Home,76,70,76.3,54,88.4,0,300,0,0,300,,76.6,54,76.2,0,
2025-07-27,15:30:00,cool,compressorCoolStage1On,,Home,76,70,76.1,53,87.6,0,195,0,0,240,,76.3,53,75.9,0,
2025-07-27,15:35:00,cool,compressorCoolOff,,Home,76,70,75.8,53,87.6,0,0,0,0,0,,76.2,53,75.4,0,
2025-07-27,15:40:00,cool,compressorCoolOff,,Home,76,70,75.8,54,87.6,0,0,0,0,0,,76.2,54,75.4,0,
2025-07-27,15:45:00,cool,compressorCoolOff,,Home,76,70,75.9,55,87.6,0,0,0,0,0,,76.4,55,75.4,0,
2025-07-27,15:50:00,cool,compressorCoolOff,,Home,76,70,76,56,87.6,0,0,0,0,0,,76.6,56,75.4,0,
2025-07-27,15:55:00,cool,compressorCoolOff,,Home,76,70,76.2,56,87.6,0,0,0,0,0,,76.8,56,75.7,0,
2025-07-27,16:00:00,cool,compressorCoolOff,,Home,76,70,76.3,56,87.4,0,0,0,0,0,,76.9,56,75.8,0,
2025-07-27,16:05:00,cool,compressorCoolOff,,Home,76,70,76.4,56,87.4,0,0,0,0,0,,77,56,75.8,0,
2025-07-27,16:10:00,cool,compressorCoolOff,,Home,76,70,76.4,56,87.4,0,180,0,0,180,,77.1,56,75.8,0,
2025-07-27,16:15:00,cool,compressorCoolStage1On,,Home,76,70,76.4,55,87.4,0,300,0,0,300,,77.1,55,75.8,0,
2025-07-27,16:20:00,cool,compressorCoolStage1On,,Home,76,70,76.2,53,87.4,0,300,0,0,300,,76.8,53,75.8,0,
2025-07-27,16:25:00,cool,compressorCoolStage1On,,Home,76,70,76,52,87.4,0,165,0,0,210,,76.3,52,75.8,0,
2025-07-27,16:30:00,cool,compressorCoolOff,,Home,76,70,75.8,52,87.4,0,0,0,0,0,,76.1,52,75.6,0,
2025-07-27,16:35:00,cool,compressorCoolOff,,Home,76,70,75.6,53,87.4,0,0,0,0,0,,76.2,53,75.1,0,
2025-07-27,16:40:00,cool,compressorCoolOff,,Home,76,70,75.8,54,87.4,0,0,0,0,0,,76.4,54,75.2,0,
2025-07-27,16:45:00,cool,compressorCoolOff,,Home,76,70,75.9,55,87.4,0,0,0,0,0,,76.6,55,75.2,0,
2025-07-27,16:50:00,cool,compressorCoolOff,,Home,76,70,75.9,55,87.4,0,0,0,0,0,,76.7,55,75.2,0,
2025-07-27,16:55:00,cool,compressorCoolOff,,Home,76,70,76,55,87.4,0,0,0,0,0,,76.8,55,75.2,0,
2025-07-27,17:00:00,cool,compressorCoolOff,,Home,76,70,76,55,86.2,0,0,0,0,0,,76.9,55,75.2,0,
2025-07-27,17:05:00,cool,compressorCoolOff,,Home,76,70,76.3,55,86.2,0,195,0,0,195,,77,55,75.7,0,
2025-07-27,17:10:00,cool,compressorCoolStage1On,,Home,76,70,76.4,54,86.2,0,300,0,0,300,,76.9,54,76,0,
2025-07-27,17:15:00,cool,compressorCoolStage1On,,Home,76,70,76.3,52,86.2,0,300,0,0,300,,76.7,52,76,0,
2025-07-27,17:20:00,cool,compressorCoolStage1On,,Home,76,70,76.1,51,86.2,0,300,0,0,300,,76.3,51,76,0,
2025-07-27,17:25:00,cool,compressorCoolStage1On,,Home,76,70,76,51,86.2,0,60,0,0,105,,76,51,76,0,
2025-07-27,17:30:00,cool,compressorCoolOff,,Home,76,70,75.8,52,86.2,0,0,0,0,0,,76,52,75.7,0,
2025-07-27,17:35:00,cool,compressorCoolOff,,Home,76,70,75.4,53,86.2,0,0,0,0,0,,76.1,53,74.7,0,
2025-07-27,17:40:00,cool,compressorCoolOff,,Home,76,70,75.4,54,86.2,0,0,0,0,0,,76.2,54,74.7,0,
2025-07-27,17:45:00,cool,compressorCoolOff,,Home,76,70,75.6,54,86.2,0,0,0,0,0,,76.2,54,75.1,0,
2025-07-27,17:50:00,cool,compressorCoolOff,,Home,76,70,75.7,55,86.2,0,0,0,0,0,,76.4,55,75.1,0,
2025-07-27,17:55:00,cool,compressorCoolOff,,Home,76,70,75.8,55,86.2,0,0,0,0,0,,76.5,55,75.1,0,
2025-07-27,18:00:00,cool,compressorCoolOff,,Home,76,70,75.9,55,84.6,0,0,0,0,0,,76.7,55,75.1,0,
2025-07-27,18:05:00,cool,compressorCoolOff,,Home,76,70,75.9,55,84.6,0,0,0,0,0,,76.8,55,75.1,0,
2025-07-27,18:10:00,cool,compressorCoolOff,,Home,76,70,76.2,56,84.6,0,90,0,0,90,,76.9,56,75.5,0,
2025-07-27,18:15:00,cool,compressorCoolStage1On,,Home,76,70,76.5,55,84.6,0,300,0,0,300,,77,55,76,0,
2025-07-27,18:20:00,cool,compressorCoolStage1On,,Home,76,70,76.3,53,84.6,0,300,0,0,300,,76.8,53,75.9,0,
2025-07-27,18:25:00,cool,compressorCoolStage1On,,Home,76,70,76,53,84.6,0,75,0,0,120,,76.4,53,75.6,0,
2025-07-27,18:30:00,cool,compressorCoolOff,,Home,76,70,76,53,85.2,0,0,0,0,0,,76.4,53,75.6,0,
2025-07-27,18:35:00,cool,compressorCoolOff,,Home,76,70,76,54,85.2,0,0,0,0,0,,76.6,54,75.6,0,
2025-07-27,18:40:00,cool,compressorCoolOff,,Home,76,70,76.1,54,85.2,0,0,0,0,0,,76.7,54,75.6,0,
2025-07-27,18:45:00,cool,compressorCoolOff,,Home,76,70,76.1,55,85.2,0,0,0,0,0,,76.7,55,75.6,0,
2025-07-27,18:50:00,cool,compressorCoolOff,,Home,76,70,76.1,55,85.2,0,0,0,0,0,,76.6,55,75.6,0,
2025-07-27,18:55:00,cool,compressorCoolOff,,Home,76,70,76.1,55,85.2,0,0,0,0,0,,76.6,55,75.6,0,
2025-07-27,19:00:00,cool,compressorCoolOff,,Home,76,70,76.2,55,85.2,0,0,0,0,0,,76.7,55,75.7,0,
2025-07-27,19:05:00,cool,compressorCoolOff,,Home,76,70,76.4,55,85.2,0,0,0,0,0,,76.8,55,76,0,
2025-07-27,19:10:00,cool,compressorCoolOff,,Home,76,70,76.4,56,85.2,0,75,0,0,75,,76.9,56,76,0,
2025-07-27,19:15:00,cool,compressorCoolStage1On,,Home,76,70,76.5,55,85.2,0,300,0,0,300,,76.9,55,76.2,0,
2025-07-27,19:20:00,cool,compressorCoolStage1On,,Home,76,70,76.4,53,85.2,0,300,0,0,300,,76.8,53,76.2,0,
2025-07-27,19:25:00,cool,compressorCoolStage1On,,Home,76,70,76.3,52,85.2,0,300,0,0,300,,76.4,52,76.2,0,
2025-07-27,19:30:00,cool,compressorCoolStage1On,,Home,76,70,76.1,51,85.2,0,300,0,0,300,,76.1,51,76.2,0,
2025-07-27,19:35:00,cool,compressorCoolStage1On,,Home,76,70,75.5,51,85.2,0,60,0,0,105,,75.9,51,75.1,0,
2025-07-27,19:40:00,cool,compressorCoolOff,,Home,76,70,75.4,52,85.2,0,0,0,0,0,,76,52,74.9,0,
2025-07-27,19:45:00,cool,compressorCoolOff,,Home,76,70,75.5,54,85.2,0,0,0,0,0,,76.1,54,75,0,
2025-07-27,19:50:00,cool,compressorCoolOff,,Home,76,70,75.6,54,85.2,0,0,0,0,0,,76.2,54,75.2,0,
2025-07-27,19:55:00,cool,compressorCoolOff,,Home,76,70,75.8,54,85.2,0,0,0,0,0,,76.3,54,75.4,0,
2025-07-27,20:00:00,cool,compressorCoolOff,,Home,76,70,75.9,55,82.3,0,0,0,0,0,,76.4,55,75.4,0,
2025-07-27,20:05:00,cool,compressorCoolOff,,Home,76,70,75.9,55,82.3,0,0,0,0,0,,76.5,55,75.4,0,
2025-07-27,20:10:00,cool,compressorCoolOff,,Home,76,70,76,55,82.3,0,0,0,0,0,,76.6,55,75.4,0,
2025-07-27,20:15:00,cool,compressorCoolOff,,Home,76,70,76,56,82.3,0,0,0,0,0,,76.8,56,75.4,0,
2025-07-27,20:20:00,cool,compressorCoolOff,,Home,76,70,76.1,57,82.3,0,0,0,0,0,,76.9,57,75.4,0,
2025-07-27,20:25:00,cool,compressorCoolOff,,Home,76,70,76.2,57,82.3,0,0,0,0,0,,77,57,75.4,0,
2025-07-27,20:30:00,cool,compressorCoolOff,,Home,76,70,76.5,58,82.3,0,135,0,0,135,,77,58,75.4,0,
2025-07-27,20:35:00,cool,compressorCoolStage1On,,Home,76,70,77,57,82.3,0,300,0,0,300,,77,57,,0,
2025-07-27,20:40:00,cool,compressorCoolStage1On,,Home,76,70,76.7,54,82.3,0,300,0,0,300,,76.8,54,76.5,0,
2025-07-27,20:45:00,cool,compressorCoolStage1On,,Home,76,70,76.4,53,82.3,0,300,0,0,300,,76.5,53,76.5,0,
2025-07-27,20:50:00,cool,compressorCoolStage1On,,Home,76,70,76.1,53,82.3,0,195,0,0,240,,76.2,53,76.1,0,
2025-07-27,20:55:00,cool,compressorCoolOff,,Home,76,70,75.7,53,82.3,0,0,0,0,0,,76,53,75.4,0,
2025-07-27,21:00:00,cool,compressorCoolOff,,Home,76,70,75.8,52,80.7,0,0,0,0,0,,76.2,52,75.4,0,
2025-07-27,21:05:00,cool,compressorCoolOff,,Home,76,70,75.9,53,80.7,0,0,0,0,0,,76.4,53,75.4,0,
2025-07-27,21:10:00,cool,compressorCoolOff,,Home,76,70,76,54,80.7,0,0,0,0,0,,76.6,54,75.6,0,
2025-07-27,21:15:00,cool,compressorCoolOff,,Home,76,70,76.1,55,80.7,0,0,0,0,0,,76.7,55,75.6,0,
2025-07-27,21:20:00,cool,compressorCoolOff,,Home,76,70,76.1,55,80.7,0,0,0,0,0,,76.6,55,75.6,0,
2025-07-27,21:25:00,cool,compressorCoolOff,,Home,76,70,76.2,55,80.7,0,0,0,0,0,,76.6,55,75.8,0,
2025-07-27,21:30:00,cool,compressorCoolOff,,Home,76,70,76.3,56,80.2,0,0,0,0,0,,76.7,56,76,0,
2025-07-27,21:35:00,cool,compressorCoolOff,,Home,76,70,76.3,56,80.2,0,0,0,0,0,,76.7,56,76,0,
2025-07-27,21:40:00,cool,compressorCoolOff,,Home,76,70,76.4,56,80.2,0,105,0,0,105,,76.8,56,76.1,0,
2025-07-27,21:45:00,cool,compressorCoolStage1On,,Home,76,70,76.6,55,80.2,0,300,0,0,300,,76.8,55,76.4,0,
2025-07-27,21:50:00,cool,compressorCoolStage1On,,Home,76,70,76.4,53,80.2,0,300,0,0,300,,76.6,53,76.3,0,
2025-07-27,21:55:00,cool,compressorCoolStage1On,,Home,76,70,76.1,53,80.2,0,300,0,0,300,,76.3,53,76,0,
2025-07-27,22:00:00,cool,compressorCoolStage1On,,Home,76,70,76,52,79.6,0,75,0,0,120,,76,52,76,0,
2025-07-27,22:05:00,cool,compressorCoolOff,,Home,76,70,75.6,52,79.6,0,0,0,0,0,,76.1,52,75.2,0,
2025-07-27,22:10:00,cool,compressorCoolOff,,Home,76,70,75.6,52,79.6,0,0,0,0,0,,76.3,52,75.1,0,
2025-07-27,22:15:00,cool,compressorCoolOff,,Home,76,70,75.7,52,79.6,0,0,0,0,0,,76.4,52,75.1,0,
2025-07-27,22:20:00,cool,compressorCoolOff,,Home,76,70,75.9,54,79.6,0,0,0,0,0,,76.5,54,75.4,0,
2025-07-27,22:25:00,cool,compressorCoolOff,,Home,76,70,76.1,54,79.6,0,0,0,0,0,,76.6,54,75.6,0,
2025-07-27,22:30:00,cool,compressorCoolOff,,Home,76,70,76.1,54,79.3,0,0,0,0,0,,76.7,54,75.6,0,
2025-07-27,22:35:00,cool,compressorCoolOff,,Home,76,70,76.3,55,79.3,0,0,0,0,0,,76.8,55,75.8,0,
2025-07-27,22:40:00,cool,compressorCoolOff,,Home,76,70,76.3,55,79.3,0,0,0,0,0,,76.8,55,75.8,0,
2025-07-27,22:45:00,cool,compressorCoolOff,,Home,76,70,76.3,55,79.3,0,0,0,0,0,,76.7,55,76,0,
2025-07-27,22:50:00,cool,compressorCoolOff,,Home,76,70,76.3,55,79.3,0,0,0,0,0,,76.7,55,76,0,
2025-07-27,22:55:00,cool,compressorCoolOff,,Home,76,70,76.3,55,79.3,0,0,0,0,0,,76.7,55,76,0,
2025-07-27,23:00:00,cool,compressorCoolOff,,Home,76,70,76.3,57,79,0,0,0,0,0,,76.7,57,76,0,
2025-07-27,23:05:00,cool,compressorCoolOff,,Home,76,70,76.5,57,79,0,210,0,0,210,,76.8,57,76.2,0,
2025-07-27,23:10:00,cool,compressorCoolStage1On,,Home,76,70,76.5,55,79,0,300,0,0,300,,76.8,55,76.4,0,
2025-07-27,23:15:00,cool,compressorCoolStage1On,,Home,76,70,76.4,53,79,0,300,0,0,300,,76.5,53,76.4,0,
2025-07-27,23:20:00,cool,compressorCoolStage1On,,Home,76,70,76,52,79,0,195,0,0,240,,76.2,52,75.9,0,
2025-07-27,23:25:00,cool,compressorCoolOff,,Home,76,70,75.6,52,79,0,0,0,0,0,,76,52,75.2,0,
2025-07-27,23:30:00,cool,compressorCoolOff,,Home,76,70,75.6,53,79,0,0,0,0,0,,76.2,53,75.1,0,
2025-07-27,23:35:00,cool,compressorCoolOff,,Home,76,70,75.7,53,79,0,0,0,0,0,,76.3,53,75.1,0,
2025-07-27,23:40:00,cool,compressorCoolOff,,Home,76,70,75.7,54,79,0,0,0,0,0,,76.5,54,75.1,0,
2025-07-27,23:45:00,cool,compressorCoolOff,,Home,76,70,76,54,79,0,0,0,0,0,,76.6,54,75.5,0,
2025-07-27,23:50:00,cool,compressorCoolOff,,Home,76,70,76.1,54,79,0,0,0,0,0,,76.6,54,75.6,0,
2025-07-27,23:55:00,cool,compressorCoolOff,,Home,76.5,68,76.1,54,79,0,0,0,0,0,,76.7,54,75.7,0,
2025-07-28,00:00:00,cool,compressorCoolOff,,Sleep,78,62,76.2,55,77.7,0,0,0,0,0,,76.7,55,75.8,0,
2025-07-28,00:05:00,cool,compressorCoolOff,,Sleep,78,62,76.3,55,77.7,0,0,0,0,0,,76.8,55,75.9,0,
2025-07-28,00:10:00,cool,compressorCoolOff,,Sleep,78,62,76.4,55,77.7,0,0,0,0,0,,76.8,55,76,0,
2025-07-28,00:15:00,cool,compressorCoolOff,,Sleep,78,62,76.4,55,77.7,0,0,0,0,0,,76.8,55,76,0,
2025-07-28,00:20:00,cool,compressorCoolOff,,Sleep,78,62,76.4,57,77.7,0,0,0,0,0,,76.9,57,76,0,
2025-07-28,00:25:00,cool,compressorCoolOff,,Sleep,78,62,76.4,57,77.7,0,0,0,0,0,,76.9,57,76,0,
2025-07-28,00:30:00,cool,compressorCoolOff,,Sleep,78,62,76.4,57,77.7,0,0,0,0,0,,76.8,57,76,0,
2025-07-28,00:35:00,cool,compressorCoolOff,,Sleep,78,62,76.5,57,77.7,0,0,0,0,0,,76.8,57,76.2,0,
2025-07-28,00:40:00,cool,compressorCoolOff,,Sleep,78,62,76.5,57,77.7,0,0,0,0,0,,76.8,57,76.2,0,
2025-07-28,00:45:00,cool,compressorCoolOff,,Sleep,78,62,76.5,57,77.7,0,0,0,0,0,,76.8,57,76.2,0,
2025-07-28,00:50:00,cool,compressorCoolOff,,Sleep,78,62,76.5,57,77.7,0,0,0,0,0,,76.9,57,76.2,0,
2025-07-28,00:55:00,cool,compressorCoolOff,,Sleep,78,62,76.5,58,77.7,0,0,0,0,0,,76.9,58,76.2,0,
2025-07-28,01:00:00,cool,compressorCoolOff,,Sleep,78,62,76.6,58,77.1,0,0,0,0,0,,77,58,76.3,0,
2025-07-28,01:05:00,cool,compressorCoolOff,,Sleep,78,62,76.7,58,77.1,0,0,0,0,0,,77,58,76.4,0,
2025-07-28,01:10:00,cool,compressorCoolOff,,Sleep,78,62,76.7,58,77.1,0,0,0,0,0,,77,58,76.4,0,
2025-07-28,01:15:00,cool,compressorCoolOff,,Sleep,78,62,76.7,58,77.1,0,0,0,0,0,,77,58,76.4,0,
2025-07-28,01:20:00,cool,compressorCoolOff,,Sleep,78,62,76.7,58,77.1,0,0,0,0,0,,77.1,58,76.4,0,
2025-07-28,01:25:00,cool,compressorCoolOff,,Sleep,78,62,76.7,58,77.1,0,0,0,0,0,,77.1,58,76.4,0,
2025-07-28,01:30:00,cool,compressorCoolOff,,Sleep,78,62,76.7,58,76.4,0,0,0,0,0,,77.1,58,76.4,0,
2025-07-28,01:35:00,cool,compressorCoolOff,,Sleep,78,62,76.7,58,76.4,0,0,0,0,0,,77.1,58,76.4,0,
2025-07-28,01:40:00,cool,compressorCoolOff,,Sleep,78,62,76.7,58,76.4,0,0,0,0,0,,77.1,58,76.4,0,
2025-07-28,01:45:00,cool,compressorCoolOff,,Sleep,78,62,76.7,58,76.4,0,0,0,0,0,,77.1,58,76.4,0,
2025-07-28,01:50:00,cool,compressorCoolOff,,Sleep,78,62,76.8,58,76.4,0,0,0,0,0,,77.2,58,76.4,0,
2025-07-28,01:55:00,cool,compressorCoolOff,,Sleep,78,62,76.7,58,76.4,0,0,0,0,0,,77.1,58,76.4,0,
2025-07-28,02:00:00,cool,compressorCoolOff,,Sleep,78,62,76.7,58,76.1,0,0,0,0,0,,77,58,76.4,0,
2025-07-28,02:05:00,cool,compressorCoolOff,,Sleep,78,62,76.7,58,76.1,0,0,0,0,0,,76.9,58,76.5,0,
2025-07-28,02:10:00,cool,compressorCoolOff,,Sleep,78,62,76.7,58,76.1,0,0,0,0,0,,77,58,76.5,0,
2025-07-28,02:15:00,cool,compressorCoolOff,,Sleep,78,62,76.7,58,76.1,0,0,0,0,0,,77,58,76.5,0,
2025-07-28,02:20:00,cool,compressorCoolOff,,Sleep,78,62,76.7,58,76.1,0,0,0,0,0,,77,58,76.5,0,
2025-07-28,02:25:00,cool,compressorCoolOff,,Sleep,78,62,76.8,58,76.1,0,0,0,0,0,,77.1,58,76.5,0,
2025-07-28,02:30:00,cool,compressorCoolOff,,Sleep,78,62,76.8,58,76.1,0,0,0,0,0,,77.1,58,76.5,0,
2025-07-28,02:35:00,cool,compressorCoolOff,,Sleep,78,62,76.8,58,76.1,0,0,0,0,0,,77.1,58,76.5,0,
2025-07-28,02:40:00,cool,compressorCoolOff,,Sleep,78,62,76.8,58,76.1,0,0,0,0,0,,77.2,58,76.5,0,
2025-07-28,02:45:00,cool,compressorCoolOff,,Sleep,78,62,76.8,58,76.1,0,0,0,0,0,,77.2,58,76.5,0,
2025-07-28,02:50:00,cool,compressorCoolOff,,Sleep,78,62,76.8,58,76.1,0,0,0,0,0,,77.2,58,76.5,0,
2025-07-28,02:55:00,cool,compressorCoolOff,,Sleep,78,62,76.8,58,76.1,0,0,0,0,0,,77.2,58,76.5,0,
2025-07-28,03:00:00,cool,compressorCoolOff,,Sleep,78,62,76.8,58,76.1,0,0,0,0,0,,77.2,58,76.5,0,
2025-07-28,03:05:00,cool,compressorCoolOff,,Sleep,78,62,76.8,58,76.1,0,0,0,0,0,,77.2,58,76.5,0,
2025-07-28,03:10:00,cool,compressorCoolOff,,Sleep,78,62,76.8,58,76.1,0,0,0,0,0,,77.1,58,76.5,0,
2025-07-28,03:15:00,cool,compressorCoolOff,,Sleep,78,62,76.7,57,76.1,0,0,0,0,0,,77,57,76.5,0,
2025-07-28,03:20:00,cool,compressorCoolOff,,Sleep,78,62,76.7,58,76.1,0,0,0,0,0,,77,58,76.5,0,
2025-07-28,03:25:00,cool,compressorCoolOff,,Sleep,78,62,76.8,58,76.1,0,0,0,0,0,,77.1,58,76.5,0,
2025-07-28,03:30:00,cool,compressorCoolOff,,Sleep,78,62,76.8,58,76.1,0,0,0,0,0,,77.1,58,76.5,0,
2025-07-28,03:35:00,cool,compressorCoolOff,,Sleep,78,62,76.8,58,76.1,0,0,0,0,0,,77.1,58,76.5,0,
2025-07-28,03:40:00,cool,compressorCoolOff,,Sleep,78,62,76.8,58,76.1,0,0,0,0,0,,77.2,58,76.5,0,
2025-07-28,03:45:00,cool,compressorCoolOff,,Sleep,78,62,76.8,58,76.1,0,0,0,0,0,,77.2,58,76.5,0,
2025-07-28,03:50:00,cool,compressorCoolOff,,Sleep,78,62,76.8,58,76.1,0,0,0,0,0,,77.2,58,76.5,0,
2025-07-28,03:55:00,cool,compressorCoolOff,,Sleep,78,62,76.8,58,76.1,0,0,0,0,0,,77.2,58,76.5,0,
2025-07-28,04:00:00,cool,compressorCoolOff,,Sleep,78,62,76.9,58,75.6,0,0,0,0,0,,77.3,58,76.5,0,
2025-07-28,04:05:00,cool,compressorCoolOff,,Sleep,78,62,77.2,58,75.6,0,0,0,0,0,,77.3,58,76.5,0,
2025-07-28,04:10:00,cool,compressorCoolOff,,Sleep,78,62,77.3,58,75.6,0,0,0,0,0,,77.3,58,,0,
2025-07-28,04:15:00,cool,compressorCoolOff,,Sleep,78,62,77.2,58,75.6,0,0,0,0,0,,77.3,58,76.7,0,
2025-07-28,04:20:00,cool,compressorCoolOff,,Sleep,78,62,77.2,58,75.6,0,0,0,0,0,,77.3,58,76.7,0,
2025-07-28,04:25:00,cool,compressorCoolOff,,Sleep,78,62,77.1,58,75.6,0,0,0,0,0,,77.4,58,76.7,0,
2025-07-28,04:30:00,cool,compressorCoolOff,,Sleep,78,62,77.1,58,75.3,0,0,0,0,0,,77.4,58,76.7,0,
2025-07-28,04:35:00,cool,compressorCoolOff,,Sleep,78,62,77,58,75.3,0,0,0,0,0,,77.4,58,76.7,0,
2025-07-28,04:40:00,cool,compressorCoolOff,,Sleep,78,62,77,58,75.3,0,0,0,0,0,,77.4,58,76.7,0,
2025-07-28,04:45:00,cool,compressorCoolOff,,Sleep,78,62,77,58,75.3,0,0,0,0,0,,77.3,58,76.7,0,
2025-07-28,04:50:00,cool,compressorCoolOff,,Sleep,78,62,76.9,58,75.3,0,0,0,0,0,,77.1,58,76.7,0,
2025-07-28,04:55:00,cool,compressorCoolOff,,Sleep,78,62,76.9,58,75.3,0,0,0,0,0,,77.1,58,76.7,0,
2025-07-28,05:00:00,cool,compressorCoolOff,,Sleep,78,62,76.9,58,75.2,0,0,0,0,0,,77.1,58,76.7,0,
2025-07-28,05:05:00,cool,compressorCoolOff,,Sleep,78,62,76.9,58,75.2,0,0,0,0,0,,77.2,58,76.7,0,
2025-07-28,05:10:00,cool,compressorCoolOff,,Sleep,78,62,76.9,58,75.2,0,0,0,0,0,,77.2,58,76.7,0,
2025-07-28,05:15:00,cool,compressorCoolOff,,Sleep,78,62,76.9,58,75.2,0,0,0,0,0,,77.2,58,76.7,0,
2025-07-28,05:20:00,cool,compressorCoolOff,,Sleep,78,62,76.9,58,75.2,0,0,0,0,0,,77.2,58,76.7,0,
2025-07-28,05:25:00,cool,compressorCoolOff,,Sleep,78,62,76.9,58,75.2,0,0,0,0,0,,77.2,58,76.7,0,
2025-07-28,05:30:00,cool,compressorCoolOff,,Sleep,78,62,77,58,75.2,0,0,0,0,0,,77.3,58,76.7,0,
2025-07-28,05:35:00,cool,compressorCoolOff,,Sleep,78,62,77,58,75.2,0,0,0,0,0,,77.3,58,76.7,0,
2025-07-28,05:40:00,cool,compressorCoolOff,,Sleep,78,62,77,58,75.2,0,0,0,0,0,,77.3,58,76.7,0,
2025-07-28,05:45:00,cool,compressorCoolOff,,Sleep,78,62,77,58,75.2,0,0,0,0,0,,77.3,58,76.7,0,
2025-07-28,05:50:00,cool,compressorCoolOff,,Sleep,78,62,77,58,75.2,0,0,0,0,0,,77.3,58,76.7,0,
2025-07-28,05:55:00,cool,compressorCoolOff,,Sleep,78,62,77,58,75.2,0,0,0,0,0,,77.4,58,76.7,0,
2025-07-28,06:00:00,cool,compressorCoolOff,,Sleep,78,62,77,58,75.4,0,0,0,0,0,,77.4,58,76.7,0,
2025-07-28,06:05:00,cool,compressorCoolOff,,Sleep,78,62,77,58,75.4,0,0,0,0,0,,77.4,58,76.7,0,
2025-07-28,06:10:00,cool,compressorCoolOff,,Sleep,78,62,77,58,75.4,0,0,0,0,0,,77.4,58,76.7,0,
2025-07-28,06:15:00,cool,compressorCoolOff,,Sleep,78,62,77,58,75.4,0,0,0,0,0,,77.4,58,76.7,0,
2025-07-28,06:20:00,cool,compressorCoolOff,,Sleep,78,62,77,58,75.4,0,0,0,0,0,,77.4,58,76.7,0,
2025-07-28,06:25:00,cool,compressorCoolOff,,Sleep,78,62,77,58,75.4,0,0,0,0,0,,77.4,58,76.7,0,
2025-07-28,06:30:00,cool,compressorCoolOff,,Sleep,78,62,77,58,75.4,0,0,0,0,0,,77.4,58,76.7,0,
2025-07-28,06:35:00,cool,compressorCoolOff,,Sleep,78,62,77.1,58,75.4,0,0,0,0,0,,77.5,58,76.7,0,
2025-07-28,06:40:00,cool,compressorCoolOff,,Sleep,78,62,77.1,58,75.4,0,0,0,0,0,,77.5,58,76.7,0,
2025-07-28,06:45:00,cool,compressorCoolOff,,Sleep,78,62,77,58,75.4,0,0,0,0,0,,77.4,58,76.7,0,
2025-07-28,06:50:00,cool,compressorCoolOff,,Sleep,78,62,77,58,75.4,0,0,0,0,0,,77.3,58,76.7,0,
2025-07-28,06:55:00,cool,compressorCoolOff,,Sleep,78,62,76.9,58,75.4,0,0,0,0,0,,77.1,58,76.7,0,
2025-07-28,07:00:00,cool,compressorCoolOff,,Sleep,78,62,76.9,58,76.1,0,0,0,0,0,,77.1,58,76.7,0,
2025-07-28,07:05:00,cool,compressorCoolOff,,Sleep,78,62,76.9,58,76.1,0,0,0,0,0,,77.2,58,76.7,0,
2025-07-28,07:10:00,cool,compressorCoolOff,,Sleep,78,62,76.9,58,76.1,0,0,0,0,0,,77.2,58,76.8,0,
2025-07-28,07:15:00,cool,compressorCoolOff,,Sleep,78,62,77.1,58,76.1,0,0,0,0,0,,77.3,58,76.9,0,
2025-07-28,07:20:00,cool,compressorCoolOff,,Sleep,78,62,77,58,76.1,0,0,0,0,0,,77.3,58,76.8,0,
2025-07-28,07:25:00,cool,compressorCoolOff,,Sleep,78,62,77,58,76.1,0,0,0,0,0,,77.3,58,76.7,0,
2025-07-28,07:30:00,cool,compressorCoolOff,,Sleep,78,62,77,58,76.1,0,0,0,0,0,,77.3,58,76.7,0,
2025-07-28,07:35:00,cool,compressorCoolOff,,Sleep,78,62,77,58,76.1,0,120,0,0,120,,77.3,58,76.7,0,
2025-07-28,07:40:00,cool,compressorCoolStage1On,(SmartRecovery),Sleep,78,62,76.9,57,76.1,0,300,0,0,300,,77.2,57,76.7,0,
2025-07-28,07:45:00,cool,compressorCoolStage1On,(SmartRecovery),Sleep,78,62,76.8,55,76.1,0,300,0,0,300,,77.1,55,76.7,0,
2025-07-28,07:50:00,cool,compressorCoolStage1On,(SmartRecovery),Sleep,78,62,76.7,54,76.1,0,300,0,0,300,,76.7,54,76.7,0,
2025-07-28,07:55:00,cool,compressorCoolStage1On,(SmartRecovery),Sleep,77.6,63.6,76.5,53,76.1,0,300,0,0,300,,76.4,53,76.7,0,
2025-07-28,08:00:00,cool,compressorCoolStage1On,,Home,76,70,75.7,53,78.6,0,60,0,0,105,,76.1,53,75.4,0,
2025-07-28,08:05:00,cool,compressorCoolOff,,Home,76,70,75.6,53,78.6,0,0,0,0,0,,76.2,53,75.1,0,
2025-07-28,08:10:00,cool,compressorCoolOff,,Home,76,70,75.7,54,78.6,0,0,0,0,0,,76.4,54,75.1,0,
2025-07-28,08:15:00,cool,compressorCoolOff,,Home,76,70,75.8,54,78.6,0,0,0,0,0,,76.6,54,75.1,0,
2025-07-28,08:20:00,cool,compressorCoolOff,,Home,76,70,76,54,78.6,0,0,0,0,0,,76.7,54,75.3,0,
2025-07-28,08:25:00,cool,compressorCoolOff,,Home,76,70,76.3,55,78.6,0,0,0,0,0,,76.8,55,75.8,0,
2025-07-28,08:30:00,cool,compressorCoolOff,,Home,76,70,76.3,55,79.9,0,45,0,0,45,,76.9,55,75.8,0,
2025-07-28,08:35:00,cool,compressorCoolStage1On,,Home,76,70,76.4,55,79.9,0,300,0,0,300,,76.9,55,76,0,
2025-07-28,08:40:00,cool,compressorCoolStage1On,,Home,76,70,76.3,54,79.9,0,300,0,0,300,,76.7,54,76,0,
2025-07-28,08:45:00,cool,compressorCoolStage1On,,Home,76,70,75.9,53,79.9,0,15,0,0,60,,76.4,53,75.4,0,
2025-07-28,08:50:00,cool,compressorCoolOff,,Home,76,70,75.9,54,79.9,0,0,0,0,0,,76.4,54,75.4,0,
2025-07-28,08:55:00,cool,compressorCoolOff,,Home,76,70,75.8,54,79.9,0,0,0,0,0,,76.6,54,75.1,0,
2025-07-28,09:00:00,cool,compressorCoolOff,,Home,76,70,75.9,55,81.2,0,0,0,0,0,,76.7,55,75.1,0,
2025-07-28,09:05:00,cool,compressorCoolOff,,Home,76,70,76,55,81.2,0,0,0,0,0,,76.8,55,75.3,0,
2025-07-28,09:10:00,cool,compressorCoolOff,,Home,76,70,76.1,55,81.2,0,0,0,0,0,,76.9,55,75.4,0,
2025-07-28,09:15:00,cool,compressorCoolOff,,Home,76,70,76.2,56,81.2,0,0,0,0,0,,76.9,56,75.6,0,
2025-07-28,09:20:00,cool,compressorCoolOff,,Home,76,70,76.3,56,81.2,0,0,0,0,0,,77,56,75.6,0,
2025-07-28,09:25:00,cool,compressorCoolOff,,Home,76,70,76.4,56,81.2,0,0,0,0,0,,77,56,75.8,0,
2025-07-28,09:30:00,cool,compressorCoolOff,,Home,76,70,76.4,56,81.2,0,0,0,0,0,,77,56,75.8,0,
2025-07-28,09:35:00,cool,compressorCoolOff,,Home,76,70,76.4,56,81.2,0,0,0,0,0,,77.1,56,75.8,0,
2025-07-28,09:40:00,cool,compressorCoolOff,,Home,76,70,76.4,56,81.2,0,0,0,0,0,,77.1,56,75.8,0,
2025-07-28,09:45:00,cool,compressorCoolOff,,Home,76,70,76.5,57,81.2,0,240,0,0,240,,77.1,57,75.9,0,
2025-07-28,09:50:00,cool,compressorCoolStage1On,,Home,76,70,76.5,55,81.2,0,300,0,0,300,,77,55,76,0,
2025-07-28,09:55:00,cool,compressorCoolStage1On,,Home,76,70,76.2,54,81.2,0,300,0,0,300,,76.8,54,75.7,0,
2025-07-28,10:00:00,cool,compressorCoolStage1On,,Home,76,70,75.8,54,84,0,75,0,0,120,,76.4,54,75.3,0,
2025-07-28,10:05:00,cool,compressorCoolOff,,Home,76,70,75.7,54,84,0,0,0,0,0,,76.3,54,75.1,0,
2025-07-28,10:10:00,cool,compressorCoolOff,,Home,76,70,75.7,54,84,0,0,0,0,0,,76.3,54,75.1,0,
2025-07-28,10:15:00,cool,compressorCoolOff,,Home,76,70,75.7,55,84,0,0,0,0,0,,76.4,55,75.1,0,
2025-07-28,10:20:00,cool,compressorCoolOff,,Home,76,70,75.8,55,84,0,0,0,0,0,,76.6,55,75.1,0,
2025-07-28,10:25:00,cool,compressorCoolOff,,Home,76,70,76,56,84,0,0,0,0,0,,76.7,56,75.4,0,
2025-07-28,10:30:00,cool,compressorCoolOff,,Home,76,70,76.1,56,84,0,0,0,0,0,,76.8,56,75.4,0,
2025-07-28,10:35:00,cool,compressorCoolOff,,Home,76,70,76.2,56,84,0,0,0,0,0,,76.9,56,75.7,0,
2025-07-28,10:40:00,cool,compressorCoolOff,,Home,76,70,76.4,56,84,0,0,0,0,0,,77,56,75.8,0,
2025-07-28,10:45:00,cool,compressorCoolOff,,Home,76,70,76.5,56,84,0,195,0,0,195,,77,56,76,0,
2025-07-28,10:50:00,cool,compressorCoolStage1On,,Home,76,70,76.6,55,84,0,300,0,0,300,,77,55,76.2,0,
2025-07-28,10:55:00,cool,compressorCoolStage1On,,Home,76,70,76.4,53,84,0,300,0,0,300,,76.7,53,76.2,0,
2025-07-28,11:00:00,cool,compressorCoolStage1On,,Home,76,70,76.3,52,86.5,0,300,0,0,300,,76.4,52,76.2,0,
2025-07-28,11:05:00,cool,compressorCoolStage1On,,Home,76,70,76,51,86.5,0,240,0,0,285,,76.1,51,75.9,0,
2025-07-28,11:10:00,cool,compressorCoolOff,,Home,76,70,75.4,52,86.5,0,0,0,0,0,,76,52,74.9,0,
2025-07-28,11:15:00,cool,compressorCoolOff,,Home,76,70,75.5,54,86.5,0,0,0,0,0,,76.2,54,74.9,0,
2025-07-28,11:20:00,cool,compressorCoolOff,,Home,76,70,75.6,54,86.5,0,0,0,0,0,,76.4,54,74.9,0,
2025-07-28,11:25:00,cool,compressorCoolOff,,Home,76,70,75.7,54,86.5,0,0,0,0,0,,76.5,54,74.9,0,
2025-07-28,11:30:00,cool,compressorCoolOff,,Home,76,70,76,55,87.3,0,0,0,0,0,,76.7,55,75.3,0,
2025-07-28,11:35:00,cool,compressorCoolOff,,Home,76,70,76.1,55,87.3,0,0,0,0,0,,76.7,55,75.6,0,
2025-07-28,11:40:00,cool,compressorCoolOff,,Home,76,70,76.1,55,87.3,0,0,0,0,0,,76.6,55,75.6,0,
2025-07-28,11:45:00,cool,compressorCoolOff,,Home,76,70,76.1,55,87.3,0,0,0,0,0,,76.7,55,75.6,0,
2025-07-28,11:50:00,cool,compressorCoolOff,,Home,76,70,76.2,56,87.3,0,0,0,0,0,,76.8,56,75.6,0,
2025-07-28,11:55:00,cool,compressorCoolOff,,Home,76,70,76.2,56,87.3,0,0,0,0,0,,76.9,56,75.6,0,
2025-07-28,12:00:00,cool,compressorCoolOff,,Home,76,70,76.3,56,88.3,0,30,0,0,30,,77,56,75.6,0,
2025-07-28,12:05:00,cool,compressorCoolStage1On,,Home,76,70,76.6,55,88.3,0,300,0,0,300,,77,55,76.2,0,
2025-07-28,12:10:00,cool,compressorCoolStage1On,,Home,76,70,76.5,54,88.3,0,300,0,0,300,,76.9,54,76.2,0,
2025-07-28,12:15:00,cool,compressorCoolStage1On,,Home,76,70,76.1,52,88.3,0,300,0,0,300,,76.7,52,75.6,0,
2025-07-28,12:20:00,cool,compressorCoolStage1On,,Home,76,70,76,52,88.3,0,30,0,0,75,,76.4,52,75.6,0,
2025-07-28,12:25:00,cool,compressorCoolOff,,Home,76,70,75.7,54,88.3,0,0,0,0,0,,76.5,54,75.1,0,
2025-07-28,12:30:00,cool,compressorCoolOff,,Home,76,70,75.8,55,89.4,0,0,0,0,0,,76.6,55,75,0,
2025-07-28,12:35:00,cool,compressorCoolOff,,Home,76,70,75.8,55,89.4,0,0,0,0,0,,76.6,55,75.1,0,
2025-07-28,12:40:00,cool,compressorCoolOff,,Home,76,70,75.8,55,89.4,0,0,0,0,0,,76.6,55,75.1,0,
2025-07-28,12:45:00,cool,compressorCoolOff,,Home,76,70,75.9,55,89.4,0,0,0,0,0,,76.7,55,75.1,0,
2025-07-28,12:50:00,cool,compressorCoolOff,,Home,76,70,76,56,89.4,0,0,0,0,0,,76.9,56,75.1,0,
2025-07-28,12:55:00,cool,compressorCoolOff,,Home,76,70,76,56,89.4,0,0,0,0,0,,77,56,75.1,0,
2025-07-28,13:00:00,cool,compressorCoolOff,,Home,76,70,76.1,56,90.3,0,0,0,0,0,,77.1,56,75.1,0,
2025-07-28,13:05:00,cool,compressorCoolOff,,Home,76,70,76.1,56,90.3,0,0,0,0,0,,77.2,56,75.1,0,
2025-07-28,13:10:00,cool,compressorCoolOff,,Home,76,70,76.8,58,90.3,0,165,0,0,165,,77.3,58,75.1,0,
2025-07-28,13:15:00,cool,compressorCoolStage1On,,Home,76,70,77.1,56,90.3,0,300,0,0,300,,77.2,56,76,0,
2025-07-28,13:20:00,cool,compressorCoolStage1On,,Home,76,70,76.7,54,90.3,0,300,0,0,300,,76.9,54,76,0,
2025-07-28,13:25:00,cool,compressorCoolStage1On,,Home,76,70,76.2,54,90.3,0,225,0,0,270,,76.5,54,75.5,0,
2025-07-28,13:30:00,cool,compressorCoolOff,,Home,76,70,75.7,54,90.3,0,0,0,0,0,,76.2,54,75,0,
2025-07-28,13:35:00,cool,compressorCoolOff,,Home,76,70,75.7,54,90.3,0,0,0,0,0,,76.3,54,74.9,0,
2025-07-28,13:40:00,cool,compressorCoolOff,,Home,76,70,75.7,55,90.3,0,0,0,0,0,,76.5,55,74.9,0,
2025-07-28,13:45:00,cool,compressorCoolOff,,Home,76,70,75.9,57,90.3,0,0,0,0,0,,76.7,57,75.2,0,
2025-07-28,13:50:00,cool,compressorCoolOff,,Home,76,70,76,56,90.3,0,0,0,0,0,,76.9,56,75.2,0,
2025-07-28,13:55:00,cool,compressorCoolOff,,Home,76,70,76.1,56,90.3,0,0,0,0,0,,77.1,56,75.2,0,
2025-07-28,14:00:00,cool,compressorCoolOff,,Home,76,70,76.2,56,91.4,0,0,0,0,0,,77.2,56,75.2,0,
2025-07-28,14:05:00,cool,compressorCoolOff,,Home,76,70,76.5,57,91.4,0,240,0,0,240,,77.2,57,75.8,0,
2025-07-28,14:10:00,cool,compressorCoolStage1On,,Home,76,70,76.6,55,91.4,0,300,0,0,300,,77.2,55,76.1,0,
2025-07-28,14:15:00,cool,compressorCoolStage1On,,Home,76,70,76.5,54,91.4,0,300,0,0,300,,76.8,54,76.2,0,
2025-07-28,14:20:00,cool,compressorCoolStage1On,,Home,76,70,76.3,53,91.4,0,300,0,0,300,,76.4,53,76.2,0,
2025-07-28,14:25:00,cool,compressorCoolStage1On,,Home,76,70,76.1,53,91.4,0,300,0,0,300,,76.1,53,76.2,0,
2025-07-28,14:30:00,cool,compressorCoolStage1On,,Home,76,70,76.1,52,91.4,0,300,0,0,300,,76,52,76.2,0,
2025-07-28,14:35:00,cool,compressorCoolStage1On,,Home,76,70,75.8,51,91.4,0,180,0,0,225,,75.9,51,75.8,0,
2025-07-28,14:40:00,cool,compressorCoolOff,,Home,76,70,75.1,52,91.4,0,0,0,0,0,,76,52,74.3,0,
2025-07-28,14:45:00,cool,compressorCoolOff,,Home,76,70,75.2,53,91.4,0,0,0,0,0,,76.3,53,74.3,0,
2025-07-28,14:50:00,cool,compressorCoolOff,,Home,76,70,75.4,54,91.4,0,0,0,0,0,,76.5,54,74.3,0,
2025-07-28,14:55:00,cool,compressorCoolOff,,Home,76,70,75.8,54,91.4,0,0,0,0,0,,76.7,54,75,0,
2025-07-28,15:00:00,cool,compressorCoolOff,,Home,76,70,75.9,55,92.6,0,0,0,0,0,,76.8,55,75.1,0,
2025-07-28,15:05:00,cool,compressorCoolOff,,Home,76,70,75.9,55,92.6,0,0,0,0,0,,76.8,55,75.1,0,
2025-07-28,15:10:00,cool,compressorCoolOff,,Home,76,70,76.1,55,92.6,0,0,0,0,0,,76.8,55,75.5,0,
2025-07-28,15:15:00,cool,compressorCoolOff,,Home,76,70,76.4,55,92.6,0,150,0,0,150,,76.9,55,75.9,0,
2025-07-28,15:20:00,cool,compressorCoolStage1On,,Home,76,70,76.5,55,92.6,0,300,0,0,300,,77.1,55,76,0,
2025-07-28,15:25:00,cool,compressorCoolStage1On,,Home,76,70,76.4,53,92.6,0,300,0,0,300,,76.9,53,76,0,
2025-07-28,15:30:00,cool,compressorCoolStage1On,,Home,76,70,76.3,52,92.6,0,300,0,0,300,,76.7,52,76,0,
2025-07-28,15:35:00,cool,compressorCoolStage1On,,Home,76,70,76.2,52,92.6,0,300,0,0,300,,76.5,52,76,0,
2025-07-28,15:40:00,cool,compressorCoolStage1On,,Home,76,70,76.1,52,92.6,0,300,0,0,300,,76.3,52,76,0,
2025-07-28,15:45:00,cool,compressorCoolStage1On,,Home,76,70,76,53,92.6,0,30,0,0,75,,76,53,76,0,
2025-07-28,15:50:00,cool,compressorCoolOff,,Home,76,70,75.4,53,92.6,0,0,0,0,0,,76.1,53,74.7,0,
2025-07-28,15:55:00,cool,compressorCoolOff,,Home,76,70,75.6,55,92.6,0,0,0,0,0,,76.4,55,74.8,0,
2025-07-28,16:00:00,cool,compressorCoolOff,,Home,76,70,75.8,55,92.6,0,0,0,0,0,,76.6,55,75,0,
2025-07-28,16:05:00,cool,compressorCoolOff,,Home,76,70,75.9,55,92.6,0,0,0,0,0,,76.8,55,75.1,0,
2025-07-28,16:10:00,cool,compressorCoolOff,,Home,76,70,76.1,55,92.6,0,0,0,0,0,,77,55,75.3,0,
2025-07-28,16:15:00,cool,compressorCoolOff,,Home,76,70,76.3,56,92.6,0,0,0,0,0,,77.1,56,75.6,0,
2025-07-28,16:20:00,cool,compressorCoolOff,,Home,76,70,76.3,56,92.6,0,0,0,0,0,,77.1,56,75.6,0,
2025-07-28,16:25:00,cool,compressorCoolOff,,Home,76,70,76.3,56,92.6,0,0,0,0,0,,77.1,56,75.6,0,
2025-07-28,16:30:00,cool,compressorCoolOff,,Home,76,70,76.3,56,92.6,0,0,0,0,0,,77.1,56,75.6,0,
2025-07-28,16:35:00,cool,compressorCoolOff,,Home,76,70,76.3,56,92.6,0,0,0,0,0,,77.1,56,75.6,0,
2025-07-28,16:40:00,cool,compressorCoolOff,,Home,76,70,76.4,56,92.6,0,30,0,0,30,,77.2,56,75.6,0,
2025-07-28,16:45:00,cool,compressorCoolStage1On,,Home,76,70,76.8,55,92.6,0,300,0,0,300,,77.4,55,76.4,0,
2025-07-28,16:50:00,cool,compressorCoolStage1On,,Home,76,70,77,54,92.6,0,300,0,0,300,,77.3,54,76.7,0,
2025-07-28,16:55:00,cool,compressorCoolStage1On,,Home,76,70,76.8,54,92.6,0,300,0,0,300,,77.1,54,76.5,0,
2025-07-28,17:00:00,cool,compressorCoolStage1On,,Home,76,70,76.4,53,92.3,0,300,0,0,300,,76.8,53,76.1,0,
2025-07-28,17:05:00,cool,compressorCoolStage1On,,Home,76,70,76.1,52,92.3,0,300,0,0,300,,76.5,52,75.8,0,
2025-07-28,17:10:00,cool,compressorCoolStage1On,,Home,76,70,75.9,52,92.3,0,60,0,0,105,,76.2,52,75.6,0,
2025-07-28,17:15:00,cool,compressorCoolOff,,Home,76,70,75.7,53,92.3,0,0,0,0,0,,76.2,53,75.2,0,
2025-07-28,17:20:00,cool,compressorCoolOff,,Home,76,70,75.8,54,92.3,0,0,0,0,0,,76.5,54,75.2,0,
2025-07-28,17:25:00,cool,compressorCoolOff,,Home,76,70,75.9,55,92.3,0,0,0,0,0,,76.8,55,75.2,0,
2025-07-28,17:30:00,cool,compressorCoolOff,,Home,76,70,76,55,91.7,0,0,0,0,0,,77,55,75.2,0,
2025-07-28,17:35:00,cool,compressorCoolOff,,Home,76,70,76.6,55,91.7,0,270,0,0,270,,77.1,55,76.1,0,
2025-07-28,17:40:00,cool,compressorCoolStage1On,,Home,76,70,76.6,54,91.7,0,300,0,0,300,,77.1,54,76.2,0,
2025-07-28,17:45:00,cool,compressorCoolStage1On,,Home,76,70,76.4,54,91.7,0,300,0,0,300,,76.8,54,76.2,0,
2025-07-28,17:50:00,cool,compressorCoolStage1On,,Home,76,70,76.2,52,91.7,0,150,0,0,195,,76.5,52,75.9,0,
2025-07-28,17:55:00,cool,compressorCoolOff,,Home,76,70,76,52,91.7,0,0,0,0,0,,76.4,52,75.6,0,
2025-07-28,18:00:00,cool,compressorCoolOff,,Home,76,70,76,54,91.3,0,0,0,0,0,,76.6,54,75.6,0,
2025-07-28,18:05:00,cool,compressorCoolOff,,Home,76,70,76.1,55,91.3,0,0,0,0,0,,76.8,55,75.6,0,
2025-07-28,18:10:00,cool,compressorCoolOff,,Home,76,70,76.3,55,91.3,0,30,0,0,30,,77,55,75.6,0,
2025-07-28,18:15:00,cool,compressorCoolStage1On,,Home,76,70,76.5,54,91.3,0,300,0,0,300,,77.1,54,76,0,
2025-07-28,18:20:00,cool,compressorCoolStage1On,,Home,76,70,76.5,53,91.3,0,300,0,0,300,,77.1,53,76,0,
2025-07-28,18:25:00,cool,compressorCoolStage1On,,Home,76,70,76.4,52,91.3,0,300,0,0,300,,76.9,52,76,0,
2025-07-28,18:30:00,cool,compressorCoolStage1On,,Home,76,70,76.2,52,91.3,0,300,0,0,300,,76.6,52,76,0,
2025-07-28,18:35:00,cool,compressorCoolStage1On,,Home,76,70,76.1,52,91.3,0,300,0,0,300,,76.3,52,76,0,
2025-07-28,18:40:00,cool,compressorCoolOff,,Home,76,70,76,51,91.3,0,0,0,0,45,,76,51,76,0,
2025-07-28,18:45:00,cool,compressorCoolOff,,Home,76,70,76,52,91.3,0,0,0,0,0,,76,52,76,0,
2025-07-28,18:50:00,cool,compressorCoolOff,,Home,76,70,76.1,53,91.3,0,30,0,0,30,,76.3,53,76,0,
2025-07-28,18:55:00,cool,compressorCoolStage1On,,Home,76,70,76.5,53,91.3,0,300,0,0,300,,76.5,53,,0,
2025-07-28,19:00:00,cool,compressorCoolStage1On,,Home,76,70,76.5,51,91.3,0,300,0,0,300,,76.5,51,,0,
2025-07-28,19:05:00,cool,compressorCoolStage1On,,Home,76,70,76.2,51,91.3,0,300,0,0,300,,76.2,51,,0,
2025-07-28,19:10:00,cool,compressorCoolStage1On,,Home,76,70,76,51,91.3,0,60,0,0,105,,76,51,,0,
2025-07-28,19:15:00,cool,compressorCoolOff,,Home,76,70,75.9,52,91.3,0,0,0,0,0,,76,52,74.5,0,
2025-07-28,19:20:00,cool,compressorCoolOff,,Home,76,70,75.8,54,91.3,0,0,0,0,0,,76.2,54,74.5,0,
2025-07-28,19:25:00,cool,compressorCoolOff,,Home,76,70,75.9,54,91.3,0,0,0,0,0,,76.4,54,75,0,
2025-07-28,19:30:00,cool,compressorCoolOff,,Home,76,70,75.9,54,91.3,0,0,0,0,0,,76.4,54,75.2,0,
2025-07-28,19:35:00,cool,compressorCoolOff,,Home,76,70,76,54,91.3,0,0,0,0,0,,76.5,54,75.4,0,
2025-07-28,19:40:00,cool,compressorCoolOff,,Home,76,70,76.2,55,91.3,0,0,0,0,0,,76.7,55,75.7,0,
2025-07-28,19:45:00,cool,compressorCoolOff,,Home,76,70,76.4,55,91.3,0,150,0,0,150,,76.9,55,76,0,
2025-07-28,19:50:00,cool,compressorCoolStage1On,,Home,76,70,76.5,54,91.3,0,300,0,0,300,,77,54,76,0,
2025-07-28,19:55:00,cool,compressorCoolStage1On,,Home,76,70,76.4,52,91.3,0,300,0,0,300,,76.8,52,76.2,0,
2025-07-28,20:00:00,cool,compressorCoolStage1On,,Home,76,70,76.3,51,86.1,0,300,0,0,300,,76.5,51,76.2,0,
2025-07-28,20:05:00,cool,compressorCoolOff,,Home,76,70,75.8,51,86.1,0,0,0,0,45,,76.3,51,75.4,0,
2025-07-28,20:10:00,cool,compressorCoolOff,,Home,76,70,75.8,52,86.1,0,0,0,0,0,,76.3,52,75.4,0,
2025-07-28,20:15:00,cool,compressorCoolOff,,Home,76,70,75.9,53,86.1,0,0,0,0,0,,76.4,53,75.4,0,
2025-07-28,20:20:00,cool,compressorCoolOff,,Home,76,70,75.9,54,86.1,0,0,0,0,0,,76.6,54,75.4,0,
2025-07-28,20:25:00,cool,compressorCoolOff,,Home,76,70,76,54,86.1,0,0,0,0,0,,76.7,54,75.4,0,
2025-07-28,20:30:00,cool,compressorCoolOff,,Home,76,70,76.1,54,86.1,0,0,0,0,0,,76.9,54,75.4,0,
2025-07-28,20:35:00,cool,compressorCoolOff,,Home,76,70,76.2,55,86.1,0,0,0,0,0,,77,55,75.4,0,
2025-07-28,20:40:00,cool,compressorCoolOff,,Home,76,70,76.2,55,86.1,0,0,0,0,0,,77.1,55,75.4,0,
2025-07-28,20:45:00,cool,compressorCoolOff,,Home,76,70,76.3,55,86.1,0,0,0,0,0,,77.2,55,75.4,0,
2025-07-28,20:50:00,cool,compressorCoolOff,,Home,76,70,76.3,55,86.1,0,0,0,0,0,,77.2,55,75.4,0,
2025-07-28,20:55:00,cool,compressorCoolOff,,Home,76,70,77.1,55,86.1,0,240,0,0,240,,77.3,55,75.4,0,
2025-07-28,21:00:00,cool,compressorCoolStage1On,,Home,76,70,77.1,54,84.3,0,300,0,0,300,,77.1,54,,0,
2025-07-28,21:05:00,cool,compressorCoolStage1On,,Home,76,70,76.8,53,84.3,0,300,0,0,300,,76.8,53,,0,
2025-07-28,21:10:00,cool,compressorCoolStage1On,,Home,76,70,76.6,53,84.3,0,300,0,0,300,,76.6,53,,0,
2025-07-28,21:15:00,cool,compressorCoolStage1On,,Home,76,70,76.5,52,84.3,0,300,0,0,300,,76.5,52,,0,
2025-07-28,21:20:00,cool,compressorCoolStage1On,,Home,76,70,76.4,51,84.3,0,300,0,0,300,,76.4,51,,0,
2025-07-28,21:25:00,cool,compressorCoolStage1On,,Home,76,70,76.3,50,84.3,0,300,0,0,300,,76.3,50,,0,
2025-07-28,21:30:00,cool,compressorCoolStage1On,,Home,76,70,76.1,50,83.4,0,300,0,0,300,,76.1,50,,0,
2025-07-28,21:35:00,cool,compressorCoolStage1On,,Home,76,70,76,50,83.4,0,150,0,0,195,,76,50,74.9,0,
2025-07-28,21:40:00,cool,compressorCoolOff,,Home,76,70,75.8,50,83.4,0,0,0,0,0,,76,50,74.9,0,
2025-07-28,21:45:00,cool,compressorCoolOff,,Home,76,70,75.9,51,83.4,0,0,0,0,0,,76.2,51,74.9,0,
2025-07-28,21:50:00,cool,compressorCoolOff,,Home,76,70,75.9,52,83.4,0,0,0,0,0,,76.4,52,74.9,0,
2025-07-28,21:55:00,cool,compressorCoolOff,,Home,76,70,75.8,52,83.4,0,0,0,0,0,,76.5,52,74.9,0,
2025-07-28,22:00:00,cool,compressorCoolOff,,Home,76,70,75.8,52,82.6,0,0,0,0,0,,76.6,52,74.9,0,
2025-07-28,22:05:00,cool,compressorCoolOff,,Home,76,70,75.7,53,82.6,0,0,0,0,0,,76.7,53,74.9,0,
2025-07-28,22:10:00,cool,compressorCoolOff,,Home,76,70,75.7,54,82.6,0,0,0,0,0,,76.6,54,74.9,0,
2025-07-28,22:15:00,cool,compressorCoolOff,,Home,76,70,75.9,54,82.6,0,60,0,0,60,,76.7,54,74.9,0,
2025-07-28,22:20:00,cool,compressorCoolStage1On,,Home,76,70,76.8,54,82.6,0,300,0,0,300,,76.8,54,,0,
2025-07-28,22:25:00,cool,compressorCoolStage1On,,Home,76,70,76.6,52,82.6,0,300,0,0,300,,76.6,52,,0,
2025-07-28,22:30:00,cool,compressorCoolStage1On,,Home,76,70,76.4,51,82.6,0,300,0,0,300,,76.4,51,,0,
2025-07-28,22:35:00,cool,compressorCoolStage1On,,Home,76,70,76.1,51,82.6,0,210,0,0,255,,76.1,51,,0,
2025-07-28,22:40:00,cool,compressorCoolOff,,Home,76,70,76,51,82.6,0,0,0,0,0,,76,51,,0,
2025-07-28,22:45:00,cool,compressorCoolOff,,Home,76,70,76.1,51,82.6,0,0,0,0,0,,76.1,51,,0,
2025-07-28,22:50:00,cool,compressorCoolOff,,Home,76,70,76.3,52,82.6,0,0,0,0,0,,76.3,52,,0,
2025-07-28,22:55:00,cool,compressorCoolOff,,Home,76,70,76.4,52,82.6,0,135,0,0,135,,76.4,52,,0,
2025-07-28,23:00:00,cool,compressorCoolStage1On,,Home,76,70,76.4,51,81.3,0,300,0,0,300,,76.4,51,,0,
2025-07-28,23:05:00,cool,compressorCoolStage1On,,Home,76,70,76.2,51,81.3,0,300,0,0,300,,76.2,51,,0,
2025-07-28,23:10:00,cool,compressorCoolStage1On,,Home,76,70,76,50,81.3,0,30,0,0,75,,76,50,,0,
2025-07-28,23:15:00,cool,compressorCoolOff,,Home,76,70,76,52,81.3,0,0,0,0,0,,76,52,,0,
2025-07-28,23:20:00,cool,compressorCoolOff,,Home,76,70,76.1,52,81.3,0,0,0,0,0,,76.1,52,75.8,0,
2025-07-28,23:25:00,cool,compressorCoolOff,,Home,76,70,76.2,53,81.3,0,0,0,0,0,,76.3,53,75.8,0,
2025-07-28,23:30:00,cool,compressorCoolOff,,Home,76,70,76.2,53,81.3,0,0,0,0,0,,76.4,53,75.8,0,
2025-07-28,23:35:00,cool,compressorCoolOff,,Home,76,70,76.2,53,81.3,0,0,0,0,0,,76.5,53,75.8,0,
2025-07-28,23:40:00,,,,,,,,,81.3,0,,,,,,,,,,
2025-07-28,23:45:00,,,,,,,,,81.3,0,,,,,,,,,,
2025-07-28,23:50:00,,,,,,,,,81.3,0,,,,,,,,,,
2025-07-28,23:55:00,,,,,,,,,81.3,0,,,,,,,,,,
2025-07-29,00:00:00,,,,,,,,,,,,,,,,,,,,
2025-07-29,00:05:00,,,,,,,,,,,,,,,,,,,,
2025-07-29,00:10:00,,,,,,,,,,,,,,,,,,,,
2025-07-29,00:15:00,,,,,,,,,,,,,,,,,,,,
2025-07-29,00:20:00,,,,,,,,,,,,,,,,,,,,
2025-07-29,00:25:00,,,,,,,,,,,,,,,,,,,,
2025-07-29,00:30:00,,,,,,,,,,,,,,,,,,,,
2025-07-29,00:35:00,,,,,,,,,,,,,,,,,,,,
2025-07-29,00:40:00,,,,,,,,,,,,,,,,,,,,
2025-07-29,00:45:00,,,,,,,,,,,,,,,,,,,,
2025-07-29,00:50:00,,,,,,,,,,,,,,,,,,,,
2025-07-29,00:55:00,,,,,,,,,,,,,,,,,,,,